fcu_idx,Identifiant reseau,nom_reseau,communes,departement,region,MO,Gestionnaire,reseaux classes,annee_creation,longueur_reseau,nb_pdl,Taux EnR&R,contenu CO2,contenu CO2 ACV,PM,PV%,PF%,PM_L,PM_T,Rend%,Dev_reseau%,production_totale_MWh,prod_MWh_gaz_naturel,prod_MWh_charbon,prod_MWh_fioul_domestique,prod_MWh_fioul_lourd,prod_MWh_GPL,prod_MWh_biomasse_solide,prod_MWh_dechets_internes,prod_MWh_UIOM,prod_MWh_biogaz,prod_MWh_geothermie,prod_MWh_PAC,prod_MWh_solaire_thermique,prod_MWh_autres_ENR,prod_MWh_chaleur_industiel,prod_MWh_autre_chaleur_recuperee,prod_MWh_chaudieres_electriques,prod_MWh_autres,puissance_totale_MW,puissance_MW_gaz_naturel,puissance_MW_charbon,puissance_MW_fioul_domestique,puissance_MW_fioul_lourd,puissance_MW_GPL,puissance_MW_biomasse_solide,puissance_MW_dechets_internes,puissance_MW_UIOM,puissance_MW_biogaz,puissance_MW_geothermie,puissance_MW_PAC,puissance_MW_solaire_thermique,puissance_MW_autres_ENR,puissance_MW_chaleur_industiel,puissance_MW_autre_chaleur_recuperee,puissance_MW_chaudieres_electriques,puissance_MW_autres,livraisons_totale_MWh,livraisons_residentiel_MWh,livraisons_tertiaire_MWh,livraisons_industrie_MWh,livraisons_agriculture_MWh,livraisons_autre_MWh,eau_chaude,eau_surchauffee,vapeur,_has_geometry,boamp_nomacheteur,boamp_titulaire,boamp_date_attribution,boamp_duree_mois,boamp_montant,boamp_statut_match,decp_nomacheteur,decp_datenotification,decp_dureemois,decp_montant,decp_echeance_estimee,decp_statut_match,echeance,confiance,titulaire_connu,source_echeance
0,0102C,Réseau de chaleur d'Hauteville Lompnes,Plateau d'Hauteville,Ain,Auvergne-Rhône-Alpes,Régie des énergies d'Hauteville,HAUT BUGEY ENERGIE,True,2000.0,6.0,30.0,51.1,0.175,0.211,,,,,,59.0,,14151.0,4603.0,0.0,0.0,0.0,0.0,9547.0,0.0,0.0,0.0,0.0,0.0,0.0,0.0,0.0,0.0,0.0,0.0,10.2,6.0,0.0,0.0,0.0,0.0,4.2,0.0,0.0,0.0,0.0,0.0,0.0,0.0,0.0,0.0,0.0,0.0,8354.0,1671.0,6683.0,0.0,0.0,0.0,100,0,0,True,,,,,,,,,,,,,2020-01-01,estimee,,
1,0103C,Oyonnax BioChaleur,"Bellignat,Oyonnax",Ain,Auvergne-Rhône-Alpes,Ville d'Oyonnax,OYONNAX BIOCHALEUR (IDEX),True,1970.0,10.0,111.0,85.7,0.039,0.062,113.03,49.0,51.0,92.84,109.3,82.0,7.0,48551.0,8338.0,0.0,0.0,0.0,0.0,40212.0,0.0,0.0,0.0,0.0,0.0,0.0,0.0,0.0,0.0,0.0,0.0,35.6,24.6,0.0,0.0,0.0,0.0,11.0,0.0,0.0,0.0,0.0,0.0,0.0,0.0,0.0,0.0,0.0,0.0,40002.0,30402.0,9600.0,0.0,0.0,0.0,100,0,0,True,,,,,,,,,,,,,1990-01-01,estimee,,
2,0105C,Réseau de saint-denis-les-bourg,Saint-Denis-lès-Bourg,Ain,Auvergne-Rhône-Alpes,Ville de Saint Denis les Bourgs,DALKIA Centre Est,True,1970.0,2.0,13.0,90.7,0.029,0.057,103.27,48.0,52.0,114.82,147.66,75.0,0.0,1581.0,228.0,0.0,0.0,0.0,0.0,1353.0,0.0,0.0,0.0,0.0,0.0,0.0,0.0,0.0,0.0,0.0,0.0,1.6,0.8,0.0,0.0,0.0,0.0,0.8,0.0,0.0,0.0,0.0,0.0,0.0,0.0,0.0,0.0,0.0,0.0,1183.0,296.0,887.0,0.0,0.0,0.0,100,0,0,True,,,,,,,,,,,,,1990-01-01,estimee,,
3,0106C,Belena,Belley,Ain,Auvergne-Rhône-Alpes,Ville de Belley,DALKIA Centre Est,True,1970.0,6.0,31.0,94.0,0.016,0.041,123.28,50.0,50.0,106.44,128.84,81.0,1.0,14517.0,1015.0,0.0,0.0,0.0,0.0,13502.0,0.0,0.0,0.0,0.0,0.0,0.0,0.0,0.0,0.0,0.0,0.0,13.55,9.0,0.0,0.0,0.0,0.0,4.55,0.0,0.0,0.0,0.0,0.0,0.0,0.0,0.0,0.0,0.0,0.0,11798.0,5309.0,6489.0,0.0,0.0,0.0,100,0,0,True,,,,,,,,,,,,,1990-01-01,estimee,,
4,0107C,Secteur Verger du Moulin,Val-Revermont,Ain,Auvergne-Rhône-Alpes,Commune de VAL-REVERMONT,Commune de VAL-REVERMONT,False,2006.0,,21.0,77.5,0.079,0.111,,0.0,0.0,,,83.0,0.0,654.0,0.0,0.0,301.0,0.0,0.0,353.0,0.0,0.0,0.0,0.0,0.0,0.0,0.0,0.0,0.0,0.0,0.0,0.6,0.0,0.0,0.35,0.0,0.0,0.25,0.0,0.0,0.0,0.0,0.0,0.0,0.0,0.0,0.0,0.0,0.0,544.0,163.0,381.0,0.0,0.0,0.0,100,0,0,True,,,,,,,,,,,,,2026-01-01,estimee,,
5,0108C,Bourg-en-Bresse - La Vinaigrerie,Bourg-en-Bresse,Ain,Auvergne-Rhône-Alpes,Ville de Bourg-En-Bresse,ENGIE SOLUTIONS LYON,False,2015.0,5.9,38.0,80.4,0.057,0.083,,,,,,78.0,0.0,20533.0,3908.0,0.0,0.0,0.0,0.0,16135.0,0.0,0.0,0.0,0.0,0.0,0.0,0.0,0.0,490.0,0.0,0.0,10.8,7.6,0.0,0.0,0.0,0.0,3.2,0.0,0.0,0.0,0.0,0.0,0.0,0.0,0.0,0.0,0.0,0.0,14835.0,4838.0,9998.0,0.0,0.0,0.0,100,0,0,True,,,,,,,,,,,,,2035-01-01,estimee,,
6,0109C,Réseau chauffage DORTAN,Dortan,Ain,Auvergne-Rhône-Alpes,Ville de Dortan,Société ESSAM,False,2009.0,,8.0,78.0,0.093,0.133,,,,,,71.0,0.0,1255.0,0.0,0.0,276.0,0.0,0.0,979.0,0.0,0.0,0.0,0.0,0.0,0.0,0.0,0.0,0.0,0.0,0.0,1.02,0.0,0.0,0.7,0.0,0.0,0.32,0.0,0.0,0.0,0.0,0.0,0.0,0.0,0.0,0.0,0.0,0.0,896.0,556.0,340.0,0.0,0.0,0.0,100,0,0,True,,,,,,,,,,,,,2029-01-01,estimee,,
7,0110C,Réseau de chaleur ASSURC à Bourg-en-Bresse,Bourg-en-Bresse,Ain,Auvergne-Rhône-Alpes,Reyssouze Energie Services,REYSSOUZE ENERGIE SERVICES (ENGIE SOLUTIONS),False,2020.0,13.5,99.0,77.1,0.061,0.086,,,,,,87.0,0.0,35966.0,7991.0,0.0,0.0,0.0,0.0,26692.0,0.0,0.0,0.0,0.0,0.0,0.0,0.0,0.0,1284.0,0.0,0.0,43.4,35.0,0.0,0.0,0.0,0.0,8.4,0.0,0.0,0.0,0.0,0.0,0.0,0.0,0.0,0.0,0.0,0.0,30247.0,24634.0,5613.0,0.0,0.0,0.0,100,0,0,True,,,,,,,,,,,,,2040-01-01,estimee,,
8,0111C,CORMARANCHE,Plateau d'Hauteville,Ain,Auvergne-Rhône-Alpes,Mairie Hauteville,HAUT BUGEY ENERGIE,True,,,13.0,54.3,0.177,0.221,281.78,33.0,67.0,163.11,197.7,58.0,8.0,579.0,0.0,0.0,120.0,0.0,0.0,458.0,0.0,0.0,0.0,0.0,0.0,0.0,0.0,0.0,0.0,0.0,0.0,1.06,0.0,0.0,0.56,0.0,0.0,0.5,0.0,0.0,0.0,0.0,0.0,0.0,0.0,0.0,0.0,0.0,0.0,337.0,0.0,0.0,0.0,0.0,337.0,100,0,0,True,,,,,,,,,,,,,,inconnue,,
9,0201C,Zup du Quartier Europe,"Omissy,Saint-Quentin",Aisne,Hauts-de-France,Ville De Saint Quentin,ENGIE COFELY Agence Picardie (ENGIE SOLUTIONS),True,1965.0,10.0,54.0,63.2,0.069,0.106,,,,,,93.0,0.0,49756.0,17546.0,0.0,0.0,0.0,771.0,31439.0,0.0,0.0,0.0,0.0,0.0,0.0,0.0,0.0,0.0,0.0,0.0,801.5,22.5,0.0,0.0,0.0,771.0,8.0,0.0,0.0,0.0,0.0,0.0,0.0,0.0,0.0,0.0,0.0,0.0,46313.0,29177.0,17136.0,0.0,0.0,0.0,100,0,0,True,,,,,,,,,,,,,1985-01-01,estimee,,
10,0202C,Zup de Presles,Soissons,Aisne,Hauts-de-France,Ville de Soissons,IDEX ENERGIES Boulogne Billancourt,True,1978.0,9.0,66.0,62.3,0.087,0.11,120.19,32.0,68.0,125.69,169.36,92.0,0.0,38313.0,20694.0,0.0,0.0,0.0,0.0,17619.0,0.0,0.0,0.0,0.0,0.0,0.0,0.0,0.0,0.0,0.0,0.0,33.8,18.5,0.0,10.0,0.0,0.0,5.3,0.0,0.0,0.0,0.0,0.0,0.0,0.0,0.0,0.0,0.0,0.0,35353.0,0.0,0.0,0.0,0.0,35353.0,100,0,0,True,,,,,,,,,,,,,1998-01-01,estimee,,
11,0203C,Réseau de Laon,"Barenton-Bugny,Chambry",Aisne,Hauts-de-France,Engie Cofely,ENGIE SOLUTIONS,False,,0.2,,,,,,,,,,0.0,,,,,,,,,,,,,,,,,,,,,,,,,,,,,,,,,,,,,,,,,,,,100,0,0,True,,,,,,,,,,,,,,inconnue,,
12,0204C,Réseau d'Urcel,Urcel,Aisne,Hauts-de-France,USEDA,ENGIE Solutions,True,,1.0,,28.1,0.247,0.286,,,,,,0.0,,,,,,,,,,,,,,,,,,,,,,,,,,,,,,,,,,,,,,,,,,,,100,0,0,True,,,,,,,,,,,,,,inconnue,,
13,0205C,Réseau de Château Thierry,Château-Thierry,Aisne,Hauts-de-France,VILLE CHÂTEAU-THIERRY,Société Valmy Défense 66 (DALKIA),True,2016.0,10.0,42.0,96.4,0.011,0.033,115.42,50.0,50.0,121.16,154.95,84.0,0.0,27578.0,1178.0,0.0,0.0,0.0,0.0,26400.0,0.0,0.0,0.0,0.0,0.0,0.0,0.0,0.0,0.0,0.0,0.0,25.77,17.77,0.0,0.0,0.0,0.0,8.0,0.0,0.0,0.0,0.0,0.0,0.0,0.0,0.0,0.0,0.0,0.0,23226.0,9987.0,13239.0,0.0,0.0,0.0,100,0,0,True,,,,,,,,,,,,,2036-01-01,estimee,,
14,0301C,SDC Moulins CHAMPINS,"Moulins,Yzeure",Allier,Auvergne-Rhône-Alpes,Ville de Moulins,SDC MOULINS (ENGIE SOLUTIONS),True,1969.0,6.5,39.0,73.5,0.045,0.077,85.59,68.0,32.0,112.86,135.85,92.0,2.0,53769.0,14234.0,0.0,0.0,0.0,0.0,39535.0,0.0,0.0,0.0,0.0,0.0,0.0,0.0,0.0,0.0,0.0,0.0,12.2,3.2,0.0,0.0,0.0,0.0,9.0,0.0,0.0,0.0,0.0,0.0,0.0,0.0,0.0,0.0,0.0,0.0,23177.0,14301.0,8876.0,0.0,0.0,0.0,100,0,0,True,Ville de Moulins,,,,,matched_exact,,,,,,,1989-01-01,estimee,,
15,0302C,Quartier Fontbouillant et Bien-Assis,Montluçon,Allier,Auvergne-Rhône-Alpes,Ville de Montluçon,MEVIA (DALKIA),True,1970.0,10.0,39.0,56.4,0.089,0.127,133.24,46.0,54.0,103.73,124.79,85.0,0.0,31956.0,14165.0,0.0,0.0,0.0,0.0,17791.0,0.0,0.0,0.0,0.0,0.0,0.0,0.0,0.0,0.0,0.0,0.0,34.0,27.2,0.0,0.0,0.0,0.0,6.8,0.0,0.0,0.0,0.0,0.0,0.0,0.0,0.0,0.0,0.0,0.0,27240.0,16344.0,10896.0,0.0,0.0,0.0,100,0,0,True,,,,,,,,,,,,,1990-01-01,estimee,,
16,0303C,Réseau de Cerilly,Cérilly,Allier,Auvergne-Rhône-Alpes,Commune de Cérilly,MAIRIE DE CERILLY,False,1986.0,1.0,6.0,100.0,0.0,0.019,,,,,,100.0,0.0,713.0,0.0,0.0,0.0,0.0,0.0,713.0,0.0,0.0,0.0,0.0,0.0,0.0,0.0,0.0,0.0,0.0,0.0,0.4,0.0,0.0,0.0,0.0,0.0,0.4,0.0,0.0,0.0,0.0,0.0,0.0,0.0,0.0,0.0,0.0,0.0,713.0,,,,,,100,0,0,True,,,,,,,,,,,,,2006-01-01,estimee,,
17,0305C,Réseau du Mayet-de-Montagne,Le Mayet-de-Montagne,Allier,Auvergne-Rhône-Alpes,Communauté de Commune de La Montagne Bourbonaise,ENGIE SOLUTIONS Agence Auvergne,True,2011.0,1.5,19.0,98.1,0.025,0.054,168.14,38.0,62.0,138.38,175.26,77.0,0.0,2084.0,0.0,0.0,40.0,0.0,0.0,2044.0,0.0,0.0,0.0,0.0,0.0,0.0,0.0,0.0,0.0,0.0,0.0,2.4,0.0,0.0,1.6,0.0,0.0,0.8,0.0,0.0,0.0,0.0,0.0,0.0,0.0,0.0,0.0,0.0,0.0,1600.0,96.0,1504.0,0.0,0.0,0.0,100,0,0,True,,,,,,,,,,,,,2031-01-01,estimee,,
18,0307C,Réseau de Commentry,Commentry,Allier,Auvergne-Rhône-Alpes,Ville de Commentry,DALKIA Centre Est,True,2017.0,4.0,32.0,89.0,0.029,0.053,146.14,30.0,70.0,138.37,185.62,85.0,0.0,6690.0,734.0,0.0,0.0,0.0,0.0,5956.0,0.0,0.0,0.0,0.0,0.0,0.0,0.0,0.0,0.0,0.0,0.0,7.1,4.96,0.0,0.0,0.0,0.0,2.14,0.0,0.0,0.0,0.0,0.0,0.0,0.0,0.0,0.0,0.0,0.0,5690.0,3186.0,2504.0,0.0,0.0,0.0,100,0,0,True,,,,,,,,,,,,,2037-01-01,estimee,,
19,0401C,Réseau de Manosque Zac Chanteprunier,Manosque,Alpes-de-Haute-Provence,Provence-Alpes-Côte d'Azur,DURANCE LUBERON VERDON AGGLOMERATION,CALO REM (CORIANCE),True,2009.0,2.0,32.0,82.6,0.045,0.07,,,,,,89.0,0.0,12981.0,2256.0,0.0,0.0,0.0,0.0,10726.0,0.0,0.0,0.0,0.0,0.0,0.0,0.0,0.0,0.0,0.0,0.0,13.9,9.4,0.0,0.0,0.0,0.0,4.5,0.0,0.0,0.0,0.0,0.0,0.0,0.0,0.0,0.0,0.0,0.0,11500.0,2685.0,4790.0,0.0,0.0,4025.0,100,0,0,True,,,,,,,,,,,,,2029-01-01,estimee,,
20,0402C,Réseau de la chaufferie La Tomie,Forcalquier,Alpes-de-Haute-Provence,Provence-Alpes-Côte d'Azur,Communauté de communes Pays de Forcalquier-Montagne de Lure,Communauté de communes Pays de Forcalquier-Montagne de Lure,True,2010.0,,,61.7,0.125,0.155,127.29,74.0,26.0,109.26,117.11,92.0,0.0,116.0,10.0,0.0,0.0,0.0,0.0,105.0,0.0,0.0,0.0,0.0,0.0,0.0,0.0,0.0,0.0,0.0,0.0,0.21,0.06,0.0,0.0,0.0,0.0,0.15,0.0,0.0,0.0,0.0,0.0,0.0,0.0,0.0,0.0,0.0,0.0,,,,,,,100,0,0,True,,,,,,,,,,,,,2030-01-01,estimee,,
21,0404C,Réseau communal d'Allos,Allos,Alpes-de-Haute-Provence,Provence-Alpes-Côte d'Azur,Commune d'allos,Commune d'allos,True,2016.0,,13.0,90.7,0.028,0.052,100.09,49.0,51.0,90.85,111.93,95.0,-70.0,409.0,0.0,0.0,39.0,0.0,0.0,370.0,0.0,0.0,0.0,0.0,0.0,0.0,0.0,0.0,0.0,0.0,0.0,0.47,0.0,0.0,0.31,0.0,0.0,0.16,0.0,0.0,0.0,0.0,0.0,0.0,0.0,0.0,0.0,0.0,0.0,390.0,390.0,0.0,0.0,0.0,0.0,100,0,0,True,,,,,,,,,,,,,2036-01-01,estimee,,
22,0406C,Réseau communal de Barcelonnette,Barcelonnette,Alpes-de-Haute-Provence,Provence-Alpes-Côte d'Azur,Commune de Barcelonnette,DALKIA,True,1970.0,3.0,16.0,69.3,0.116,0.159,156.64,45.0,55.0,132.09,162.74,68.0,0.0,4333.0,0.0,0.0,0.0,0.0,1410.0,2923.0,0.0,0.0,0.0,0.0,0.0,0.0,0.0,0.0,0.0,0.0,0.0,5.0,0.0,0.0,0.0,0.0,2.0,1.0,0.0,0.0,0.0,0.0,0.0,2.0,0.0,0.0,0.0,0.0,0.0,2958.0,1982.0,976.0,0.0,0.0,0.0,100,0,0,True,,,,,,,,,,,,,1990-01-01,estimee,,
23,0501C,Réseau de chaleur bois d'Embrun,Embrun,Hautes-Alpes,Provence-Alpes-Côte d'Azur,REGIE BOIS ENERGIE D'EMBRUN,REGIE BOIS ENERGIE D'EMBRUN,True,2007.0,1.0,78.0,94.7,0.019,0.044,118.78,51.0,49.0,95.53,112.73,82.0,2.0,10378.0,0.0,0.0,565.0,0.0,0.0,9813.0,0.0,0.0,0.0,0.0,0.0,0.0,0.0,0.0,0.0,0.0,0.0,10.0,0.0,0.0,5.5,0.0,0.0,4.5,0.0,0.0,0.0,0.0,0.0,0.0,0.0,0.0,0.0,0.0,0.0,8561.0,4965.0,3596.0,0.0,0.0,0.0,100,0,0,True,,,,,,,,,,,,,2027-01-01,estimee,,
24,0505C,Réseau de Veynes,Veynes,Hautes-Alpes,Provence-Alpes-Côte d'Azur,Commune de Veynes,Commune de Veynes,False,2016.0,,3.0,26.1,0.242,0.286,,,,,,97.0,,825.0,0.0,0.0,0.0,0.0,276.0,549.0,0.0,0.0,0.0,0.0,0.0,0.0,0.0,0.0,0.0,0.0,0.0,1.02,0.0,0.0,0.0,0.0,0.62,0.4,0.0,0.0,0.0,0.0,0.0,0.0,0.0,0.0,0.0,0.0,0.0,797.0,239.0,558.0,0.0,0.0,0.0,100,0,0,True,,,,,,,,,,,,,2036-01-01,estimee,,
25,0506C,Réseau de Briançon,Briançon,Hautes-Alpes,Provence-Alpes-Côte d'Azur,Ville de Briançon,BBE (CORIANCE),True,2019.0,7.0,55.0,94.6,0.017,0.041,,,,,,83.0,0.0,24830.0,0.0,0.0,91.0,0.0,2276.0,22463.0,0.0,0.0,0.0,0.0,0.0,0.0,0.0,0.0,0.0,0.0,0.0,31.76,0.0,0.0,7.76,0.0,9.0,6.0,0.0,0.0,0.0,0.0,0.0,9.0,0.0,0.0,0.0,0.0,0.0,20567.0,7174.0,6664.0,0.0,0.0,6729.0,100,0,0,True,,,,,,,,,,,,,2039-01-01,estimee,,
26,0509C,Réseau de chaleur de Guillestre,Guillestre,Hautes-Alpes,Provence-Alpes-Côte d'Azur,Mairie de Guillestre,Mairie de Guillestre,False,2012.0,,13.0,96.8,0.011,0.034,125.28,68.0,32.0,106.67,117.18,88.0,8.0,1458.0,0.0,0.0,46.0,0.0,0.0,1412.0,0.0,0.0,0.0,0.0,0.0,0.0,0.0,0.0,0.0,0.0,0.0,3.0,0.0,0.0,1.9,0.0,0.0,1.1,0.0,0.0,0.0,0.0,0.0,0.0,0.0,0.0,0.0,0.0,0.0,1290.0,155.0,1135.0,0.0,0.0,0.0,,,,True,,,,,,,,,,,,,2032-01-01,estimee,,
27,0511C,Réseau de chaleur de Ristolas,Abriès-Ristolas,Hautes-Alpes,Provence-Alpes-Côte d'Azur,Communauté de communes du Guillestrois et du Queyras,Communauté de communes du Guillestrois et du Queyras,False,,,5.0,100.0,0.0,0.022,128.84,55.0,45.0,124.7,151.42,86.0,0.0,813.0,0.0,0.0,0.0,0.0,0.0,813.0,0.0,0.0,0.0,0.0,0.0,0.0,0.0,0.0,0.0,0.0,0.0,2.2,0.0,0.0,0.0,0.0,0.0,2.2,0.0,0.0,0.0,0.0,0.0,0.0,0.0,0.0,0.0,0.0,0.0,696.0,348.0,348.0,0.0,0.0,0.0,,,,True,,,,,,,,,,,,,,inconnue,,
28,0513C,Réseau de chaleur de Ville-Vieille,Château-Ville-Vieille,Hautes-Alpes,Provence-Alpes-Côte d'Azur,Communauté de Communes du Guillestrois et du Queyras,Communauté de communes du Guillestrois et du Queyras,False,,,5.0,100.0,0.0,0.028,102.57,50.0,50.0,91.97,112.32,62.0,0.0,232.0,0.0,0.0,0.0,0.0,0.0,232.0,0.0,0.0,0.0,0.0,0.0,0.0,0.0,0.0,0.0,0.0,0.0,,,,,,,,,,,,,,,,,,,144.0,0.0,101.0,43.0,0.0,0.0,,,,True,,,,,,,,,,,,,,inconnue,,
29,0514C,Réseau de chaleur d’Arvieux ,Arvieux,Hautes-Alpes,Provence-Alpes-Côte d'Azur,Communauté de Communes du Guillestrois et du Queyras,Communauté de communes du Guillestrois et du Queyras,False,,,8.0,100.0,0.0,0.036,272.26,32.0,68.0,172.67,219.44,47.0,0.0,331.0,0.0,0.0,0.0,0.0,0.0,331.0,0.0,0.0,0.0,0.0,0.0,0.0,0.0,0.0,0.0,0.0,0.0,0.22,0.0,0.0,0.0,0.0,0.0,0.22,0.0,0.0,0.0,0.0,0.0,0.0,0.0,0.0,0.0,0.0,0.0,155.0,31.0,124.0,0.0,0.0,0.0,,,,True,,,,,,,,,,,,,,inconnue,,
30,0602C,Réseau Nice Est,Nice,Alpes-Maritimes,Provence-Alpes-Côte d'Azur,OPAM,Dalkia,False,1970.0,2.5,31.0,0.0,0.206,0.232,,,,,,96.0,0.0,19853.0,19853.0,0.0,0.0,0.0,0.0,0.0,0.0,0.0,0.0,0.0,0.0,0.0,0.0,0.0,0.0,0.0,0.0,24.0,24.0,0.0,0.0,0.0,0.0,0.0,0.0,0.0,0.0,0.0,0.0,0.0,0.0,0.0,0.0,0.0,0.0,19100.0,15280.0,3820.0,0.0,0.0,0.0,100,0,0,True,,,,,,,,,,,,,1990-01-01,estimee,,
31,0603C,Ranguin,Cannes,Alpes-Maritimes,Provence-Alpes-Côte d'Azur,ASL,DALKIA LYON,False,1970.0,2.0,7.0,76.3,0.056,0.079,108.51,71.0,31.0,108.72,125.22,96.0,0.0,7874.0,1867.0,0.0,0.0,0.0,0.0,6007.0,0.0,0.0,0.0,0.0,0.0,0.0,0.0,0.0,0.0,0.0,0.0,6.3,4.1,0.0,0.0,0.0,0.0,2.2,0.0,0.0,0.0,0.0,0.0,0.0,0.0,0.0,0.0,0.0,0.0,7549.0,7323.0,226.0,0.0,0.0,0.0,100,0,0,True,,,,,,,,,,,,,1990-01-01,estimee,,
32,0604C,Réseau communal de Puget Théniers,Puget-Théniers,Alpes-Maritimes,Provence-Alpes-Côte d'Azur,Commune de Puget-Théniers,Commune de Puget-Théniers,True,2008.0,,2.0,75.7,0.072,0.101,110.88,25.0,35.0,132.41,175.48,103.0,0.0,1360.0,0.0,0.0,584.0,0.0,0.0,777.0,0.0,0.0,0.0,0.0,0.0,0.0,0.0,0.0,0.0,0.0,0.0,1.35,0.0,0.0,0.5,0.0,0.0,0.85,0.0,0.0,0.0,0.0,0.0,0.0,0.0,0.0,0.0,0.0,0.0,1400.0,0.0,0.0,0.0,0.0,1400.0,,,,True,,,,,,,,,,,,,2028-01-01,estimee,,
33,0606C,MSE (Meridia Smart Energie) Réseau chaud,Nice,Alpes-Maritimes,Provence-Alpes-Côte d'Azur,Métropole Nice Cote d'Azur,Meridia Smart Energie (IDEX),True,2020.0,4.0,9.0,66.8,0.067,0.033,183.02,61.0,39.0,114.04,136.92,89.0,0.0,2914.0,0.0,0.0,0.0,0.0,0.0,0.0,0.0,0.0,0.0,0.0,2914.0,0.0,0.0,0.0,0.0,0.0,0.0,8.86,0.0,0.0,0.0,0.0,0.0,0.0,0.0,0.0,0.0,0.0,8.86,0.0,0.0,0.0,0.0,0.0,0.0,2595.0,1178.0,1417.0,0.0,0.0,0.0,100,0,0,True,,,,,,,,,,,,,2040-01-01,estimee,,
34,0608C,BET CAP AZUR chaud,Roquebrune-Cap-Martin,Alpes-Maritimes,Provence-Alpes-Côte d'Azur,ASL CAP MARTIN,DALKIA,False,2014.0,1.0,5.0,66.9,0.152,0.071,381.73,33.0,67.0,343.73,453.1,66.0,0.0,1161.0,0.0,0.0,0.0,0.0,0.0,0.0,0.0,0.0,0.0,0.0,767.0,0.0,394.0,0.0,0.0,0.0,0.0,1.09,0.0,0.0,0.0,0.0,0.0,0.0,0.0,0.0,0.0,0.0,0.89,0.0,0.2,0.0,0.0,0.0,0.0,767.0,690.0,77.0,0.0,0.0,0.0,100,0,0,True,,,,,,,,,,,,,2034-01-01,estimee,,
35,0609C,E2N,Nice,Alpes-Maritimes,Provence-Alpes-Côte d'Azur,Ville de Nice,ENERGIE NOUVELLE DE NICE (DALKIA),True,,,104.0,99.1,0.003,0.007,,0.0,0.0,68.42,79.69,72.0,0.0,103213.0,1471.0,0.0,0.0,0.0,0.0,0.0,0.0,101742.0,0.0,0.0,0.0,0.0,0.0,0.0,0.0,0.0,0.0,39.0,11.0,0.0,0.0,0.0,0.0,0.0,0.0,28.0,0.0,0.0,0.0,0.0,0.0,0.0,0.0,0.0,0.0,74752.0,57559.0,0.0,0.0,0.0,17193.0,oui,oui,non,True,,,,,,,,,,,,,,inconnue,,
36,0701C,Réseau d'Aubenas,Aubenas,Ardèche,Auvergne-Rhône-Alpes,Ville d'Aubenas,REVIA SAS (ENGIE SOLUTIONS),False,2010.0,10.0,88.0,95.7,0.012,0.036,,,,,,82.0,0.0,27533.0,963.0,0.0,0.0,0.0,0.0,26339.0,0.0,0.0,0.0,0.0,0.0,0.0,0.0,0.0,231.0,0.0,0.0,22.0,10.0,0.0,0.0,0.0,0.0,8.6,0.0,0.0,0.0,0.0,0.0,0.0,0.0,0.0,3.4,0.0,0.0,22445.0,8529.0,13691.0,224.0,0.0,0.0,100,0,0,True,,,,,,,,,,,,,2030-01-01,estimee,,
37,0702C,réseau du cheylard,Le Cheylard,Ardèche,Auvergne-Rhône-Alpes,Ville du Cheylard,DALKIA Centre Est,True,1970.0,3.0,17.0,94.3,0.026,0.051,157.53,37.0,63.0,133.11,170.59,83.0,-3.0,4570.0,0.0,0.0,259.0,0.0,0.0,4311.0,0.0,0.0,0.0,0.0,0.0,0.0,0.0,0.0,0.0,0.0,0.0,4.8,0.0,0.0,2.8,0.0,0.0,2.0,0.0,0.0,0.0,0.0,0.0,0.0,0.0,0.0,0.0,0.0,0.0,3796.0,1063.0,2733.0,0.0,0.0,0.0,100,0,0,True,,,,,,,,,,,,,1990-01-01,estimee,,
38,0705C,Réseau de chaleur communal de Burzet,Burzet,Ardèche,Auvergne-Rhône-Alpes,Mairie de Burzet,Mairie de Burzet,True,2001.0,1.0,34.0,99.8,0.001,0.033,124.15,61.0,39.0,84.78,89.47,53.0,0.0,1101.0,0.0,0.0,8.0,0.0,0.0,1093.0,0.0,0.0,0.0,0.0,0.0,0.0,0.0,0.0,0.0,0.0,0.0,3.5,0.0,0.0,0.3,0.0,0.0,3.2,0.0,0.0,0.0,0.0,0.0,0.0,0.0,0.0,0.0,0.0,0.0,586.0,293.0,293.0,0.0,0.0,0.0,100,0,0,True,,,,,,,,,,,,,2021-01-01,estimee,,
39,0802C,La Citadelle,"Charleville-Mézières,Villers-Semeuse",Ardennes,Grand Est,Ville de Charleville Mézières,Charleville énergies (DALKIA),False,1970.0,12.0,51.0,41.6,0.144,0.165,84.76,52.0,48.0,95.28,119.18,88.0,0.0,41988.0,14529.0,0.0,0.0,0.0,0.0,2610.0,0.0,0.0,0.0,0.0,0.0,0.0,5813.0,11050.0,7986.0,0.0,0.0,19.5,12.7,0.0,0.0,0.0,0.0,0.8,0.0,0.0,0.0,0.0,0.0,0.0,0.0,4.5,1.5,0.0,0.0,34434.0,11922.0,8516.0,0.0,0.0,13996.0,100,0,0,True,Ville de Charleville Mézières,DALKIA,2017-06-22,300.0,53262103.0,matched_exact,,,,,,,2042-06-22,confirmee_boamp,DALKIA,BOAMP
40,0803C,Zup de Sedan,Sedan,Ardennes,Grand Est,Ville de Sedan,SEDAN ENERGIE (DALKIA),True,1967.0,17.0,186.0,82.2,0.047,0.072,97.41,56.0,44.0,105.04,130.29,80.0,1.0,54030.0,9603.0,0.0,20.0,0.0,0.0,43269.0,0.0,0.0,0.0,0.0,0.0,0.0,0.0,1138.0,0.0,0.0,0.0,31.5,20.0,0.0,2.0,0.0,0.0,8.7,0.0,0.0,0.0,0.0,0.0,0.0,0.0,0.8,0.0,0.0,0.0,43204.0,22898.0,15553.0,0.0,0.0,4752.0,100,0,0,True,,,,,,,,,,,,,1987-01-01,estimee,,
41,0804C,Réseau de chaleur bois de Machault,Machault,Ardennes,Grand Est,Commune de Machault,Commune de Machault,True,2009.0,1.0,13.0,96.2,0.019,0.051,,0.0,0.0,,,60.0,0.0,352.0,0.0,0.0,13.0,0.0,0.0,339.0,0.0,0.0,0.0,0.0,0.0,0.0,0.0,0.0,0.0,0.0,0.0,0.36,0.0,0.0,0.01,0.0,0.0,0.35,0.0,0.0,0.0,0.0,0.0,0.0,0.0,0.0,0.0,0.0,0.0,213.0,51.0,162.0,0.0,0.0,0.0,100,0,0,True,,,,,,,,,,,,,2029-01-01,estimee,,
42,0806C,Ronde couture,Charleville-Mézières,Ardennes,Grand Est,Ville de Charleville Mézières,DALKIA Reims,True,2009.0,10.0,64.0,59.5,0.111,0.138,92.88,56.0,44.0,90.54,107.68,81.0,0.0,45578.0,3898.0,0.0,1152.0,0.0,0.0,22693.0,0.0,0.0,0.0,0.0,0.0,0.0,0.0,0.0,17836.0,0.0,0.0,21.6,9.0,0.0,1.0,0.0,0.0,7.1,0.0,0.0,0.0,0.0,0.0,0.0,0.0,0.0,4.5,0.0,0.0,34029.0,21823.0,12206.0,0.0,0.0,0.0,100,0,0,True,Ville de Charleville Mézières,DALKIA,2017-06-22,300.0,53262103.0,matched_exact,,,,,,,2042-06-22,confirmee_boamp,DALKIA,BOAMP
43,0808C,Réseau de chaleur de Rocroi,Rocroi,Ardennes,Grand Est,VILLE DE ROCROI,IDEX TERRITOIRES,False,2016.0,2.0,30.0,77.4,0.071,0.101,129.06,38.0,62.0,146.2,194.58,80.0,0.0,3361.0,810.0,0.0,0.0,0.0,0.0,2551.0,0.0,0.0,0.0,0.0,0.0,0.0,0.0,0.0,0.0,0.0,0.0,2.85,2.0,0.0,0.0,0.0,0.0,0.85,0.0,0.0,0.0,0.0,0.0,0.0,0.0,0.0,0.0,0.0,0.0,2698.0,459.0,2239.0,0.0,0.0,0.0,100,0,0,True,Commune de Rocroi,,,,,matched_exact,,,,,,,2036-01-01,estimee,,
44,0810C,Réseau de chaleur bois de Poix Terron,Poix-Terron,Ardennes,Grand Est,SIVU Robert Gobez,SIVU Robert Gobez,False,2011.0,,3.0,100.0,0.0,0.025,9.69,0.0,100.0,,,72.0,0.0,153.0,0.0,0.0,0.0,0.0,0.0,153.0,0.0,0.0,0.0,0.0,0.0,0.0,0.0,0.0,0.0,0.0,0.0,0.14,0.0,0.0,0.0,0.0,0.0,0.14,0.0,0.0,0.0,0.0,0.0,0.0,0.0,0.0,0.0,0.0,0.0,111.0,0.0,111.0,0.0,0.0,0.0,100,0,0,True,,,,,,,,,,,,,2031-01-01,estimee,,
45,0817C,Réseau de Chaleur de Revin,Revin,Ardennes,Grand Est,,IDEX ENERGIES Cormontreuil,True,,,10.0,85.1,0.043,0.07,94.16,48.0,52.0,89.13,110.51,80.0,0.0,2194.0,585.0,0.0,0.0,0.0,0.0,1609.0,0.0,0.0,0.0,0.0,0.0,0.0,0.0,0.0,0.0,0.0,0.0,5.0,3.0,0.0,0.0,0.0,0.0,2.0,0.0,0.0,0.0,0.0,0.0,0.0,0.0,0.0,0.0,0.0,0.0,1763.0,88.0,1675.0,0.0,0.0,0.0,100,0,0,True,,,,,,,,,,,,,,inconnue,,
46,1001C,Zup de la Chapelle Saint-Luc,"La Chapelle-Saint-Luc,Les Noës-près-Troyes",Aube,Grand Est,Communauté Agglomération Troyes Champagne Métropole,Communauté agglomération Troyes Champagne Métropole,True,1970.0,5.3,19.0,74.1,0.05,0.064,107.53,24.0,76.0,92.57,120.7,92.0,0.0,32149.0,8312.0,0.0,0.0,0.0,0.0,0.0,0.0,23837.0,0.0,0.0,0.0,0.0,0.0,0.0,0.0,0.0,0.0,34.83,25.83,0.0,0.0,0.0,0.0,0.0,0.0,9.0,0.0,0.0,0.0,0.0,0.0,0.0,0.0,0.0,0.0,29600.0,26048.0,3552.0,0.0,0.0,0.0,18.9,81.1,0,True,,,,,,,,,,,,,1990-01-01,estimee,,
47,1002C,Les Chartreux,"Rosières-près-Troyes,Troyes",Aube,Grand Est,Communauté agglomération Troyes Champagne Métropol,Communauté agglomération Troyes Champagne Métropole,True,1989.0,12.0,52.0,71.2,0.067,0.079,115.65,63.0,37.0,100.91,114.77,87.0,0.0,47600.0,13699.0,0.0,0.0,0.0,0.0,0.0,0.0,0.0,0.0,0.0,0.0,0.0,0.0,33901.0,0.0,0.0,0.0,40.0,32.0,0.0,0.0,0.0,0.0,0.0,0.0,0.0,0.0,0.0,0.0,0.0,0.0,8.0,0.0,0.0,0.0,41561.0,26183.0,13300.0,2078.0,0.0,0.0,100,0,0,True,,,,,,,,,,,,,2009-01-01,estimee,,
48,1101C,Zac Saint Jean et & Saint Pierre,Narbonne,Aude,Occitanie,Ville de Narbonne,SNDC (DALKIA),True,1972.0,3.0,36.0,71.7,0.083,0.112,141.85,40.0,60.0,120.61,151.17,78.0,0.0,11211.0,3178.0,0.0,0.0,0.0,0.0,5891.0,0.0,0.0,0.0,0.0,0.0,2142.0,0.0,0.0,0.0,0.0,0.0,8.9,6.4,0.0,0.0,0.0,0.0,2.5,0.0,0.0,0.0,0.0,0.0,0.0,0.0,0.0,0.0,0.0,0.0,8696.0,7044.0,1652.0,0.0,0.0,0.0,100,0,0,True,,,,,,,,,,,,,1992-01-01,estimee,,
49,1103C,Réseau public bois de Limoux,Limoux,Aude,Occitanie,SYADEN (Syndicat Audois d'Energies et du Numérique),SYADEN (Syndicat Audois d'Energies et du Numérique),True,2022.0,,18.0,100.0,0.0,0.019,,50.0,50.0,,,89.0,0.0,5595.0,0.0,0.0,0.0,0.0,0.0,5595.0,0.0,0.0,0.0,0.0,0.0,0.0,0.0,0.0,0.0,0.0,0.0,1.8,0.0,0.0,0.0,0.0,0.0,1.8,0.0,0.0,0.0,0.0,0.0,0.0,0.0,0.0,0.0,0.0,0.0,4972.0,497.0,4475.0,0.0,0.0,0.0,100,0,0,True,,,,,,,,,,,,,2042-01-01,estimee,,
50,1201C,Réseau de Decazeville,Decazeville,Aveyron,Occitanie,Mairie de Decazeville,ENGIE SOLUTIONS DR OCCITANIE BATIMENT,True,1991.0,2.3,8.0,70.0,0.082,0.109,,,,,,76.0,0.0,8933.0,4104.0,0.0,0.0,0.0,0.0,4700.0,0.0,0.0,0.0,0.0,0.0,0.0,0.0,0.0,129.0,0.0,0.0,11.74,4.86,0.0,0.0,0.0,0.0,2.88,0.0,0.0,0.0,0.0,0.0,0.0,0.0,0.0,4.0,0.0,0.0,6741.0,3977.0,2764.0,0.0,0.0,0.0,100,0,0,True,,,,,,,,,,,,,2011-01-01,estimee,,
51,1206C,RESEAU DE CAPDENAC-GARE,Capdenac-Gare,Aveyron,Occitanie,SYDED du Lot,SYDED du Lot,True,2018.0,2.0,55.0,91.5,0.024,0.048,128.37,75.0,25.0,111.92,119.84,81.0,0.0,1723.0,196.0,0.0,0.0,0.0,0.0,1527.0,0.0,0.0,0.0,0.0,0.0,0.0,0.0,0.0,0.0,0.0,0.0,2.45,1.65,0.0,0.0,0.0,0.0,0.8,0.0,0.0,0.0,0.0,0.0,0.0,0.0,0.0,0.0,0.0,0.0,1393.0,1059.0,334.0,0.0,0.0,0.0,100,0,0,True,,,,,,,,,,,,,2038-01-01,estimee,,
52,1207C,Réseau de Saint Affrique,Saint-Affrique,Aveyron,Occitanie,SEM CAUSSES ENERGIA,DALKIA SUD OUEST,True,1970.0,5.0,38.0,93.7,0.017,0.039,126.36,53.0,47.0,133.51,166.94,86.0,0.0,11965.0,757.0,0.0,0.0,0.0,0.0,11208.0,0.0,0.0,0.0,0.0,0.0,0.0,0.0,0.0,0.0,0.0,0.0,8.0,5.0,0.0,0.0,0.0,0.0,3.0,0.0,0.0,0.0,0.0,0.0,0.0,0.0,0.0,0.0,0.0,0.0,10336.0,3618.0,6718.0,0.0,0.0,0.0,100,0,0,True,,,,,,,,,,,,,1990-01-01,estimee,,
53,1208C,Réseau d'Espalion,Espalion,Aveyron,Occitanie,ENGIE Solutions Languedoc Roussillon,ENGIE Solutions DR OCCITANIE BATIMENT,False,,,4.0,50.0,0.143,0.173,,,,,,78.0,0.0,3678.0,1839.0,0.0,0.0,0.0,0.0,1839.0,0.0,0.0,0.0,0.0,0.0,0.0,0.0,0.0,0.0,0.0,0.0,2.02,1.32,0.0,0.0,0.0,0.0,0.7,0.0,0.0,0.0,0.0,0.0,0.0,0.0,0.0,0.0,0.0,0.0,2862.0,0.0,2862.0,0.0,0.0,0.0,,,,True,,,,,,,,,,,,,,inconnue,,
54,1302C,Réseau Castellane Bricarde,Marseille,Bouches-du-Rhône,Provence-Alpes-Côte d'Azur,ENGIE SOLUTIONS Agence Ouest PROVENCE,ENGIE SOLUTIONS DR PACA,False,2017.0,0.4,2.0,0.0,0.181,0.222,,,,,,100.0,0.0,10929.0,10929.0,0.0,0.0,0.0,0.0,0.0,0.0,0.0,0.0,0.0,0.0,0.0,0.0,0.0,0.0,0.0,0.0,18.3,18.3,0.0,0.0,0.0,0.0,0.0,0.0,0.0,0.0,0.0,0.0,0.0,0.0,0.0,0.0,0.0,0.0,10923.0,10923.0,0.0,0.0,0.0,0.0,100,0,0,True,,,,,,,,,,,,,2037-01-01,estimee,,
55,1303C,Réseau de Salon de Provence,Salon-de-Provence,Bouches-du-Rhône,Provence-Alpes-Côte d'Azur,Ville de Salon-de-Provence,SEV (Salon-de-Provence Energie Verte) (CORIANCE),False,,6.0,27.0,0.0,0.279,0.316,,,,,,85.0,0.0,28315.0,25125.0,0.0,3190.0,0.0,0.0,0.0,0.0,0.0,0.0,0.0,0.0,0.0,0.0,0.0,0.0,0.0,0.0,37.79,29.32,0.0,8.47,0.0,0.0,0.0,0.0,0.0,0.0,0.0,0.0,0.0,0.0,0.0,0.0,0.0,0.0,23965.0,16308.0,2003.0,0.0,0.0,5653.0,100,0,0,True,,,,,,,,,,,,,,inconnue,,
56,1310C,Martigues Energie Verte,Martigues,Bouches-du-Rhône,Provence-Alpes-Côte d'Azur,SEMIVIM,Martigues Energie Verte (ENGIE Solutions),False,1972.0,3.0,19.0,0.0,0.275,0.308,161.28,67.0,33.0,132.58,145.59,83.0,0.0,11385.0,5123.0,0.0,0.0,0.0,0.0,0.0,0.0,0.0,0.0,0.0,0.0,0.0,6262.0,0.0,0.0,0.0,0.0,17.0,17.0,0.0,0.0,0.0,0.0,0.0,0.0,0.0,0.0,0.0,0.0,0.0,0.0,0.0,0.0,0.0,0.0,9446.0,8501.0,945.0,0.0,0.0,0.0,100,0,0,True,,,,,,,,,,,,,1992-01-01,estimee,,
57,1311C,Zac Canto Perdrix,Martigues,Bouches-du-Rhône,Provence-Alpes-Côte d'Azur,Ville de Martigues,CPE (DALKIA),True,1975.0,6.0,24.0,68.8,0.075,0.103,133.53,66.0,34.0,115.8,129.54,84.0,0.0,21097.0,7653.0,0.0,0.0,0.0,0.0,13444.0,0.0,0.0,0.0,0.0,0.0,0.0,0.0,0.0,0.0,0.0,0.0,18.5,14.0,0.0,0.0,0.0,0.0,4.5,0.0,0.0,0.0,0.0,0.0,0.0,0.0,0.0,0.0,0.0,0.0,17824.0,12477.0,5347.0,0.0,0.0,0.0,100,0,0,True,,,,,,,,,,,,,1995-01-01,estimee,,
58,1315C,Centre urbain - Zac des Pins,Vitrolles,Bouches-du-Rhône,Provence-Alpes-Côte d'Azur,Ville de Vitrolles,DALKIA,False,1970.0,,20.0,,,,,,,,,43.0,,21534.0,21534.0,0.0,0.0,0.0,0.0,0.0,0.0,0.0,0.0,0.0,0.0,0.0,0.0,0.0,0.0,0.0,0.0,6.0,6.0,0.0,0.0,0.0,0.0,0.0,0.0,0.0,0.0,0.0,0.0,0.0,0.0,0.0,0.0,0.0,0.0,9314.0,6892.0,2422.0,0.0,0.0,0.0,100,0,0,True,,,,,,,,,,,,,1990-01-01,estimee,,
59,1317C,Aix-en-Provence,Aix-en-Provence,Bouches-du-Rhône,Provence-Alpes-Côte d'Azur,Aix en Provence Energie Environnement,Aix en Provence Energie Environnement (ENGIE SOLUTIONS),False,1970.0,24.1,155.0,42.3,0.142,0.168,95.91,54.0,46.0,84.19,100.39,85.0,0.0,105336.0,82132.0,0.0,0.0,0.0,0.0,12225.0,0.0,0.0,0.0,0.0,0.0,0.0,0.0,0.0,10979.0,0.0,0.0,99.9,78.4,0.0,0.0,0.0,0.0,16.0,0.0,0.0,0.0,0.0,0.0,0.0,0.0,0.0,5.5,0.0,0.0,89570.0,62699.0,26871.0,0.0,0.0,0.0,100,0,0,True,,,,,,,,,,,,,1990-01-01,estimee,,
60,1318C,La Bayanne,Istres,Bouches-du-Rhône,Provence-Alpes-Côte d'Azur,CDC Habitat,IDEX,False,2016.0,3.0,11.0,69.9,0.072,0.095,120.39,51.0,49.0,95.39,112.4,92.0,0.0,3346.0,1008.0,0.0,0.0,0.0,0.0,2338.0,0.0,0.0,0.0,0.0,0.0,0.0,0.0,0.0,0.0,0.0,0.0,3.81,2.8,0.0,0.0,0.0,0.0,1.01,0.0,0.0,0.0,0.0,0.0,0.0,0.0,0.0,0.0,0.0,0.0,3067.0,2791.0,276.0,0.0,0.0,0.0,100,0,0,True,,,,,,,,,,,,,2036-01-01,estimee,,
61,1319C,Réseau de chaleur Thassalia Marseille,Marseille,Bouches-du-Rhône,Provence-Alpes-Côte d'Azur,THASSALIA,THASSALIA (ENGIE SOLUTIONS),False,2015.0,3.7,36.0,80.8,0.043,0.023,105.52,71.0,29.0,75.32,75.33,81.0,2.0,18048.0,61.0,0.0,0.0,0.0,0.0,0.0,0.0,0.0,0.0,0.0,17987.0,0.0,0.0,0.0,0.0,0.0,0.0,17.5,3.5,0.0,0.0,0.0,0.0,0.0,0.0,0.0,0.0,0.0,14.0,0.0,0.0,0.0,0.0,0.0,0.0,14597.0,0.0,0.0,0.0,0.0,14597.0,100,0,0,True,,,,,,,,,,,,,2035-01-01,estimee,,
62,1320C,RCB Coudoux,Coudoux,Bouches-du-Rhône,Provence-Alpes-Côte d'Azur,Commune de Coudoux,ENGIE SOLUTIONS DR RESEAUX SUD EST,True,2014.0,,6.0,53.1,0.132,0.16,,,,,,80.0,0.0,976.0,538.0,0.0,0.0,0.0,0.0,439.0,0.0,0.0,0.0,0.0,0.0,0.0,0.0,0.0,0.0,0.0,0.0,0.81,0.46,0.0,0.0,0.0,0.0,0.35,0.0,0.0,0.0,0.0,0.0,0.0,0.0,0.0,0.0,0.0,0.0,786.0,0.0,0.0,0.0,0.0,786.0,100,0,0,True,,,,,,,,,,,,,2034-01-01,estimee,,
63,1321C,BET Réseau du pôle Yvon Morandat,Gardanne,Bouches-du-Rhône,Provence-Alpes-Côte d'Azur,ENERGIE SOLIDAIRE,ENERGIE SOLIDAIRE,False,2021.0,1.0,13.0,65.7,0.04,0.025,305.7,76.0,24.0,232.2,232.22,100.0,0.0,459.0,0.0,0.0,0.0,0.0,0.0,0.0,0.0,0.0,0.0,159.0,300.0,0.0,0.0,0.0,0.0,0.0,0.0,1.21,0.0,0.0,0.0,0.0,0.0,0.0,0.0,0.0,0.0,0.0,0.64,0.0,0.0,0.0,0.0,0.57,0.0,459.0,0.0,459.0,0.0,0.0,0.0,100,0,0,True,,,,,,,,,,,,,2041-01-01,estimee,,
64,1322C,BET MASSILEO chaud,Marseille,Bouches-du-Rhône,Provence-Alpes-Côte d'Azur,CALORIMER,DALKIA,False,2017.0,2.0,5.0,84.2,0.056,0.047,273.37,25.0,75.0,204.5,272.13,52.0,0.0,4096.0,0.0,0.0,0.0,0.0,0.0,0.0,0.0,0.0,0.0,0.0,4096.0,0.0,0.0,0.0,0.0,0.0,0.0,4.44,0.0,0.0,0.0,0.0,0.0,0.0,0.0,0.0,0.0,0.0,2.94,0.0,1.5,0.0,0.0,0.0,0.0,2136.0,1175.0,961.0,0.0,0.0,0.0,100,0,0,True,,,,,,,,,,,,,2037-01-01,estimee,,
65,1323C,Réseau de chaleur urbain « Terre de Garance »,Aubagne,Bouches-du-Rhône,Provence-Alpes-Côte d'Azur,Ville d’Aubagne,IDEX,False,,,9.0,81.7,0.104,0.152,152.0,42.0,58.0,120.48,148.45,54.0,0.0,2696.0,0.0,0.0,493.0,0.0,0.0,2203.0,0.0,0.0,0.0,0.0,0.0,0.0,0.0,0.0,0.0,0.0,0.0,1.9,0.0,0.0,1.0,0.0,0.0,0.9,0.0,0.0,0.0,0.0,0.0,0.0,0.0,0.0,0.0,0.0,0.0,1442.0,1413.0,29.0,0.0,0.0,0.0,,,,True,,,,,,,,,,,,,,inconnue,,
66,1401C,Réseau de Chaleur Urbain Nord Caen la mer,"Caen,Colombelles,Épron,Hérouville-Saint-Clair",Calvados,Normandie,Communauté Urbaine de Caen la Mer,Energie Verte de Caen la Mer (CORIANCE),True,1963.0,14.5,116.0,88.0,0.034,0.042,,,,,,78.0,0.0,143261.0,20959.0,0.0,142.0,0.0,0.0,83.0,0.0,122077.0,0.0,0.0,0.0,0.0,0.0,0.0,0.0,0.0,0.0,82.45,52.2,0.0,9.0,0.0,0.0,0.25,0.0,21.0,0.0,0.0,0.0,0.0,0.0,0.0,0.0,0.0,0.0,111179.0,57602.0,17666.0,0.0,0.0,35911.0,13.8,86.2,0,True,,,,,,,,,,,,,1983-01-01,estimee,,
67,1402C,Zup de Hauteville,Lisieux,Calvados,Normandie,Ville de Lisieux,LISIEUX ENERGIE (DALKIA),True,1968.0,7.0,77.0,65.8,0.087,0.112,89.87,57.0,43.0,83.35,101.19,86.0,77.0,36983.0,6375.0,0.0,0.0,0.0,0.0,24335.0,0.0,0.0,0.0,0.0,0.0,0.0,0.0,0.0,6273.0,0.0,0.0,31.14,18.3,0.0,0.0,0.0,0.0,10.0,0.0,0.0,0.0,0.0,0.0,0.0,0.0,0.0,2.84,0.0,0.0,31636.0,13920.0,17716.0,0.0,0.0,0.0,100,0,0,True,,,,,,,,,,,,,1988-01-01,estimee,,
68,1403C,Zac de Falaise,Falaise,Calvados,Normandie,Ville de Falaise,FALAISE ENERGIE (DALKIA),True,1970.0,10.0,59.0,51.9,0.12,0.147,108.9,44.0,56.0,95.55,120.62,83.0,1.0,20026.0,364.0,0.0,9.0,0.0,0.0,10391.0,0.0,0.0,0.0,0.0,0.0,0.0,0.0,0.0,9262.0,0.0,0.0,15.53,6.09,0.0,0.62,0.0,0.0,6.0,0.0,0.0,0.0,0.0,0.0,0.0,0.0,0.0,2.82,0.0,0.0,16595.0,5974.0,10621.0,0.0,0.0,0.0,100,0,0,True,,,,,,,,,,,,,1990-01-01,estimee,,
69,1405C,Réseau de Bois I,Bayeux,Calvados,Normandie,Calvados HABITAT1,DALKIA,False,1970.0,2.0,10.0,83.9,0.044,0.074,107.26,65.0,35.0,95.41,111.81,94.0,0.0,5085.0,74.0,0.0,0.0,0.0,0.0,0.0,0.0,0.0,0.0,0.0,0.0,0.0,0.0,0.0,5011.0,0.0,0.0,5.55,5.55,0.0,0.0,0.0,0.0,0.0,0.0,0.0,0.0,0.0,0.0,0.0,0.0,0.0,0.0,0.0,0.0,4780.0,2486.0,2294.0,0.0,0.0,0.0,100,0,0,True,,,,,,,,,,,,,1990-01-01,estimee,,
70,1406C,Réseau bois Vallée des près  (Bayeux 2),Bayeux,Calvados,Normandie,Ville de Bayeux,BAYEUX ENERGIE (DALKIA),True,1970.0,3.0,16.0,85.2,0.039,0.063,112.46,64.0,36.0,96.6,114.81,87.0,12.0,15376.0,2283.0,0.0,0.0,0.0,0.0,13093.0,0.0,0.0,0.0,0.0,0.0,0.0,0.0,0.0,0.0,0.0,0.0,10.55,7.55,0.0,0.0,0.0,0.0,3.0,0.0,0.0,0.0,0.0,0.0,0.0,0.0,0.0,0.0,0.0,0.0,8366.0,3585.0,4781.0,0.0,0.0,0.0,100,0,0,True,,,,,,,,,,,,,1990-01-01,estimee,,
71,1409C,RCU d'Aunay-sur-Odon,Les Monts d'Aunay,Calvados,Normandie,Ville d'Aunay-sur-Odon,VIRIA,True,2012.0,2.0,13.0,92.2,0.029,0.06,138.71,44.0,56.0,,,60.0,-21.0,3106.0,244.0,0.0,0.0,0.0,0.0,2863.0,0.0,0.0,0.0,0.0,0.0,0.0,0.0,0.0,0.0,0.0,0.0,2.66,1.86,0.0,0.0,0.0,0.0,0.8,0.0,0.0,0.0,0.0,0.0,0.0,0.0,0.0,0.0,0.0,0.0,1867.0,13.0,1854.0,0.0,0.0,0.0,100,0,0,True,,,,,,,,,,,,,2032-01-01,estimee,,
72,1410C,RCU de Vire,Vire Normandie,Calvados,Normandie,Ville de Vire,VIRIA,True,2006.0,2.0,12.0,77.8,0.069,0.095,135.63,43.0,57.0,,,83.0,-24.0,7369.0,2295.0,0.0,0.0,0.0,0.0,5074.0,0.0,0.0,0.0,0.0,0.0,0.0,0.0,0.0,0.0,0.0,0.0,8.8,6.4,0.0,0.0,0.0,0.0,2.4,0.0,0.0,0.0,0.0,0.0,0.0,0.0,0.0,0.0,0.0,0.0,6111.0,3465.0,2646.0,0.0,0.0,0.0,100,0,0,True,,,,,,,,,,,,,2026-01-01,estimee,,
73,1412C,Réseau de chaleur - chaufferie bois,Blainville-sur-Orne,Calvados,Normandie,CDC HABITAT SOCIAL,VIRIA,False,2014.0,,7.0,65.0,0.101,0.129,,,,,,85.0,0.0,1247.0,512.0,0.0,0.0,0.0,0.0,734.0,0.0,0.0,0.0,0.0,0.0,0.0,0.0,0.0,0.0,0.0,0.0,1.1,0.78,0.0,0.0,0.0,0.0,0.32,0.0,0.0,0.0,0.0,0.0,0.0,0.0,0.0,0.0,0.0,0.0,1057.0,1057.0,0.0,0.0,0.0,0.0,100,0,0,True,,,,,,,,,,,,,2034-01-01,estimee,,
74,1413C,Réseau de chaleur Caen Sud,"Caen,Fleury-sur-Orne,Ifs",Calvados,Normandie,SAS RESEAU DE CHALEUR URBAIN CAEN SUD,SAS RESEAU DE CHALEUR URBAIN CAEN SUD (DALKIA),True,2017.0,12.0,108.0,75.7,0.064,0.09,120.46,51.0,49.0,97.04,115.25,86.0,7.0,45761.0,10590.0,0.0,0.0,0.0,0.0,34630.0,0.0,0.0,0.0,0.0,0.0,0.0,0.0,0.0,541.0,0.0,0.0,30.65,16.61,0.0,0.0,0.0,0.0,10.0,0.0,0.0,0.0,0.0,0.0,0.0,0.0,0.0,4.04,0.0,0.0,39280.0,29067.0,10213.0,0.0,0.0,0.0,100,0,0,True,,,,,,,,,,,,,2037-01-01,estimee,,
75,1414C,Serres ABC14,Colombelles,Calvados,Normandie,SIRAC_SUEZ,SIRAC_SUEZ,False,2021.0,,1.0,100.0,0.0,0.004,,,,,,100.0,0.0,11976.0,0.0,0.0,0.0,0.0,0.0,0.0,11976.0,0.0,0.0,0.0,0.0,0.0,0.0,0.0,0.0,0.0,0.0,9.0,0.0,0.0,0.0,0.0,0.0,0.0,9.0,0.0,0.0,0.0,0.0,0.0,0.0,0.0,0.0,0.0,0.0,11975.0,0.0,0.0,0.0,11975.0,0.0,,,,True,,,,,,,,,,,,,2041-01-01,estimee,,
76,1501C,Centre hospitalier Henri Mondor - Aurillac,Aurillac,Cantal,Auvergne-Rhône-Alpes,Christine WILHELM,Christine WILHELM,False,2010.0,,28.0,98.3,0.004,0.027,98.95,43.0,57.0,53.92,63.31,82.0,0.0,13518.0,242.0,0.0,0.0,0.0,0.0,13276.0,0.0,0.0,0.0,0.0,0.0,0.0,0.0,0.0,0.0,0.0,0.0,11.0,7.0,0.0,0.0,0.0,0.0,4.0,0.0,0.0,0.0,0.0,0.0,0.0,0.0,0.0,0.0,0.0,0.0,10388.0,0.0,10388.0,0.0,0.0,0.0,100,0,0,True,,,,,,,,,,,,,2030-01-01,estimee,,
77,1502C,Réseau de chaleur bois du Crozatier,Saint-Georges,Cantal,Auvergne-Rhône-Alpes,Saint-Flour Communauté,SAINT FLOUR COMMUNAUTE,False,2007.0,3.0,35.0,97.0,0.016,0.05,133.84,58.0,42.0,104.46,118.03,56.0,4.0,2338.0,0.0,0.0,164.0,0.0,0.0,2174.0,0.0,0.0,0.0,0.0,0.0,0.0,0.0,0.0,0.0,0.0,0.0,2.0,0.0,0.0,0.8,0.0,0.0,1.2,0.0,0.0,0.0,0.0,0.0,0.0,0.0,0.0,0.0,0.0,0.0,1318.0,158.0,1160.0,0.0,0.0,0.0,100,0,0,True,,,,,,,,,,,,,2027-01-01,estimee,,
78,1503C,Réseau de chaleur bois du Volzac,Saint-Flour,Cantal,Auvergne-Rhône-Alpes,Saint Flour Communauté,SAINT FLOUR COMMUNAUTE,False,2013.0,1.0,3.0,98.2,0.006,0.029,120.73,62.0,38.0,111.33,129.47,93.0,0.0,2429.0,0.0,0.0,61.0,0.0,0.0,2368.0,0.0,0.0,0.0,0.0,0.0,0.0,0.0,0.0,0.0,0.0,0.0,3.0,0.0,0.0,1.5,0.0,0.0,1.5,0.0,0.0,0.0,0.0,0.0,0.0,0.0,0.0,0.0,0.0,0.0,2252.0,0.0,2252.0,0.0,0.0,0.0,100,0,0,True,,,,,,,,,,,,,2033-01-01,estimee,,
79,1504C,Réseau de Riom-Es-Montagnes,Riom-ès-Montagnes,Cantal,Auvergne-Rhône-Alpes,Ville de Riom es Montagnes,ENGIE SOLUTIONS Agence Auvergne,True,2012.0,2.5,22.0,98.5,0.006,0.031,142.65,44.0,56.0,144.14,184.93,79.0,0.0,4632.0,0.0,0.0,69.0,0.0,0.0,4563.0,0.0,0.0,0.0,0.0,0.0,0.0,0.0,0.0,0.0,0.0,0.0,3.6,0.0,0.0,2.5,0.0,0.0,1.1,0.0,0.0,0.0,0.0,0.0,0.0,0.0,0.0,0.0,0.0,0.0,3661.0,183.0,3478.0,0.0,0.0,0.0,100,0,0,True,,,,,,,,,,,,,2032-01-01,estimee,,
80,1507C,Réseau Chaleur Bois de Murat,Murat,Cantal,Auvergne-Rhône-Alpes,Hautes Terres Communauté,Hautes Terres Communauté,True,2007.0,1.0,6.0,99.4,0.002,0.026,116.5,44.0,56.0,94.38,116.13,88.0,0.0,3019.0,0.0,0.0,17.0,0.0,0.0,3002.0,0.0,0.0,0.0,0.0,0.0,0.0,0.0,0.0,0.0,0.0,0.0,3.0,0.0,0.0,1.5,0.0,0.0,1.5,0.0,0.0,0.0,0.0,0.0,0.0,0.0,0.0,0.0,0.0,0.0,2648.0,371.0,2277.0,0.0,0.0,0.0,100,0,0,True,,,,,,,,,,,,,2027-01-01,estimee,,
81,1511C,Réseau de chaleur d'Aurillac,Aurillac,Cantal,Auvergne-Rhône-Alpes,Ville de Aurillac,AURILLAC CHALEUR BOIS (ENGIE SOLUTIONS),False,2020.0,22.4,181.0,90.5,0.026,0.048,99.77,50.0,50.0,82.99,99.77,83.0,17.0,58877.0,5583.0,0.0,0.0,0.0,0.0,53294.0,0.0,0.0,0.0,0.0,0.0,0.0,0.0,0.0,0.0,0.0,0.0,32.0,22.0,0.0,0.0,0.0,0.0,10.0,0.0,0.0,0.0,0.0,0.0,0.0,0.0,0.0,0.0,0.0,0.0,48801.0,26899.0,19677.0,2225.0,0.0,0.0,100,0,0,True,,,,,,,,,,,,,2040-01-01,estimee,,
82,1512C,Réseau de chaleur de Besserette,Saint-Flour,Cantal,Auvergne-Rhône-Alpes,SAINT FLOUR COMMUNAUTE,SAINT FLOUR COMMUNAUTE,False,2020.0,3.0,15.0,99.2,0.003,0.025,98.63,56.0,44.0,83.55,98.27,85.0,0.0,7612.0,0.0,0.0,59.0,0.0,0.0,7553.0,0.0,0.0,0.0,0.0,0.0,0.0,0.0,0.0,0.0,0.0,0.0,5.2,0.0,0.0,3.0,0.0,0.0,2.2,0.0,0.0,0.0,0.0,0.0,0.0,0.0,0.0,0.0,0.0,0.0,6484.0,584.0,5900.0,0.0,0.0,0.0,100,0,0,True,,,,,,,,,,,,,2040-01-01,estimee,,
83,1513C,Réseau chaleur bois de Vic sur Cère,Vic-sur-Cère,Cantal,Auvergne-Rhône-Alpes,Communauté de communes Cère et Goul en Carladès,Communauté de communes Cère et Goul en Carladès,False,2017.0,,48.0,100.0,0.0,0.021,,,,,,89.0,0.0,6512.0,0.0,0.0,0.0,0.0,0.0,6512.0,0.0,0.0,0.0,0.0,0.0,0.0,0.0,0.0,0.0,0.0,0.0,2.3,0.0,0.0,0.0,0.0,0.0,2.3,0.0,0.0,0.0,0.0,0.0,0.0,0.0,0.0,0.0,0.0,0.0,5791.0,1176.0,2403.0,2212.0,0.0,0.0,,,,True,,,,,,,,,,,,,2037-01-01,estimee,,
84,1601C,Réseau de Saint-Bonnet,Saint-Bonnet,Charente,Nouvelle-Aquitaine,MAIRIE DE SAINT-BONNET,MAIRIE DE SAINT-BONNET,False,2002.0,,18.0,100.0,0.0,0.053,214.65,57.0,43.0,156.73,173.45,31.0,0.0,456.0,0.0,0.0,0.0,0.0,0.0,456.0,0.0,0.0,0.0,0.0,0.0,0.0,0.0,0.0,0.0,0.0,0.0,0.29,0.0,0.0,0.0,0.0,0.0,0.29,0.0,0.0,0.0,0.0,0.0,0.0,0.0,0.0,0.0,0.0,0.0,140.0,140.0,0.0,0.0,0.0,0.0,100,0,0,True,,,,,,,,,,,,,2022-01-01,estimee,,
85,1604C,Réseau de Champagne-Mouton,Champagne-Mouton,Charente,Nouvelle-Aquitaine,Commune de Champagne Mouton,Commune de Champagne Mouton,False,2002.0,,6.0,100.0,0.0,0.024,,,,,,76.0,0.0,531.0,0.0,0.0,0.0,0.0,0.0,531.0,0.0,0.0,0.0,0.0,0.0,0.0,0.0,0.0,0.0,0.0,0.0,0.45,0.0,0.0,0.0,0.0,0.0,0.45,0.0,0.0,0.0,0.0,0.0,0.0,0.0,0.0,0.0,0.0,0.0,401.0,0.0,401.0,0.0,0.0,0.0,100,0,0,True,,,,,,,,,,,,,2022-01-01,estimee,,
86,1605C,"Réseau ""Champ de manœuvre""",Soyaux,Charente,Nouvelle-Aquitaine,LOGELIA,LOGELIA,False,1961.0,3.0,57.0,0.0,0.196,0.225,111.6,86.0,14.0,86.53,96.09,115.0,0.0,12035.0,12035.0,0.0,0.0,0.0,0.0,0.0,0.0,0.0,0.0,0.0,0.0,0.0,0.0,0.0,0.0,0.0,0.0,2.75,2.75,0.0,0.0,0.0,0.0,0.0,0.0,0.0,0.0,0.0,0.0,0.0,0.0,0.0,0.0,0.0,0.0,13878.0,13184.0,694.0,0.0,0.0,0.0,100,0,0,True,,,,,,,,,,,,,1981-01-01,estimee,,
87,1606C,Chaufferie bois,Montembœuf,Charente,Nouvelle-Aquitaine,Chaufferie Bois de Montemboeuf,Mairie de Montemboeuf,False,2001.0,,7.0,100.0,0.0,0.025,166.63,100.0,0.0,166.63,166.63,71.0,0.0,817.0,0.0,0.0,0.0,0.0,0.0,817.0,0.0,0.0,0.0,0.0,0.0,0.0,0.0,0.0,0.0,0.0,0.0,0.5,0.0,0.0,0.0,0.0,0.0,0.5,0.0,0.0,0.0,0.0,0.0,0.0,0.0,0.0,0.0,0.0,0.0,582.0,15.0,567.0,0.0,0.0,0.0,100,0,0,True,,,,,,,,,,,,,2021-01-01,estimee,,
88,1608C,Réseau de chaleur de Basseau,Angoulême,Charente,Nouvelle-Aquitaine,LOGELIA,LOGELIA (DALKIA),False,2015.0,1.0,12.0,31.9,0.164,0.192,135.9,53.0,47.0,54.26,56.02,84.0,0.0,2108.0,1475.0,0.0,0.0,0.0,0.0,633.0,0.0,0.0,0.0,0.0,0.0,0.0,0.0,0.0,0.0,0.0,0.0,1.73,0.9,0.0,0.0,0.0,0.0,0.83,0.0,0.0,0.0,0.0,0.0,0.0,0.0,0.0,0.0,0.0,0.0,1770.0,1682.0,88.0,0.0,0.0,0.0,100,0,0,True,,,,,,,,,,,,,2035-01-01,estimee,,
89,1610C,Réseau des Vauzelles,"Châteaubernard,Cognac",Charente,Nouvelle-Aquitaine,"Grand Cognac, Communauté D'Agglomération",ENGIE SOLUTIONS Agence Atlantique Limousin,True,2017.0,2.0,10.0,95.9,0.01,0.03,,,,,,89.0,0.0,5954.0,244.0,0.0,0.0,0.0,0.0,5710.0,0.0,0.0,0.0,0.0,0.0,0.0,0.0,0.0,0.0,0.0,0.0,5.6,4.0,0.0,0.0,0.0,0.0,1.6,0.0,0.0,0.0,0.0,0.0,0.0,0.0,0.0,0.0,0.0,0.0,5276.0,1741.0,3535.0,0.0,0.0,0.0,100,0,0,True,,,,,,,,,,,,,2037-01-01,estimee,,
90,1611C,15 boulevard Jean Moulin,Angoulême,Charente,Nouvelle-Aquitaine,Département de la Charente,Département de la Charente,False,2015.0,,5.0,16.7,0.313,0.355,,,,,,60.0,156.0,823.0,685.0,0.0,0.0,0.0,0.0,138.0,0.0,0.0,0.0,0.0,0.0,0.0,0.0,0.0,0.0,0.0,0.0,0.64,0.44,0.0,0.0,0.0,0.0,0.2,0.0,0.0,0.0,0.0,0.0,0.0,0.0,0.0,0.0,0.0,0.0,498.0,0.0,498.0,0.0,0.0,0.0,100,0,0,True,,,,,,,,,,,,,2035-01-01,estimee,,
91,1612C,Domaine de La Combe,Saint-Yrieix-sur-Charente,Charente,Nouvelle-Aquitaine,Département de la Charente,Département de la Charente,False,2007.0,1.0,5.0,63.1,0.112,0.141,,,,,,58.0,0.0,410.0,164.0,0.0,0.0,0.0,0.0,246.0,0.0,0.0,0.0,0.0,0.0,0.0,0.0,0.0,0.0,0.0,0.0,0.42,0.2,0.0,0.0,0.0,0.0,0.22,0.0,0.0,0.0,0.0,0.0,0.0,0.0,0.0,0.0,0.0,0.0,238.0,0.0,238.0,0.0,0.0,0.0,100,0,0,True,,,,,,,,,,,,,2027-01-01,estimee,,
92,1613C,Chaufferie bois le lindois,Le Lindois,Charente,Nouvelle-Aquitaine,Commune de le Lindois,Commune de le Lindois,False,2004.0,,5.0,100.0,0.0,0.03,24.06,100.0,0.0,24.06,24.06,73.0,0.0,133.0,0.0,0.0,0.0,0.0,0.0,133.0,0.0,0.0,0.0,0.0,0.0,0.0,0.0,0.0,0.0,0.0,0.0,0.15,0.0,0.0,0.0,0.0,0.0,0.15,0.0,0.0,0.0,0.0,0.0,0.0,0.0,0.0,0.0,0.0,0.0,96.0,20.0,76.0,0.0,0.0,0.0,100,0,0,True,,,,,,,,,,,,,2024-01-01,estimee,,
93,1701C,Villeneuve les Salines,La Rochelle,Charente-Maritime,Nouvelle-Aquitaine,Ville de La Rochelle,SALINES ENERGIES SERVICES (ENGIE SOLUTIONS),True,1969.0,7.8,42.0,73.5,0.049,0.084,,,,,,91.0,0.0,26029.0,7150.0,0.0,4.0,0.0,0.0,18875.0,0.0,0.0,0.0,0.0,0.0,0.0,0.0,0.0,0.0,0.0,0.0,23.3,7.8,0.0,7.8,0.0,0.0,7.7,0.0,0.0,0.0,0.0,0.0,0.0,0.0,0.0,0.0,0.0,0.0,23708.0,11617.0,12091.0,0.0,0.0,0.0,100,0,0,True,,,,,,,,,,,,,1989-01-01,estimee,,
94,1702C,Réseau de Jonzac,"Jonzac,Saint-Martial-de-Vitaterne",Charente-Maritime,Nouvelle-Aquitaine,Ville de Jonzac,Dalkia,True,1980.0,23.0,441.0,59.1,0.154,0.194,149.81,43.0,57.0,164.74,212.28,58.0,3.0,32551.0,0.0,0.0,509.0,3130.0,0.0,28912.0,0.0,0.0,0.0,0.0,0.0,0.0,0.0,0.0,0.0,0.0,0.0,22.6,0.0,0.0,6.0,7.7,0.0,8.9,0.0,0.0,0.0,0.0,0.0,0.0,0.0,0.0,0.0,0.0,0.0,18957.0,2844.0,16113.0,0.0,0.0,0.0,100,0,0,True,,,,,,,,,,,,,2000-01-01,estimee,,
95,1703C,Réseau de Aytre,Aytré,Charente-Maritime,Nouvelle-Aquitaine,Habitat 17,DALKIA La rochelle,False,1970.0,1.0,7.0,83.5,0.041,0.064,86.54,69.0,31.0,82.83,95.72,93.0,0.0,1871.0,435.0,0.0,0.0,0.0,0.0,1436.0,0.0,0.0,0.0,0.0,0.0,0.0,0.0,0.0,0.0,0.0,0.0,2.0,1.0,0.0,0.0,0.0,0.0,1.0,0.0,0.0,0.0,0.0,0.0,0.0,0.0,0.0,0.0,0.0,0.0,1734.0,1734.0,0.0,0.0,0.0,0.0,100,0,0,True,,,,,,,,,,,,,1990-01-01,estimee,,
96,1704C,Port Neuf Mireuil Energie,La Rochelle,Charente-Maritime,Nouvelle-Aquitaine,Communauté d'Agglomération de La Rochelle,PNME (DALKIA),True,2011.0,13.0,106.0,96.3,0.014,0.02,93.47,36.0,64.0,83.57,107.38,86.0,0.0,35307.0,1324.0,0.0,0.0,0.0,0.0,0.0,0.0,33983.0,0.0,0.0,0.0,0.0,0.0,0.0,0.0,0.0,0.0,40.0,25.0,0.0,0.0,0.0,0.0,0.0,0.0,15.0,0.0,0.0,0.0,0.0,0.0,0.0,0.0,0.0,0.0,30350.0,24584.0,5766.0,0.0,0.0,0.0,100,0,0,True,,,,,,,,,,,,,2031-01-01,estimee,,
97,1705C,Réseau de Chaleur urbain de Pons,Pons,Charente-Maritime,Nouvelle-Aquitaine,Ville de Pons,DALKIA La rochelle,True,2009.0,2.0,14.0,84.3,0.048,0.076,194.27,38.0,62.0,123.39,155.53,79.0,0.0,4126.0,693.0,0.0,0.0,0.0,0.0,2704.0,0.0,0.0,0.0,0.0,0.0,729.0,0.0,0.0,0.0,0.0,0.0,7.3,4.8,0.0,0.0,0.0,0.0,2.5,0.0,0.0,0.0,0.0,0.0,0.0,0.0,0.0,0.0,0.0,0.0,3275.0,426.0,2849.0,0.0,0.0,0.0,100,0,0,True,,,,,,,,,,,,,2029-01-01,estimee,,
98,1707C,Réseau de la chaufferie bois,Gémozac,Charente-Maritime,Nouvelle-Aquitaine,Gémozac,Gémozac,False,2011.0,,8.0,83.4,0.067,0.097,159.44,40.0,60.0,103.88,123.59,58.0,0.0,1064.0,120.0,0.0,173.0,0.0,0.0,771.0,0.0,0.0,0.0,0.0,0.0,0.0,0.0,0.0,0.0,0.0,0.0,2.5,0.68,0.0,1.02,0.0,0.0,0.8,0.0,0.0,0.0,0.0,0.0,0.0,0.0,0.0,0.0,0.0,0.0,622.0,124.0,0.0,0.0,0.0,498.0,100,0,0,True,,,,,,,,,,,,,2031-01-01,estimee,,
99,1709C,Réseau des Fourriers,Rochefort,Charente-Maritime,Nouvelle-Aquitaine,Communauté d'agglomération Rochefort Océan,Commune de Rochefort,False,,,14.0,96.6,0.011,0.038,215.6,41.0,59.0,140.9,167.49,69.0,0.0,1704.0,58.0,0.0,0.0,0.0,0.0,1646.0,0.0,0.0,0.0,0.0,0.0,0.0,0.0,0.0,0.0,0.0,0.0,1.99,0.59,0.0,0.0,0.0,0.0,1.4,0.0,0.0,0.0,0.0,0.0,0.0,0.0,0.0,0.0,0.0,0.0,1174.0,0.0,521.0,0.0,653.0,0.0,,,,True,,,,,,,,,,,,,,inconnue,,
100,1801C,Chancellerie Gibjoncs - Zup de Bourges,"Bourges,Saint-Doulchard",Cher,Centre-Val de Loire,Ville de Bourges,BBES (ENGIE SOLUTIONS),True,1968.0,18.6,109.0,95.2,0.013,0.036,98.12,47.0,53.0,84.47,105.27,84.0,0.0,80853.0,3892.0,0.0,0.0,0.0,0.0,76961.0,0.0,0.0,0.0,0.0,0.0,0.0,0.0,0.0,0.0,0.0,0.0,53.5,32.0,0.0,0.0,0.0,0.0,21.5,0.0,0.0,0.0,0.0,0.0,0.0,0.0,0.0,0.0,0.0,0.0,68116.0,38145.0,29971.0,0.0,0.0,0.0,100,0,0,True,,,,,,,,,,,,,1988-01-01,estimee,,
101,1803C,Clos du Roy / Tunnel Chateau,Vierzon,Cher,Centre-Val de Loire,SA HLM France Loire,ENGIE SOLUTIONS,False,1969.0,5.0,21.0,0.0,0.462,0.521,,,,,,83.0,0.0,4094.0,4094.0,0.0,0.0,0.0,0.0,0.0,0.0,0.0,0.0,0.0,0.0,0.0,0.0,0.0,0.0,0.0,0.0,2.85,2.85,0.0,0.0,0.0,0.0,0.0,0.0,0.0,0.0,0.0,0.0,0.0,0.0,0.0,0.0,0.0,0.0,3381.0,2367.0,1014.0,0.0,0.0,0.0,100,0,0,True,,,,,,,,,,,,,1989-01-01,estimee,,
102,1901C,Unité de Valorisation Énergétique – Blédina,Saint-Pantaléon-de-Larche,Corrèze,Nouvelle-Aquitaine,Correze Energies Valorisation,Corrèze Energies Valorisation,False,,,3.0,100.0,0.0,0.004,18.11,100.0,0.0,18.11,18.11,87.0,0.0,67244.0,0.0,0.0,0.0,0.0,0.0,0.0,67244.0,0.0,0.0,0.0,0.0,0.0,0.0,0.0,0.0,0.0,0.0,24.0,0.0,0.0,0.0,0.0,0.0,0.0,24.0,0.0,0.0,0.0,0.0,0.0,0.0,0.0,0.0,0.0,0.0,58246.0,0.0,22658.0,34889.0,699.0,0.0,,,,True,,,,,,,,,,,,,,inconnue,,
103,1902C,Egletons Bois Energie,Égletons,Corrèze,Nouvelle-Aquitaine,Ville d'Egletons,EBENE (IDEX),True,1970.0,7.0,44.0,90.1,0.03,0.044,96.47,40.0,60.0,134.21,181.9,77.0,8.0,23370.0,4795.0,0.0,81.0,0.0,0.0,7973.0,0.0,10521.0,0.0,0.0,0.0,0.0,0.0,0.0,0.0,0.0,0.0,14.7,3.0,0.0,7.0,0.0,0.0,3.2,0.0,1.5,0.0,0.0,0.0,0.0,0.0,0.0,0.0,0.0,0.0,17910.0,2866.0,8418.0,6627.0,0.0,0.0,100,0,0,True,,,,,,,,,,,,,1990-01-01,estimee,,
104,1903C,Réseau de Sornac,Sornac,Corrèze,Nouvelle-Aquitaine,Biomasse Atlantique Investissement,DALKIA TOURS,False,2012.0,,6.0,83.2,0.065,0.098,184.76,40.0,60.0,166.37,218.07,85.0,0.0,3025.0,0.0,0.0,763.0,0.0,0.0,2262.0,0.0,0.0,0.0,0.0,0.0,0.0,0.0,0.0,0.0,0.0,0.0,2.7,0.0,0.0,1.7,0.0,0.0,1.0,0.0,0.0,0.0,0.0,0.0,0.0,0.0,0.0,0.0,0.0,0.0,2581.0,2504.0,77.0,0.0,0.0,0.0,100,0,0,True,,,,,,,,,,,,,2032-01-01,estimee,,
105,1906C,ENGIE Solutions Agence Atlantique Limousin,Eyrein,Corrèze,Nouvelle-Aquitaine,ENGIE Solutions Agence Atlantique Limousin,ENGIE SOLUTIONS Agence Atlantique Limousin,False,2006.0,0.4,2.0,0.0,0.253,0.284,,,,,,90.0,0.0,333.0,333.0,0.0,0.0,0.0,0.0,0.0,0.0,0.0,0.0,0.0,0.0,0.0,0.0,0.0,0.0,0.0,0.0,1.0,1.0,0.0,0.0,0.0,0.0,0.0,0.0,0.0,0.0,0.0,0.0,0.0,0.0,0.0,0.0,0.0,0.0,300.0,300.0,0.0,0.0,0.0,0.0,100,0,0,True,,,,,,,,,,,,,2026-01-01,estimee,,
106,1907C,Réseau de Brive-la-Gaillarde,"Brive-la-Gaillarde,Saint-Pantaléon-de-Larche",Corrèze,Nouvelle-Aquitaine,Ville de BRIVE LA GAILLARDE,Green Energie Brive (CORIANCE),True,2017.0,23.0,116.0,95.2,0.014,0.027,,,,,,77.0,0.0,39650.0,1900.0,0.0,0.0,0.0,0.0,15234.0,0.0,22516.0,0.0,0.0,0.0,0.0,0.0,0.0,0.0,0.0,0.0,39.5,28.3,0.0,0.0,0.0,0.0,6.2,0.0,5.0,0.0,0.0,0.0,0.0,0.0,0.0,0.0,0.0,0.0,30642.0,7967.0,11644.0,306.0,0.0,10725.0,100,0,0,True,Ville de Brive-la-Gaillarde,,,,,matched_exact,,,,,,,2037-01-01,estimee,,
107,1909C,Réseau d'Objat,Objat,Corrèze,Nouvelle-Aquitaine,ville d'Objat,DALKIA SAINT-ANDRE-LEZ-LILLE,True,,,11.0,84.3,0.043,0.066,135.55,39.0,61.0,125.93,163.42,86.0,0.0,3245.0,511.0,0.0,0.0,0.0,0.0,2734.0,0.0,0.0,0.0,0.0,0.0,0.0,0.0,0.0,0.0,0.0,0.0,3.6,2.7,0.0,0.0,0.0,0.0,0.9,0.0,0.0,0.0,0.0,0.0,0.0,0.0,0.0,0.0,0.0,0.0,2802.0,0.0,2802.0,0.0,0.0,0.0,100,0,0,True,,,,,,,,,,,,,,inconnue,,
108,2001C,Réseau de Corte,Corte,Haute-Corse,Corse,SAEML Corse Bois-énergie,Corse Bois Energie (CBE),True,1970.0,3.2,31.0,99.9,0.0,0.025,,,,,,80.0,0.0,11320.0,0.0,0.0,8.0,0.0,0.0,11312.0,0.0,0.0,0.0,0.0,0.0,0.0,0.0,0.0,0.0,0.0,0.0,10.5,0.0,0.0,7.0,0.0,0.0,3.5,0.0,0.0,0.0,0.0,0.0,0.0,0.0,0.0,0.0,0.0,0.0,8999.0,3960.0,5039.0,0.0,0.0,0.0,100,0,0,True,,,,,,,,,,,,,1990-01-01,estimee,,
109,2102C,Réseau du Grand Dijon Ouest,"Chenôve,Dijon,Talant",Côte-d'Or,Bourgogne-Franche-Comté,Grand Dijon,SODIEN (CORIANCE),False,1970.0,39.0,254.0,60.2,0.084,0.111,,,,,,84.0,0.0,181280.0,77023.0,0.0,0.0,0.0,0.0,50504.0,0.0,53753.0,0.0,0.0,0.0,0.0,0.0,0.0,0.0,0.0,0.0,104.7,74.7,0.0,0.0,0.0,0.0,20.0,0.0,10.0,0.0,0.0,0.0,0.0,0.0,0.0,0.0,0.0,0.0,152398.0,119556.0,29916.0,0.0,0.0,2926.0,100,0,0,True,,,,,,,,,,,,,1990-01-01,estimee,,
110,2105C,Réseau des Gresilles,Dijon,Côte-d'Or,Bourgogne-Franche-Comté,Dijon Habitat (OPHLM),Coriance,False,1965.0,4.0,41.0,71.4,0.082,0.112,,,,,,79.0,0.0,12248.0,3507.0,0.0,0.0,0.0,0.0,8741.0,0.0,0.0,0.0,0.0,0.0,0.0,0.0,0.0,0.0,0.0,0.0,13.2,11.0,0.0,0.0,0.0,0.0,2.2,0.0,0.0,0.0,0.0,0.0,0.0,0.0,0.0,0.0,0.0,0.0,9720.0,9189.0,531.0,0.0,0.0,0.0,100,0,0,True,,,,,,,,,,,,,1985-01-01,estimee,,
111,2106C,Dijon énergies,"Dijon,Fontaine-lès-Dijon,Longvic,Quetigny",Côte-d'Or,Bourgogne-Franche-Comté,Ville de Dijon,Dijon Energie (DALKIA),False,2015.0,67.0,400.0,80.7,0.042,0.06,72.67,53.0,47.0,88.51,109.19,91.0,2.0,326471.0,63139.0,0.0,8.0,0.0,0.0,109972.0,0.0,153352.0,0.0,0.0,0.0,0.0,0.0,0.0,0.0,0.0,0.0,164.2,86.0,0.0,21.0,0.0,0.0,32.2,0.0,25.0,0.0,0.0,0.0,0.0,0.0,0.0,0.0,0.0,0.0,245095.0,108964.0,136131.0,0.0,0.0,0.0,100,0,0,True,,,,,,,,,,,,,2035-01-01,estimee,,
112,2107C,Mairie de Belleneuve,Belleneuve,Côte-d'Or,Bourgogne-Franche-Comté,Mairie de Belleneuve,MAIRIE de Belleneuve,False,2015.0,1.0,6.0,99.9,0.03,0.058,187.7,34.0,66.0,125.47,155.84,84.0,0.0,195.0,0.0,0.0,0.0,0.0,0.0,195.0,0.0,0.0,0.0,0.0,0.0,0.0,0.0,0.0,0.0,0.0,0.0,0.38,0.0,0.0,0.23,0.0,0.0,0.15,0.0,0.0,0.0,0.0,0.0,0.0,0.0,0.0,0.0,0.0,0.0,163.0,18.0,145.0,0.0,0.0,0.0,100,0,0,True,,,,,,,,,,,,,2035-01-01,estimee,,
113,2208C,Réseau de chaleur de Brézillet,Ploufragan,Côtes-d'Armor,Bretagne,Saint-Brieuc Armor agglomération,Saint-Brieuc Armor agglomération,True,2016.0,,6.0,83.0,0.044,0.068,104.21,39.0,61.0,71.95,86.83,87.0,-47.0,4598.0,781.0,0.0,0.0,0.0,0.0,3818.0,0.0,0.0,0.0,0.0,0.0,0.0,0.0,0.0,0.0,0.0,0.0,6.0,3.0,0.0,0.0,0.0,0.0,3.0,0.0,0.0,0.0,0.0,0.0,0.0,0.0,0.0,0.0,0.0,0.0,4005.0,0.0,4005.0,0.0,0.0,0.0,100,0,0,True,,,,,,,,,,,,,2036-01-01,estimee,,
114,2210C,Hopital Rive Gauche,"Lannion,Ploulec'h",Côtes-d'Armor,Bretagne,Lannion Trégor Communauté,Lannion-Trégor Communauté,False,1985.0,2.0,8.0,81.1,0.057,0.083,134.16,66.0,34.0,173.74,216.17,76.0,0.0,7055.0,1331.0,0.0,0.0,0.0,0.0,5724.0,0.0,0.0,0.0,0.0,0.0,0.0,0.0,0.0,0.0,0.0,0.0,3.4,1.4,0.0,0.0,0.0,0.0,2.0,0.0,0.0,0.0,0.0,0.0,0.0,0.0,0.0,0.0,0.0,0.0,5341.0,0.0,5341.0,0.0,0.0,0.0,100,0,0,True,,,,,,,,,,,,,2005-01-01,estimee,,
115,2211C,Ploumilliau,Ploumilliau,Côtes-d'Armor,Bretagne,Lannion-Tregor communauté,Lannion-Trégor Communauté,False,2018.0,,4.0,100.0,0.0,0.023,155.86,43.0,57.0,137.9,173.17,80.0,1.0,798.0,0.0,0.0,0.0,0.0,0.0,798.0,0.0,0.0,0.0,0.0,0.0,0.0,0.0,0.0,0.0,0.0,0.0,0.4,0.0,0.0,0.0,0.0,0.0,0.4,0.0,0.0,0.0,0.0,0.0,0.0,0.0,0.0,0.0,0.0,0.0,640.0,74.0,566.0,0.0,0.0,0.0,100,0,0,True,,,,,,,,,,,,,2038-01-01,estimee,,
116,2212C,Monge Branly,Lannion,Côtes-d'Armor,Bretagne,Lannion-Tregor communauté,Lannion-Trégor Communauté,False,2020.0,,7.0,96.8,0.008,0.028,140.63,44.0,56.0,110.47,134.87,93.0,34.0,2170.0,69.0,0.0,0.0,0.0,0.0,2101.0,0.0,0.0,0.0,0.0,0.0,0.0,0.0,0.0,0.0,0.0,0.0,2.0,1.2,0.0,0.0,0.0,0.0,0.8,0.0,0.0,0.0,0.0,0.0,0.0,0.0,0.0,0.0,0.0,0.0,2012.0,0.0,2012.0,0.0,0.0,0.0,100,0,0,True,,,,,,,,,,,,,2040-01-01,estimee,,
117,2214C,La Roche-Jaudy,La Roche-Jaudy,Côtes-d'Armor,Bretagne,Lannion-Tregor communauté,Lannion-Trégor Communauté,False,2021.0,,2.0,100.0,0.0,0.022,177.11,39.0,61.0,134.17,166.5,84.0,4.0,284.0,0.0,0.0,0.0,0.0,0.0,284.0,0.0,0.0,0.0,0.0,0.0,0.0,0.0,0.0,0.0,0.0,0.0,0.3,0.0,0.0,0.0,0.0,0.0,0.3,0.0,0.0,0.0,0.0,0.0,0.0,0.0,0.0,0.0,0.0,0.0,239.0,0.0,239.0,0.0,0.0,0.0,100,0,0,True,,,,,,,,,,,,,2041-01-01,estimee,,
118,2215C,Loguivy-Plougras,Loguivy-Plougras,Côtes-d'Armor,Bretagne,Lannion-Tregor communauté,Lannion-Trégor Communauté,False,2022.0,,2.0,100.0,0.0,0.022,175.24,42.0,58.0,190.08,248.47,86.0,20.0,244.0,0.0,0.0,0.0,0.0,0.0,244.0,0.0,0.0,0.0,0.0,0.0,0.0,0.0,0.0,0.0,0.0,0.0,0.15,0.0,0.0,0.0,0.0,0.0,0.15,0.0,0.0,0.0,0.0,0.0,0.0,0.0,0.0,0.0,0.0,0.0,210.0,0.0,210.0,0.0,0.0,0.0,,,,True,,,,,,,,,,,,,2042-01-01,estimee,,
119,2216C,Trestel,Trévou-Tréguignec,Côtes-d'Armor,Bretagne,Lannion-Trégor Communauté,Lannion-Trégor Communauté,False,,,3.0,93.7,0.015,0.035,127.03,51.0,49.0,124.76,154.74,98.0,0.0,1823.0,114.0,0.0,0.0,0.0,0.0,1709.0,0.0,0.0,0.0,0.0,0.0,0.0,0.0,0.0,0.0,0.0,0.0,1.92,1.26,0.0,0.0,0.0,0.0,0.66,0.0,0.0,0.0,0.0,0.0,0.0,0.0,0.0,0.0,0.0,0.0,1778.0,0.0,1778.0,0.0,0.0,0.0,,,,True,,,,,,,,,,,,,,inconnue,,
120,2219C,Tréguier / Minihy-Tréguier,"Minihy-Tréguier,Tréguier",Côtes-d'Armor,Bretagne,Lannion-Tregor communauté,Lannion-Trégor Communauté,False,,,,,,,,,,,,,,,,,,,,,,,,,,,,,,,,,,,,,,,,,,,,,,,,,,,,,,,,,,,True,,,,,,,,,,,,,,inconnue,,
121,2301C,Réseau de Bourganeuf,Bourganeuf,Creuse,Nouvelle-Aquitaine,Ville de Bourganeuf,ENGIE SOLUTIONS DR Atlantique Limousin,True,1984.0,1.7,10.0,94.8,0.019,0.045,,,,,,72.0,0.0,7455.0,0.0,0.0,448.0,0.0,0.0,7007.0,0.0,0.0,0.0,0.0,0.0,0.0,0.0,0.0,0.0,0.0,0.0,6.7,0.0,0.0,3.5,0.0,0.0,3.2,0.0,0.0,0.0,0.0,0.0,0.0,0.0,0.0,0.0,0.0,0.0,5391.0,1671.0,3720.0,0.0,0.0,0.0,100,0,0,True,,,,,,,,,,,,,2004-01-01,estimee,,
122,2302C,Réseau de Felletin,Felletin,Creuse,Nouvelle-Aquitaine,Ville de Felletin,ENGIE SOLUTIONS Agence Atlantique Limousin,True,1999.0,4.9,21.0,93.3,0.018,0.043,,,,,,74.0,0.0,11292.0,549.0,0.0,0.0,0.0,0.0,10540.0,0.0,0.0,0.0,0.0,0.0,0.0,0.0,0.0,203.0,0.0,0.0,10.0,3.5,0.0,0.0,0.0,0.0,3.5,0.0,0.0,0.0,0.0,0.0,0.0,0.0,0.0,3.0,0.0,0.0,8355.0,2506.0,5848.0,0.0,0.0,0.0,100,0,0,True,,,,,,,,,,,,,2019-01-01,estimee,,
123,2304C,Réseau de Gentioux,Gentioux-Pigerolles,Creuse,Nouvelle-Aquitaine,Mairie de Gentioux Pigerolles,Mairie de Gentioux Pigerolles,True,2013.0,2.0,22.0,100.0,0.0,0.032,,,,,,56.0,0.0,1740.0,0.0,0.0,0.0,0.0,0.0,1740.0,0.0,0.0,0.0,0.0,0.0,0.0,0.0,0.0,0.0,0.0,0.0,1.0,0.0,0.0,0.0,0.0,0.0,1.0,0.0,0.0,0.0,0.0,0.0,0.0,0.0,0.0,0.0,0.0,0.0,976.0,117.0,859.0,0.0,0.0,0.0,100,0,0,True,,,,,,,,,,,,,2033-01-01,estimee,,
124,2305C,Réseau de Guéret,Guéret,Creuse,Nouvelle-Aquitaine,Ville de Gueret,GUERET ENERGIE SERVICES (ENGIE SOLUTIONS),True,2018.0,7.5,43.0,87.8,0.033,0.057,,,,,,86.0,0.0,26535.0,2925.0,0.0,0.0,0.0,0.0,23293.0,0.0,0.0,0.0,0.0,0.0,0.0,0.0,0.0,317.0,0.0,0.0,21.95,11.2,0.0,0.0,0.0,0.0,6.7,0.0,0.0,0.0,0.0,0.0,0.0,0.0,0.0,4.05,0.0,0.0,22810.0,8896.0,13914.0,0.0,0.0,0.0,100,0,0,True,,,,,,,,,,,,,2038-01-01,estimee,,
125,2401C,Réseau de chaleur de Saint-Astier,Saint-Astier,Dordogne,Nouvelle-Aquitaine,CONSEIL DEPARTEMENTAL DE DORDOGNE,SOLENA (IDEX),True,2010.0,2.0,9.0,79.1,0.063,0.09,115.6,33.0,67.0,132.95,180.27,75.0,12.0,5163.0,1077.0,0.0,0.0,0.0,0.0,4086.0,0.0,0.0,0.0,0.0,0.0,0.0,0.0,0.0,0.0,0.0,0.0,5.0,3.5,0.0,0.0,0.0,0.0,1.5,0.0,0.0,0.0,0.0,0.0,0.0,0.0,0.0,0.0,0.0,0.0,3894.0,718.0,3176.0,0.0,0.0,0.0,100,0,0,True,,,,,,,,,,,,,2030-01-01,estimee,,
126,2402C,L'Arche au Bois,Périgueux,Dordogne,Nouvelle-Aquitaine,Commune de Perigueux,L'ARCHE AU BOIS (IDEX),True,2012.0,2.0,32.0,81.2,0.058,0.086,163.94,48.0,52.0,160.22,201.23,74.0,0.0,3449.0,489.0,0.0,0.0,0.0,0.0,2750.0,0.0,0.0,0.0,0.0,0.0,0.0,210.0,0.0,0.0,0.0,0.0,5.5,2.0,0.0,0.0,0.0,0.0,3.5,0.0,0.0,0.0,0.0,0.0,0.0,0.0,0.0,0.0,0.0,0.0,2569.0,1408.0,1161.0,0.0,0.0,0.0,100,0,0,True,,,,,,,,,,,,,2032-01-01,estimee,,
127,2403C,Chaufferie bois de Cadouin,Le Buisson-de-Cadouin,Dordogne,Nouvelle-Aquitaine,Commune du buisson de cadouin,Commune du buisson de cadouin,False,2008.0,7.0,8.0,91.2,0.042,0.08,158.87,73.0,27.0,137.15,147.7,53.0,0.0,1288.0,0.0,0.0,180.0,0.0,0.0,1108.0,0.0,0.0,0.0,0.0,0.0,0.0,0.0,0.0,0.0,0.0,0.0,1.25,0.0,0.0,0.55,0.0,0.0,0.7,0.0,0.0,0.0,0.0,0.0,0.0,0.0,0.0,0.0,0.0,0.0,684.0,0.0,684.0,0.0,0.0,0.0,100,0,0,True,,,,,,,,,,,,,2028-01-01,estimee,,
128,2404C,Chaufferie bois Douville,Douville,Dordogne,Nouvelle-Aquitaine,Mairie de Douville,Mairie de Douville,True,2008.0,,6.0,100.0,0.0,0.019,,,,,,98.0,0.0,287.0,0.0,0.0,0.0,0.0,0.0,287.0,0.0,0.0,0.0,0.0,0.0,0.0,0.0,0.0,0.0,0.0,0.0,1.1,0.0,0.0,0.0,0.0,0.0,1.1,0.0,0.0,0.0,0.0,0.0,0.0,0.0,0.0,0.0,0.0,0.0,281.0,36.0,245.0,0.0,0.0,0.0,100,0,0,True,,,,,,,,,,,,,2028-01-01,estimee,,
129,2406C,Réseau de Coulounieix chamiers,Coulounieix-Chamiers,Dordogne,Nouvelle-Aquitaine,Ville de Coulounieix Chamiers,ENGIE SOLUTIONS Agence Atlantique Limousin,True,2015.0,1.5,11.0,89.9,0.029,0.051,,,,,,87.0,0.0,4314.0,434.0,0.0,0.0,0.0,0.0,3880.0,0.0,0.0,0.0,0.0,0.0,0.0,0.0,0.0,0.0,0.0,0.0,4.0,2.74,0.0,0.0,0.0,0.0,1.26,0.0,0.0,0.0,0.0,0.0,0.0,0.0,0.0,0.0,0.0,0.0,3753.0,2777.0,976.0,0.0,0.0,0.0,100,0,0,True,,,,,,,,,,,,,2035-01-01,estimee,,
130,2407C,réseau de chaleur des Deux Rives Périgueux,Périgueux,Dordogne,Nouvelle-Aquitaine,Ville de Périgueux,ENGIE SOLUTIONS Agence Atlantique Limousin,True,2018.0,4.8,43.0,71.1,0.077,0.103,,,,,,85.0,0.0,16280.0,6421.0,0.0,0.0,0.0,0.0,9531.0,0.0,0.0,0.0,0.0,0.0,0.0,0.0,0.0,328.0,0.0,0.0,14.26,7.5,0.0,0.0,0.0,0.0,3.5,0.0,0.0,0.0,0.0,0.0,0.0,0.0,0.0,3.26,0.0,0.0,13800.0,6900.0,6900.0,0.0,0.0,0.0,100,0,0,True,,,,,,,,,,,,,2038-01-01,estimee,,
131,2501C,Besançon - Planoise,Besançon,Doubs,Bourgogne-Franche-Comté,Ville De Besançon,CELSIUS (ENGIE SOLUTIONS),True,1970.0,21.9,223.0,77.7,0.056,0.07,81.01,57.0,43.0,77.86,93.73,85.0,7.0,148803.0,10929.0,0.0,327.0,0.0,0.0,49759.0,0.0,61343.0,0.0,0.0,6346.0,0.0,0.0,0.0,20099.0,0.0,0.0,110.5,53.0,0.0,4.0,0.0,0.0,25.5,0.0,10.0,0.0,0.0,1.0,0.0,0.0,0.0,17.0,0.0,0.0,126017.0,70570.0,54187.0,1260.0,0.0,0.0,26,72.1,1.8,True,,,,,,,,,,,,,1990-01-01,estimee,,
132,2502C,Réseau de Montbéliard,Montbéliard,Doubs,Bourgogne-Franche-Comté,Mairie de Montbeliard,Montbéliard Energies (DALKIA),True,1976.0,11.0,59.0,54.7,0.113,0.129,94.29,69.0,31.0,99.1,117.35,85.0,0.0,53143.0,20448.0,0.0,38.0,0.0,0.0,0.0,0.0,15601.0,0.0,0.0,0.0,0.0,0.0,0.0,17056.0,0.0,0.0,45.0,20.0,0.0,10.0,0.0,0.0,0.0,0.0,10.0,0.0,0.0,0.0,0.0,0.0,0.0,5.0,0.0,0.0,45058.0,30639.0,14419.0,0.0,0.0,0.0,100,0,0,True,ville de montbeliard,,,,,matched_exact,,,,,,,1996-01-01,estimee,,
133,2503C,Champvalon,Bethoncourt,Doubs,Bourgogne-Franche-Comté,SAFC Montbéliard,DALKIA Paris la Defense,False,1990.0,2.0,20.0,62.9,0.089,0.117,126.59,51.0,49.0,109.13,131.56,58.0,0.0,9161.0,5292.0,0.0,0.0,0.0,0.0,3869.0,0.0,0.0,0.0,0.0,0.0,0.0,0.0,0.0,0.0,0.0,0.0,7.65,6.65,0.0,0.0,0.0,0.0,1.0,0.0,0.0,0.0,0.0,0.0,0.0,0.0,0.0,0.0,0.0,0.0,5292.0,4392.0,900.0,0.0,0.0,0.0,100,0,0,True,,,,,,,,,,,,,2010-01-01,estimee,,
134,2504C,Chaufferie Bois du Russey,Le Russey,Doubs,Bourgogne-Franche-Comté,Communauté de communes du Plateau du Russey,Communauté de communes du Plateau du Russey,False,2007.0,2.0,22.0,89.0,0.043,0.074,,,,,,78.0,0.0,2553.0,0.0,0.0,282.0,0.0,0.0,2271.0,0.0,0.0,0.0,0.0,0.0,0.0,0.0,0.0,0.0,0.0,0.0,2.3,0.0,0.0,1.5,0.0,0.0,0.8,0.0,0.0,0.0,0.0,0.0,0.0,0.0,0.0,0.0,0.0,0.0,1979.0,0.0,0.0,0.0,0.0,1979.0,100,0,0,True,,,,,,,,,,,,,2027-01-01,estimee,,
135,2507C,Réseau de chaleur de Mouthe,Mouthe,Doubs,Bourgogne-Franche-Comté,ENGIE SOLUTIONS DIJON,ENGIE SOLUTIONS DIJON,True,1970.0,3.0,20.0,98.2,0.006,0.027,,,,,,90.0,0.0,3904.0,0.0,0.0,215.0,0.0,0.0,3689.0,0.0,0.0,0.0,0.0,0.0,0.0,0.0,0.0,0.0,0.0,0.0,4.4,0.0,0.0,2.8,0.0,0.0,1.6,0.0,0.0,0.0,0.0,0.0,0.0,0.0,0.0,0.0,0.0,0.0,3513.0,984.0,2529.0,0.0,0.0,0.0,100,0,0,True,,,,,,,,,,,,,1990-01-01,estimee,,
136,2509C,Mairie Myon,Myon,Doubs,Bourgogne-Franche-Comté,Mairie de Myon,MAIRIE MYON,False,2011.0,,5.0,100.0,0.0,0.02,90.24,75.0,25.0,79.09,84.75,94.0,-100.0,138.0,0.0,0.0,0.0,0.0,0.0,138.0,0.0,0.0,0.0,0.0,0.0,0.0,0.0,0.0,0.0,0.0,0.0,0.14,0.0,0.0,0.0,0.0,0.0,0.14,0.0,0.0,0.0,0.0,0.0,0.0,0.0,0.0,0.0,0.0,0.0,130.0,38.0,0.0,0.0,0.0,92.0,100,0,0,True,,,,,,,,,,,,,2031-01-01,estimee,,
137,2511C,Réseau de chaleur,"Houtaud,Pontarlier",Doubs,Bourgogne-Franche-Comté,PREVAL,PREVAL,True,1989.0,20.0,97.0,90.5,0.027,0.034,96.05,54.0,46.0,91.91,112.1,80.0,-1.0,40098.0,3813.0,0.0,0.0,0.0,0.0,0.0,36285.0,0.0,0.0,0.0,0.0,0.0,0.0,0.0,0.0,0.0,0.0,20.0,10.0,0.0,0.0,0.0,0.0,0.0,10.0,0.0,0.0,0.0,0.0,0.0,0.0,0.0,0.0,0.0,0.0,32000.0,10880.0,16320.0,4800.0,0.0,0.0,100,0,0,True,,,,,,,,,,,,,2009-01-01,estimee,,
138,2514C,Réseau de chaleur de Frasne,Frasne,Doubs,Bourgogne-Franche-Comté,Commune de Frasne,Commune de Frasne,True,2013.0,,14.0,97.2,0.012,0.039,158.5,38.0,62.0,136.73,174.87,70.0,0.0,1460.0,0.0,0.0,41.0,0.0,0.0,1419.0,0.0,0.0,0.0,0.0,0.0,0.0,0.0,0.0,0.0,0.0,0.0,1.6,0.0,0.0,1.15,0.0,0.0,0.45,0.0,0.0,0.0,0.0,0.0,0.0,0.0,0.0,0.0,0.0,0.0,1027.0,10.0,1017.0,0.0,0.0,0.0,100,0,0,True,,,,,,,,,,,,,2033-01-01,estimee,,
139,2516C,Réseau de Amancey LOUE LISON,Amancey,Doubs,Bourgogne-Franche-Comté,Communauté de communes LOUE LISON,IDEX,False,,2.0,26.0,60.9,0.143,0.187,195.04,68.0,32.0,160.34,174.01,83.0,-12.0,861.0,0.0,0.0,336.0,0.0,0.0,525.0,0.0,0.0,0.0,0.0,0.0,0.0,0.0,0.0,0.0,0.0,0.0,1.25,0.0,0.0,0.5,0.0,0.0,0.75,0.0,0.0,0.0,0.0,0.0,0.0,0.0,0.0,0.0,0.0,0.0,714.0,300.0,414.0,0.0,0.0,0.0,100,0,0,True,,,,,,,,,,,,,,inconnue,,
140,2518C,RCU de Novillars,Novillars,Doubs,Bourgogne-Franche-Comté,Grand Besançon Métropole,SPL TERRITOIRE 25,True,2019.0,,5.0,98.3,0.004,0.009,48.52,39.0,61.0,80.2,110.81,87.0,0.0,8575.0,150.0,0.0,0.0,0.0,0.0,0.0,0.0,0.0,0.0,0.0,0.0,0.0,0.0,8425.0,0.0,0.0,0.0,5.89,2.19,0.0,0.0,0.0,0.0,0.0,0.0,0.0,0.0,0.0,0.0,0.0,0.0,3.7,0.0,0.0,0.0,7460.0,1790.0,970.0,0.0,0.0,4700.0,100,0,0,True,,,,,,,,,,,,,2039-01-01,estimee,,
141,2520C,Réseau bois et citoyen de Chapelle des Bois,Chapelle-des-Bois,Doubs,Bourgogne-Franche-Comté,Forestener,Forestener,False,2022.0,,8.0,100.0,0.0,0.027,229.52,51.0,49.0,180.3,212.07,64.0,10.0,407.0,0.0,0.0,0.0,0.0,0.0,407.0,0.0,0.0,0.0,0.0,0.0,0.0,0.0,0.0,0.0,0.0,0.0,0.3,0.0,0.0,0.0,0.0,0.0,0.3,0.0,0.0,0.0,0.0,0.0,0.0,0.0,0.0,0.0,0.0,0.0,262.0,18.0,244.0,0.0,0.0,0.0,,,,True,,,,,,,,,,,,,2042-01-01,estimee,,
142,2601C,Réseau de Valence,Valence,Drôme,Auvergne-Rhône-Alpes,Ville de Valence,EVVA (CORIANCE),True,1967.0,21.0,89.0,58.7,0.109,0.134,,,,,,79.0,0.0,57181.0,23039.0,0.0,83.0,0.0,0.0,32142.0,0.0,0.0,0.0,0.0,1917.0,0.0,0.0,0.0,0.0,0.0,0.0,66.7,36.2,0.0,15.0,0.0,0.0,10.5,0.0,0.0,0.0,0.0,5.0,0.0,0.0,0.0,0.0,0.0,0.0,45280.0,24248.0,14458.0,616.0,0.0,5959.0,100,0,0,True,Ville de Valence,,,,,matched_exact,,,,,,,1987-01-01,estimee,,
143,2602C,Réseau de chaleur de Vassieux en Vercors,Vassieux-en-Vercors,Drôme,Auvergne-Rhône-Alpes,Syndicat Départemental d'Energies de la Drôme,Syndicat Départemental d'Energies de la Drôme,True,2011.0,2.0,39.0,90.7,0.041,0.077,92.37,60.0,40.0,78.59,89.92,67.0,0.0,2494.0,0.0,0.0,246.0,0.0,0.0,2248.0,0.0,0.0,0.0,0.0,0.0,0.0,0.0,0.0,0.0,0.0,0.0,1.7,0.0,0.0,0.6,0.0,0.0,1.1,0.0,0.0,0.0,0.0,0.0,0.0,0.0,0.0,0.0,0.0,0.0,1679.0,0.0,0.0,0.0,0.0,1679.0,100,0,0,True,,,,,,,,,,,,,2031-01-01,estimee,,
144,2603C,Réseau de Pierrelatte - DES,"Pierrelatte,Saint-Paul-Trois-Châteaux",Drôme,Auvergne-Rhône-Alpes,SMARD,DROME ENERGIE SERVICES (CORIANCE),False,1982.0,20.0,25.0,66.8,0.0,0.129,,,,,,83.0,0.0,137175.0,42135.0,0.0,3456.0,0.0,0.0,91584.0,0.0,0.0,0.0,0.0,0.0,0.0,0.0,0.0,0.0,0.0,0.0,132.7,74.09,0.0,8.61,0.0,0.0,50.0,0.0,0.0,0.0,0.0,0.0,0.0,0.0,0.0,0.0,0.0,0.0,113623.0,9953.0,4250.0,21316.0,77559.0,545.0,100,0,0,True,,,,,,,,,,,,,2002-01-01,estimee,,
145,2604C,Réseau de Pracomptal,Montélimar,Drôme,Auvergne-Rhône-Alpes,Ville de Montélimar,DALKIA Centre Est,False,1970.0,1.0,12.0,0.0,0.244,0.27,121.59,60.0,40.0,104.18,119.25,86.0,0.0,5952.0,5952.0,0.0,0.0,0.0,0.0,0.0,0.0,0.0,0.0,0.0,0.0,0.0,0.0,0.0,0.0,0.0,0.0,8.3,8.3,0.0,0.0,0.0,0.0,0.0,0.0,0.0,0.0,0.0,0.0,0.0,0.0,0.0,0.0,0.0,0.0,5121.0,4609.0,512.0,0.0,0.0,0.0,100,0,0,True,,,,,,,,,,,,,1990-01-01,estimee,,
146,2605C,Réseau de chaleur du quartier de la Monnaie,Romans-sur-Isère,Drôme,Auvergne-Rhône-Alpes,Valence Romans Habitat,ENGIE SOLUTIONS DR Savoie Dauphiné,False,2000.0,3.0,36.0,0.0,0.165,0.214,103.35,65.0,35.0,91.39,103.35,98.0,0.0,6038.0,6038.0,0.0,0.0,0.0,0.0,0.0,0.0,0.0,0.0,0.0,0.0,0.0,0.0,0.0,0.0,0.0,0.0,11.0,11.0,0.0,0.0,0.0,0.0,0.0,0.0,0.0,0.0,0.0,0.0,0.0,0.0,0.0,0.0,0.0,0.0,5898.0,4424.0,1474.0,0.0,0.0,0.0,100,0,0,True,,,,,,,,,,,,,2020-01-01,estimee,,
147,2701C,THERMEVRA,"Béthune,Évreux","Eure, Pas-de-Calais","Hauts-de-France, Normandie",ville d'evreux,THERMEVRA (DALKIA),True,1970.0,27.0,155.0,74.1,0.062,0.072,89.81,45.0,55.0,86.67,108.44,88.0,5.0,111056.0,6147.0,0.0,0.0,0.0,0.0,0.0,0.0,82247.0,0.0,0.0,0.0,0.0,0.0,0.0,22662.0,0.0,0.0,78.8,50.0,0.0,0.0,0.0,0.0,0.0,0.0,20.0,0.0,0.0,0.0,0.0,0.0,0.0,8.8,0.0,0.0,97984.0,45073.0,30375.0,0.0,22536.0,0.0,100,0,0,True,Ville d'Evreux,,,,,matched_exact,,,,,,,1990-01-01,estimee,,
148,2702C,LOUVIERS ENERGIE,Louviers,Eure,Normandie,ville de louviers,Louviers Energie SAS (DALKIA),True,1970.0,9.0,60.0,80.6,0.048,0.072,99.51,48.0,52.0,100.13,121.56,87.0,0.0,25011.0,2497.0,0.0,0.0,0.0,0.0,20169.0,0.0,0.0,0.0,0.0,0.0,0.0,0.0,0.0,2345.0,0.0,0.0,14.79,8.33,0.0,0.0,0.0,0.0,5.2,0.0,0.0,0.0,0.0,0.0,0.0,0.0,0.0,1.26,0.0,0.0,21691.0,8459.0,13231.0,0.0,0.0,0.0,100,0,0,True,,,,,,,,,,,,,1990-01-01,estimee,,
149,2703C,Quartier de l'Europe,Pont-Audemer,Eure,Normandie,OPAC DE L'EURE,,False,1970.0,2.0,8.0,0.0,0.342,0.385,,,,,,89.0,,8425.0,4774.0,0.0,0.0,0.0,0.0,0.0,0.0,0.0,0.0,0.0,0.0,0.0,0.0,0.0,3651.0,0.0,0.0,9.28,7.5,0.0,0.0,0.0,0.0,0.0,0.0,0.0,0.0,0.0,0.0,0.0,0.0,0.0,1.78,0.0,0.0,7502.0,3526.0,3976.0,0.0,0.0,0.0,100,0,0,True,COMMUNE DE PONT AUDEMER,,,288.0,,matched_exact,,,,,,,1990-01-01,estimee,,
150,2704C,Tours du Levant Clos Galots,Les Andelys,Eure,Normandie,Opac 27,Dalkia,False,,3.0,,,,,,,,,,0.0,,,,,,,,,,,,,,,,,,,,,,,,,,,,,,,,,,,,,,,,,,,,100,0,0,True,,,,,,,,,,,,,,inconnue,,
151,2705C,Zup Les Valmeux,Vernon,Eure,Normandie,DALKIA SAINT-ANDRE-LEZ-LILLE,DALKIA SAINT-ANDRE-LEZ-LILLE,False,1970.0,3.0,16.0,0.0,0.22,0.247,121.12,86.0,14.0,111.17,118.18,92.0,0.0,13203.0,9599.0,0.0,0.0,0.0,0.0,0.0,0.0,0.0,0.0,0.0,0.0,0.0,0.0,0.0,3604.0,0.0,0.0,9.73,7.77,0.0,0.0,0.0,0.0,0.0,0.0,0.0,0.0,0.0,0.0,0.0,0.0,0.0,1.96,0.0,0.0,12142.0,9228.0,2914.0,0.0,0.0,0.0,100,0,0,True,,,,,,,,,,,,,1990-01-01,estimee,,
152,2706C,Réseau de chaleur de Conches-en-Ouche,Conches-en-Ouche,Eure,Normandie,Ville de Conches en Ouche,CRAM SAS,True,2014.0,1.0,10.0,95.3,0.014,0.039,139.32,36.0,64.0,130.14,170.21,76.0,0.0,3911.0,184.0,0.0,0.0,0.0,0.0,3727.0,0.0,0.0,0.0,0.0,0.0,0.0,0.0,0.0,0.0,0.0,0.0,3.0,2.0,0.0,0.0,0.0,0.0,1.0,0.0,0.0,0.0,0.0,0.0,0.0,0.0,0.0,0.0,0.0,0.0,2966.0,1542.0,1424.0,0.0,0.0,0.0,100,0,0,True,,,,,,,,,,,,,2034-01-01,estimee,,
153,2709C,Réseau de Bernay Bourg Le Comte,Bernay,Eure,Normandie,ASL de Bernay,ENGIE SOLUTIONS quevilly,False,,2.0,11.0,72.0,0.069,0.092,70.26,56.0,44.0,114.6,129.51,97.0,0.0,7506.0,2103.0,0.0,0.0,0.0,0.0,5403.0,0.0,0.0,0.0,0.0,0.0,0.0,0.0,0.0,0.0,0.0,0.0,4.8,3.2,0.0,0.0,0.0,0.0,1.6,0.0,0.0,0.0,0.0,0.0,0.0,0.0,0.0,0.0,0.0,0.0,7313.0,4283.0,3030.0,0.0,0.0,0.0,100,0,0,True,,,,,,,,,,,,,,inconnue,,
154,2802C,Les Gauchetières,Nogent-le-Rotrou,Eure-et-Loir,Centre-Val de Loire,NOGENT PERCHE HABITAT,DALKIA TOURS,False,1963.0,3.0,37.0,0.0,0.297,0.333,301.75,86.0,14.0,294.43,311.62,77.0,1.0,3625.0,1793.0,0.0,0.0,0.0,0.0,0.0,0.0,0.0,0.0,0.0,0.0,0.0,1832.0,0.0,0.0,0.0,0.0,5.25,5.25,0.0,0.0,0.0,0.0,0.0,0.0,0.0,0.0,0.0,0.0,0.0,0.0,0.0,0.0,0.0,0.0,2783.0,2588.0,195.0,0.0,0.0,0.0,100,0,0,True,,,,,,,,,,,,,1983-01-01,estimee,,
155,2803C,DUNES,Châteaudun,Eure-et-Loir,Centre-Val de Loire,Ville de Chateaudun,ENGIE COFELY Agence Normandie (ENGIE SOLUTIONS),True,,6.8,55.0,72.6,0.081,0.107,131.68,42.0,58.0,121.41,146.06,79.0,0.0,19644.0,6809.0,0.0,0.0,0.0,0.0,12835.0,0.0,0.0,0.0,0.0,0.0,0.0,0.0,0.0,0.0,0.0,0.0,13.2,9.8,0.0,0.0,0.0,0.0,3.4,0.0,0.0,0.0,0.0,0.0,0.0,0.0,0.0,0.0,0.0,0.0,15431.0,4629.0,10802.0,0.0,0.0,0.0,100,0,0,True,,,,,,,,,,,,,,inconnue,,
156,2807C,Chartres Métropole Energies,"Chartres,Gellainville,Le Coudray",Eure-et-Loir,Centre-Val de Loire,Chartres Métropole Energies,Chartres Metropole Energies,True,2020.0,18.0,44.0,88.9,0.0,0.054,106.28,71.0,29.0,104.09,114.92,83.0,3.0,56186.0,6244.0,0.0,0.0,0.0,0.0,49942.0,0.0,0.0,0.0,0.0,0.0,0.0,0.0,0.0,0.0,0.0,0.0,42.0,17.0,0.0,0.0,0.0,0.0,25.0,0.0,0.0,0.0,0.0,0.0,0.0,0.0,0.0,0.0,0.0,0.0,46408.0,28773.0,16707.0,928.0,0.0,0.0,100,0,0,True,,,,,,,,,,,,,2040-01-01,estimee,,
157,2808C,UVEA,Ouarville,Eure-et-Loir,Centre-Val de Loire,SITREVA,SUEZ,False,2021.0,,1.0,50.0,0.171,0.195,,,,,,99.0,,6994.0,0.0,0.0,0.0,0.0,0.0,0.0,6994.0,0.0,0.0,0.0,0.0,0.0,0.0,0.0,0.0,0.0,0.0,38.4,0.0,0.0,0.0,0.0,0.0,0.0,38.4,0.0,0.0,0.0,0.0,0.0,0.0,0.0,0.0,0.0,0.0,6924.0,0.0,0.0,0.0,6924.0,0.0,,,,True,,,,,,,,,,,,,2041-01-01,estimee,,
158,2901C,ECO CHALEUR DE BREST,"Brest,Guilers",Finistère,Bretagne,BREST METROPOLE OCEANE,ECO CHALEUR DE BREST (DALKIA),True,1988.0,48.0,257.0,89.2,0.025,0.035,69.82,66.0,34.0,68.62,79.72,84.0,19.0,190960.0,20576.0,0.0,0.0,0.0,0.0,36162.0,0.0,134222.0,0.0,0.0,0.0,0.0,0.0,0.0,0.0,0.0,0.0,75.0,40.0,0.0,0.0,0.0,0.0,9.0,0.0,26.0,0.0,0.0,0.0,0.0,0.0,0.0,0.0,0.0,0.0,159398.0,68541.0,90857.0,0.0,0.0,0.0,94,6,0,True,Brest Métropole,,,,,matched_epci,,,,,,,2008-01-01,estimee,,
159,2902C,Réseau de Plougastel Daoulas,Plougastel-Daoulas,Finistère,Bretagne,BREST METROPOLE OCEANE,ECO CHALEUR DE BREST (DALKIA),True,2011.0,4.0,16.0,85.2,0.042,0.067,121.49,42.0,58.0,,,80.0,3.0,4812.0,712.0,0.0,0.0,0.0,0.0,4100.0,0.0,0.0,0.0,0.0,0.0,0.0,0.0,0.0,0.0,0.0,0.0,4.4,3.2,0.0,0.0,0.0,0.0,1.2,0.0,0.0,0.0,0.0,0.0,0.0,0.0,0.0,0.0,0.0,0.0,3847.0,2091.0,1756.0,0.0,0.0,0.0,100,0,0,True,Brest Métropole,,,,,matched_epci,,,,,,,2031-01-01,estimee,,
160,2903C,Réseau de chaleur UVED,Briec,Finistère,Bretagne,SIDEPAQ,SIDEPAQ,False,2010.0,,1.0,100.0,0.0,0.004,6.48,12.0,88.0,4.6,6.5,100.0,0.0,34335.0,0.0,0.0,0.0,0.0,0.0,0.0,34335.0,0.0,0.0,0.0,0.0,0.0,0.0,0.0,0.0,0.0,0.0,18.1,0.0,0.0,0.0,0.0,0.0,0.0,18.1,0.0,0.0,0.0,0.0,0.0,0.0,0.0,0.0,0.0,0.0,34335.0,0.0,0.0,0.0,34335.0,0.0,100,0,0,True,,,,,,,,,,,,,2030-01-01,estimee,,
161,2905C,GOUENNOU FRERES,"Loperhet,Plougastel-Daoulas",Finistère,Bretagne,GOUENNOU FRERES,GOUENNOU FRERES,False,,5.0,5.0,100.0,0.0,0.021,,,,,,87.0,0.0,41192.0,0.0,0.0,0.0,0.0,0.0,41192.0,0.0,0.0,0.0,0.0,0.0,0.0,0.0,0.0,0.0,0.0,0.0,8.0,0.0,0.0,0.0,0.0,0.0,8.0,0.0,0.0,0.0,0.0,0.0,0.0,0.0,0.0,0.0,0.0,0.0,35828.0,0.0,552.0,0.0,35276.0,0.0,100,0,0,True,Brest Métropole,,,,,matched_epci,,,,,,,,inconnue,,
162,2906C,Vapeur SIRCOB-NUTRIBABIG,Carhaix-Plouguer,Finistère,Bretagne,SIRCOB Carhaix,SUEZ RV ENERGIE,True,2016.0,,1.0,100.0,0.0,0.004,44.57,100.0,0.0,37.0,37.0,83.0,0.0,45452.0,0.0,0.0,0.0,0.0,0.0,0.0,45452.0,0.0,0.0,0.0,0.0,0.0,0.0,0.0,0.0,0.0,0.0,7.8,0.0,0.0,0.0,0.0,0.0,0.0,7.8,0.0,0.0,0.0,0.0,0.0,0.0,0.0,0.0,0.0,0.0,37726.0,0.0,0.0,37726.0,0.0,0.0,0,0,100,True,,,,,,,,,,,,,2036-01-01,estimee,,
163,2907C,Réseau de chaleur Landerneau,Landerneau,Finistère,Bretagne,Communauté d’Agglomération du pays de Landerneau Daoulas,Communauté d’Agglomération du pays de Landerneau Daoulas,True,2015.0,1.0,6.0,100.0,0.0,0.021,186.28,57.0,43.0,142.63,160.86,90.0,6.0,2043.0,0.0,0.0,0.0,0.0,0.0,2043.0,0.0,0.0,0.0,0.0,0.0,0.0,0.0,0.0,0.0,0.0,0.0,1.6,0.0,0.0,0.0,0.0,0.0,1.6,0.0,0.0,0.0,0.0,0.0,0.0,0.0,0.0,0.0,0.0,0.0,1850.0,0.0,0.0,0.0,0.0,1850.0,100,0,0,True,,,,,,,,,,,,,2035-01-01,estimee,,
164,2908C,Plaine des sports,Douarnenez,Finistère,Bretagne,Douarnenez Communauté,Douarnenez Communauté,False,2021.0,,1.0,91.6,0.023,0.046,,,,,,82.0,0.0,1853.0,207.0,0.0,0.0,0.0,0.0,1646.0,0.0,0.0,0.0,0.0,0.0,0.0,0.0,0.0,0.0,0.0,0.0,1.2,0.8,0.0,0.0,0.0,0.0,0.4,0.0,0.0,0.0,0.0,0.0,0.0,0.0,0.0,0.0,0.0,0.0,1527.0,,,,,,100,0,0,True,,,,,,,,,,,,,2041-01-01,estimee,,
165,3001C,Quartier Ouest,Nîmes,Gard,Occitanie,Ville de Nîmes,NIMERGIE (DALKIA),True,1970.0,15.0,70.0,65.8,0.085,0.106,84.04,57.0,43.0,167.89,227.7,86.0,0.0,77161.0,26339.0,0.0,36.0,0.0,0.0,0.0,0.0,50786.0,0.0,0.0,0.0,0.0,0.0,0.0,0.0,0.0,0.0,91.5,80.5,0.0,0.0,0.0,0.0,0.0,0.0,11.0,0.0,0.0,0.0,0.0,0.0,0.0,0.0,0.0,0.0,65935.0,42858.0,7253.0,0.0,0.0,15824.0,100,0,0,True,,,,,,,,,,,,,1990-01-01,estimee,,
166,3002C,DALAE,Alès,Gard,Occitanie,Ville d'Alès,DALAE (DALKIA),True,1970.0,6.0,41.0,75.8,0.051,0.078,98.86,51.0,49.0,93.59,115.0,91.0,0.0,25391.0,6154.0,0.0,0.0,0.0,0.0,19237.0,0.0,0.0,0.0,0.0,0.0,0.0,0.0,0.0,0.0,0.0,0.0,13.8,6.8,0.0,0.0,0.0,0.0,7.0,0.0,0.0,0.0,0.0,0.0,0.0,0.0,0.0,0.0,0.0,0.0,23093.0,18705.0,4388.0,0.0,0.0,0.0,100,0,0,True,,,,,,,,,,,,,1990-01-01,estimee,,
167,3003C,Réseau bois Lamelouze,Lamelouze,Gard,Occitanie,MAIRIE Lamelouze,MAIRIE Lamelouze,False,2008.0,,4.0,100.0,0.0,0.022,18.84,57.0,43.0,11.28,11.55,86.0,0.0,58.0,0.0,0.0,0.0,0.0,0.0,58.0,0.0,0.0,0.0,0.0,0.0,0.0,0.0,0.0,0.0,0.0,0.0,0.05,0.0,0.0,0.0,0.0,0.0,0.05,0.0,0.0,0.0,0.0,0.0,0.0,0.0,0.0,0.0,0.0,0.0,50.0,45.0,5.0,0.0,0.0,0.0,100,0,0,True,,,,,,,,,,,,,2028-01-01,estimee,,
168,3101C,Réseau de Toulouse Mirail,Toulouse,Haute-Garonne,Occitanie,Ville de Toulouse,ENERIANCE (CORIANCE),False,1968.0,38.0,171.0,97.1,0.009,0.014,,,,,,81.0,0.0,190370.0,6719.0,0.0,0.0,0.0,0.0,0.0,0.0,183651.0,0.0,0.0,0.0,0.0,0.0,0.0,0.0,0.0,0.0,115.95,22.95,0.0,0.0,0.0,0.0,0.0,0.0,93.0,0.0,0.0,0.0,0.0,0.0,0.0,0.0,0.0,0.0,153207.0,94196.0,22946.0,0.0,0.0,36065.0,49,50,1,True,Communauté Urbaine Toulouse Métropole,,,,,matched_epci,,,,,,,1988-01-01,estimee,,
169,3102C,Éco-quartier Balma Vidailhan,Balma,Haute-Garonne,Occitanie,ENGIE Solutions DR OCCITANIE BATIMENT,ENGIE SOLUTIONS DR OCCITANIE BATIMENT,False,2011.0,2.3,34.0,53.1,0.129,0.158,,,,,,67.0,0.0,9840.0,4900.0,0.0,0.0,0.0,0.0,4804.0,0.0,0.0,0.0,0.0,0.0,136.0,0.0,0.0,0.0,0.0,0.0,5.62,4.5,0.0,0.0,0.0,0.0,1.12,0.0,0.0,0.0,0.0,0.0,0.0,0.0,0.0,0.0,0.0,0.0,6554.0,6095.0,459.0,0.0,0.0,0.0,100,0,0,True,Communauté Urbaine Toulouse Métropole,,,,,matched_epci,,,,,,,2031-01-01,estimee,,
170,3103C,Zac du Ritouret,Blagnac,Haute-Garonne,Occitanie,TOULOUSE METROPOLE,BLAGNAC ENERGIES VERTES,True,1970.0,,44.0,73.1,0.063,0.054,97.68,51.0,49.0,87.23,105.66,84.0,0.0,15488.0,1521.0,0.0,0.0,0.0,0.0,3708.0,0.0,0.0,0.0,271.0,9988.0,0.0,0.0,0.0,0.0,0.0,0.0,16.6,11.0,0.0,0.0,0.0,0.0,1.6,0.0,0.0,0.0,0.8,3.2,0.0,0.0,0.0,0.0,0.0,0.0,13058.0,9924.0,261.0,261.0,0.0,2612.0,100,0,0,True,Communauté Urbaine Toulouse Métropole,,,,,matched_epci,,,,,,,1990-01-01,estimee,,
171,3104C,Canceropôle,Toulouse,Haute-Garonne,Occitanie,ENGIE Solutions DR OCCITANIE BATIMENT,C.E.S (ENGIE SOLUTIONS),False,2008.0,2.0,8.0,76.5,0.06,0.069,,,,,,85.0,0.0,18288.0,4615.0,0.0,0.0,0.0,0.0,0.0,0.0,13673.0,0.0,0.0,0.0,0.0,0.0,0.0,0.0,0.0,0.0,37.09,21.09,0.0,0.0,0.0,0.0,0.0,0.0,16.0,0.0,0.0,0.0,0.0,0.0,0.0,0.0,0.0,0.0,15579.0,0.0,15579.0,0.0,0.0,0.0,100,0,0,True,Communauté Urbaine Toulouse Métropole,,,,,matched_epci,,,,,,,2028-01-01,estimee,,
172,3106C,"Réseau ""Saint Exupéry""",Toulouse,Haute-Garonne,Occitanie,K/B,DALKIA TOULOUSE,False,2010.0,2.0,8.0,78.1,0.084,0.102,150.18,38.0,62.0,110.92,140.66,83.0,0.0,5081.0,0.0,0.0,0.0,0.0,0.0,0.0,0.0,0.0,0.0,0.0,0.0,0.0,0.0,0.0,5081.0,0.0,0.0,0.0,0.0,0.0,0.0,0.0,0.0,0.0,0.0,0.0,0.0,0.0,0.0,0.0,0.0,0.0,0.0,0.0,0.0,4201.0,4201.0,0.0,0.0,0.0,0.0,100,0,0,True,Communauté Urbaine Toulouse Métropole,,,,,matched_epci,,,,,,,2030-01-01,estimee,,
173,3107C,Ensemble Universitaire Toulouse Rangueil,Toulouse,Haute-Garonne,Occitanie,SGE - UFTMIP,SGE - UFTMIP,False,1960.0,11.0,67.0,81.0,0.045,0.066,90.73,52.0,48.0,66.51,76.35,86.0,0.0,46783.0,8895.0,0.0,0.0,0.0,0.0,33357.0,0.0,4531.0,0.0,0.0,0.0,0.0,0.0,0.0,0.0,0.0,0.0,84.6,68.3,0.0,0.0,0.0,0.0,12.3,0.0,4.0,0.0,0.0,0.0,0.0,0.0,0.0,0.0,0.0,0.0,40315.0,11288.0,29027.0,0.0,0.0,0.0,0,100,0,True,Communauté Urbaine Toulouse Métropole,,,,,matched_epci,,,,,,,1980-01-01,estimee,,
174,3108C,En Turet,Ayguesvives,Haute-Garonne,Occitanie,COMMUNAUTE D'AGGLOMERATION DU SICOVAL,COMMUNAUTE D'AGGLOMERATION DU SICOVAL,True,,1.0,43.0,33.6,0.203,0.236,168.22,76.0,24.0,142.6,149.66,80.0,0.0,1049.0,788.0,0.0,0.0,0.0,0.0,261.0,0.0,0.0,0.0,0.0,0.0,0.0,0.0,0.0,0.0,0.0,0.0,1.45,0.89,0.0,0.0,0.0,0.0,0.56,0.0,0.0,0.0,0.0,0.0,0.0,0.0,0.0,0.0,0.0,0.0,845.0,347.0,497.0,0.0,0.0,0.0,100,0,0,True,,,,,,,,,,,,,,inconnue,,
175,3111C,CAMUS,Castanet-Tolosan,Haute-Garonne,Occitanie,COMMUNAUTE D'AGGLOMERATION DU SICOVAL,COMMUNAUTE D'AGGLOMERATION DU SICOVAL,True,,1.0,21.0,24.5,0.215,0.247,164.09,85.0,15.0,,,82.0,0.0,2252.0,1927.0,0.0,0.0,0.0,0.0,325.0,0.0,0.0,0.0,0.0,0.0,0.0,0.0,0.0,0.0,0.0,0.0,1.9,1.5,0.0,0.0,0.0,0.0,0.4,0.0,0.0,0.0,0.0,0.0,0.0,0.0,0.0,0.0,0.0,0.0,1842.0,1727.0,115.0,0.0,0.0,0.0,100,0,0,True,,,,,,,,,,,,,,inconnue,,
176,3112C,Toulouse Energie Durable (TED) chaud,Toulouse,Haute-Garonne,Occitanie,Toulouse Métropole,TED (Dalkia),True,2015.0,32.0,105.0,78.1,0.071,0.083,95.56,54.0,46.0,96.46,121.43,91.0,-3.0,115774.0,30186.0,0.0,0.0,0.0,0.0,0.0,0.0,85143.0,0.0,0.0,445.0,0.0,0.0,0.0,0.0,0.0,0.0,433.0,58.0,0.0,0.0,0.0,0.0,0.0,0.0,25.0,0.0,0.0,350.0,0.0,0.0,0.0,0.0,0.0,0.0,105725.0,31718.0,74008.0,0.0,0.0,0.0,78,22,0,True,Communauté Urbaine Toulouse Métropole,,,,,matched_epci,,,,,,,2035-01-01,estimee,,
177,3114C,ZAC GUILLAUMET,Toulouse,Haute-Garonne,Occitanie,SNC TOULOUSE GUILLAUMET,Engie Energie Services Toulouse (ENGIE SOLUTIONS),False,2022.0,,9.0,9.4,0.216,0.246,,,,,,87.0,0.0,3119.0,750.0,0.0,0.0,0.0,0.0,293.0,0.0,0.0,0.0,0.0,0.0,0.0,2076.0,0.0,0.0,0.0,0.0,8.0,6.6,0.0,0.0,0.0,0.0,1.4,0.0,0.0,0.0,0.0,0.0,0.0,0.0,0.0,0.0,0.0,0.0,2726.0,2726.0,0.0,0.0,0.0,0.0,,,,True,Communauté Urbaine Toulouse Métropole,,,,,matched_epci,,,,,,,2042-01-01,estimee,,
178,3116C,Réseau chaleur Bois Arbas,Arbas,Haute-Garonne,Occitanie,Mairie d'Arbas,Mairie d'Arbas,False,2019.0,,43.0,100.0,0.0,0.035,199.06,67.0,33.0,152.24,162.01,49.0,0.0,646.0,0.0,0.0,0.0,0.0,0.0,646.0,0.0,0.0,0.0,0.0,0.0,0.0,0.0,0.0,0.0,0.0,0.0,0.75,0.0,0.0,0.0,0.0,0.0,0.75,0.0,0.0,0.0,0.0,0.0,0.0,0.0,0.0,0.0,0.0,0.0,318.0,0.0,0.0,0.0,0.0,318.0,,,,True,,,,,,,,,,,,,2039-01-01,estimee,,
179,3302C,Grand Parc Energies,Bordeaux,Gironde,Nouvelle-Aquitaine,Bordeaux métropole,Grand parc Energies (ENGIE SOLUTIONS),True,,8.0,48.0,0.0,0.248,0.271,,,,,,94.0,0.0,19221.0,11615.0,0.0,0.0,0.0,0.0,0.0,0.0,0.0,0.0,0.0,0.0,0.0,7606.0,0.0,0.0,0.0,0.0,36.0,36.0,0.0,0.0,0.0,0.0,0.0,0.0,0.0,0.0,0.0,0.0,0.0,0.0,0.0,0.0,0.0,0.0,17982.0,17982.0,0.0,0.0,0.0,0.0,100,0,0,True,BORDEAUX METROPOLE,,,,,matched_epci,,,,,,,,inconnue,,
180,3303C,Mériadeck,Bordeaux,Gironde,Nouvelle-Aquitaine,Bordeaux métropole,ENGIE SOLUTIONS AGENCE GARONNE,True,1982.0,,15.0,100.0,0.0,0.015,,,,,,91.0,0.0,3790.0,0.0,0.0,0.0,0.0,0.0,0.0,0.0,0.0,0.0,3790.0,0.0,0.0,0.0,0.0,0.0,0.0,0.0,5.44,0.0,0.0,0.0,0.0,0.0,0.0,0.0,0.0,0.0,5.44,0.0,0.0,0.0,0.0,0.0,0.0,0.0,3445.0,0.0,3445.0,0.0,0.0,0.0,100,0,0,True,BORDEAUX METROPOLE,,,,,matched_epci,,,,,,,2002-01-01,estimee,,
181,3304C,Parc de Mérignac Ville Stemer,Mérignac,Gironde,Nouvelle-Aquitaine,LAMY,DALKIA,False,1966.0,3.0,10.0,0.0,0.242,0.277,116.65,42.0,58.0,507.1,698.41,88.0,0.0,11801.0,5411.0,0.0,0.0,0.0,0.0,0.0,0.0,0.0,0.0,0.0,0.0,0.0,6390.0,0.0,0.0,0.0,0.0,23.42,23.42,0.0,0.0,0.0,0.0,0.0,0.0,0.0,0.0,0.0,0.0,0.0,0.0,0.0,0.0,0.0,0.0,10328.0,10328.0,0.0,0.0,0.0,0.0,100,0,0,True,BORDEAUX METROPOLE,,,,,matched_epci,,,,,,,1986-01-01,estimee,,
182,3305C,Laseris,Le Barp,Gironde,Nouvelle-Aquitaine,ENGIE SOLUTIONS AGENCE GARONNE,ENGIE SOLUTIONS AGENCE GARONNE,False,2005.0,0.5,11.0,38.6,0.135,0.087,,,,,,87.0,0.0,7239.0,1387.0,0.0,0.0,0.0,0.0,0.0,0.0,0.0,0.0,0.0,5852.0,0.0,0.0,0.0,0.0,0.0,0.0,6.9,6.0,0.0,0.0,0.0,0.0,0.0,0.0,0.0,0.0,0.0,0.9,0.0,0.0,0.0,0.0,0.0,0.0,6302.0,0.0,0.0,6302.0,0.0,0.0,100,0,0,True,,,,,,,,,,,,,2025-01-01,estimee,,
183,3315C,Réseau de Terres Neuves,Bègles,Gironde,Nouvelle-Aquitaine,AFUL des Terres Neuves,DALKIA,False,2012.0,2.0,18.0,74.0,0.068,0.094,158.15,42.0,58.0,154.43,198.1,84.0,0.0,5997.0,2044.0,0.0,0.0,0.0,0.0,3953.0,0.0,0.0,0.0,0.0,0.0,0.0,0.0,0.0,0.0,0.0,0.0,4.5,3.3,0.0,0.0,0.0,0.0,1.2,0.0,0.0,0.0,0.0,0.0,0.0,0.0,0.0,0.0,0.0,0.0,5062.0,4860.0,202.0,0.0,0.0,0.0,100,0,0,True,BORDEAUX METROPOLE,,,,,matched_epci,,,,,,,2032-01-01,estimee,,
184,3316C,Réseau de l'éco-quartier Ginko,Bordeaux,Gironde,Nouvelle-Aquitaine,BOUYGUES IMMOBILIER,ENGIE SOLUTIONS AGENCE GARONNE,False,2018.0,6.0,38.0,62.5,0.09,0.113,,,,,,91.0,0.0,20495.0,7678.0,0.0,0.0,0.0,0.0,12817.0,0.0,0.0,0.0,0.0,0.0,0.0,0.0,0.0,0.0,0.0,0.0,17.0,14.0,0.0,0.0,0.0,0.0,3.0,0.0,0.0,0.0,0.0,0.0,0.0,0.0,0.0,0.0,0.0,0.0,18609.0,18609.0,0.0,0.0,0.0,0.0,100,0,0,True,BORDEAUX METROPOLE,,,,,matched_epci,,,,,,,2038-01-01,estimee,,
185,3317C,Saige-Formanoir,Pessac,Gironde,Nouvelle-Aquitaine,ENGIE ENERGIE SERVICES Le Petit Quevilly,ENGIE SOLUTIONS AGENCE GARONNE,False,,2.0,14.0,59.1,0.077,0.069,,,,,,100.0,0.0,11877.0,2415.0,0.0,0.0,0.0,0.0,0.0,0.0,0.0,0.0,0.0,9062.0,0.0,0.0,0.0,400.0,0.0,0.0,12.26,7.0,0.0,0.0,0.0,0.0,0.0,0.0,0.0,0.0,0.0,2.0,0.0,0.0,0.0,3.26,0.0,0.0,11935.0,11935.0,0.0,0.0,0.0,0.0,100,0,0,True,BORDEAUX METROPOLE,,,,,matched_epci,,,,,,,,inconnue,,
186,3318C,Bassins à Flot,Bordeaux,Gironde,Nouvelle-Aquitaine,ENERGIE DES BASSINS,ENERGIE DES BASSINS (Mixéner),False,2016.0,8.0,84.0,68.0,0.079,0.092,,,,,,89.0,0.0,35926.0,9781.0,0.0,0.0,0.0,0.0,16259.0,0.0,0.0,0.0,0.0,9886.0,0.0,0.0,0.0,0.0,0.0,0.0,35.4,22.0,0.0,0.0,0.0,0.0,5.0,0.0,0.0,0.0,0.0,8.4,0.0,0.0,0.0,0.0,0.0,0.0,32108.0,24402.0,7706.0,0.0,0.0,0.0,100,0,0,True,BORDEAUX METROPOLE,,,,,matched_epci,,,,,,,2036-01-01,estimee,,
187,3319C,Bordeaux Begles Energies,"Bordeaux,Bègles",Gironde,Nouvelle-Aquitaine,Bordeaux métropole,Bordeaux Bègles Energies (Mixéner),True,2016.0,,63.0,97.6,0.006,0.011,97.26,68.0,32.0,87.36,98.33,96.0,6.0,28834.0,679.0,0.0,0.0,0.0,0.0,0.0,0.0,28155.0,0.0,0.0,0.0,0.0,0.0,0.0,0.0,0.0,0.0,32.0,18.0,0.0,0.0,0.0,0.0,0.0,0.0,14.0,0.0,0.0,0.0,0.0,0.0,0.0,0.0,0.0,0.0,27531.0,0.0,0.0,0.0,0.0,27531.0,100,0,0,True,BORDEAUX METROPOLE,,,,,matched_epci,,,,,,,2036-01-01,estimee,,
188,3321C,Réseau Portes du PYLA,La Teste-de-Buch,Gironde,Nouvelle-Aquitaine,ENGIE Solutions DR OCCITANIE BATIMENT,ENGIE SOLUTIONS AGENCE GARONNE,False,2017.0,1.0,17.0,56.2,0.102,0.117,,,,,,95.0,0.0,3616.0,1780.0,0.0,0.0,0.0,0.0,0.0,0.0,0.0,0.0,0.0,0.0,0.0,0.0,1836.0,0.0,0.0,0.0,2.2,1.4,0.0,0.0,0.0,0.0,0.0,0.0,0.0,0.0,0.0,0.0,0.0,0.0,0.8,0.0,0.0,0.0,3448.0,3448.0,0.0,0.0,0.0,0.0,100,0,0,True,,,,,,,,,,,,,2037-01-01,estimee,,
189,3324C,Réseau de chaleur des Hauts de Garonne,"Cenon,Floirac,Lormont",Gironde,Nouvelle-Aquitaine,Bordeaux métropole,HAUTS DE GARONNE ENERGIES (IDEX),True,,,156.0,92.6,0.019,0.026,87.49,45.0,55.0,85.38,108.11,87.0,1.0,125727.0,6759.0,0.0,22.0,0.0,0.0,8238.0,0.0,108171.0,0.0,0.0,0.0,0.0,2537.0,0.0,0.0,0.0,0.0,126.0,98.0,0.0,0.5,0.0,0.0,5.5,0.0,22.0,0.0,0.0,0.0,0.0,0.0,0.0,0.0,0.0,0.0,109945.0,0.0,0.0,0.0,0.0,109945.0,100,0,0,True,BORDEAUX METROPOLE,,,,,matched_epci,,,,,,,,inconnue,,
190,3325C,Réseau Plaine de Garonne Energies,"Bordeaux,Floirac,Lormont",Gironde,Nouvelle-Aquitaine,Bordeaux métropole,Plaine de Garonne Energies (ENGIE SOLUTIONS),True,2020.0,,123.0,61.6,0.088,0.075,,,,,,86.0,0.0,53358.0,9699.0,0.0,0.0,0.0,0.0,4787.0,0.0,0.0,0.0,0.0,38513.0,0.0,0.0,0.0,359.0,0.0,0.0,55.32,33.75,0.0,0.0,0.0,0.0,7.1,0.0,0.0,0.0,0.0,9.0,0.0,0.0,0.0,5.47,0.0,0.0,46048.0,39109.0,6939.0,0.0,0.0,0.0,100,0,0,True,BORDEAUX METROPOLE,,,,,matched_epci,,,,,,,2040-01-01,estimee,,
191,3326C,Réseau d'AUBIERS,Bordeaux,Gironde,Nouvelle-Aquitaine,GIE LES AUBIERS LE LAC,ENGIE AGENCE GARONNE,False,2012.0,,7.0,76.3,0.06,0.082,,,,,,100.0,0.0,14751.0,3492.0,0.0,0.0,0.0,0.0,11259.0,0.0,0.0,0.0,0.0,0.0,0.0,0.0,0.0,0.0,0.0,0.0,12.4,9.4,0.0,0.0,0.0,0.0,3.0,0.0,0.0,0.0,0.0,0.0,0.0,0.0,0.0,0.0,0.0,0.0,14734.0,14734.0,0.0,0.0,0.0,0.0,100,0,0,True,BORDEAUX METROPOLE,,,,,matched_epci,,,,,,,2032-01-01,estimee,,
192,3327C,BURCK,Mérignac,Gironde,Nouvelle-Aquitaine,A.S.L. DES PROPRIETAIRES DU DOMAINE DU CHÂTEAU DU BURCK,ENGIE SOLUTIONS AGENCE GARONNE,False,2021.0,,12.0,0.0,0.226,0.254,,,,,,95.0,0.0,1567.0,705.0,0.0,0.0,0.0,0.0,0.0,0.0,0.0,0.0,0.0,0.0,0.0,862.0,0.0,0.0,0.0,0.0,3.0,3.0,0.0,0.0,0.0,0.0,0.0,0.0,0.0,0.0,0.0,0.0,0.0,0.0,0.0,0.0,0.0,0.0,1488.0,1488.0,0.0,0.0,0.0,0.0,100,0,0,True,BORDEAUX METROPOLE,,,,,matched_epci,,,,,,,2041-01-01,estimee,,
193,3328C,Chaufferie bois Saint Médard,Saint-Médard-en-Jalles,Gironde,Nouvelle-Aquitaine,Bordeaux métropole,ENGIE SOLUTIONS AGENCE GARONNE,True,2009.0,,5.0,63.4,0.103,0.13,,,,,,74.0,0.0,1680.0,651.0,0.0,0.0,0.0,0.0,1029.0,0.0,0.0,0.0,0.0,0.0,0.0,0.0,0.0,0.0,0.0,0.0,1.16,0.6,0.0,0.0,0.0,0.0,0.56,0.0,0.0,0.0,0.0,0.0,0.0,0.0,0.0,0.0,0.0,0.0,1239.0,124.0,1115.0,0.0,0.0,0.0,100,0,0,True,BORDEAUX METROPOLE,,,,,matched_epci,,,,,,,2029-01-01,estimee,,
194,3334C,Newton,Bègles,Gironde,Nouvelle-Aquitaine,BORDEAUX EURATLANTIQUE,ENGIE SOLUTIONS AGENCE GARONNE,True,2020.0,,4.0,26.9,0.116,0.086,,,,,,137.0,0.0,363.0,43.0,0.0,0.0,0.0,0.0,0.0,0.0,0.0,0.0,0.0,320.0,0.0,0.0,0.0,0.0,0.0,0.0,1.5,1.0,0.0,0.0,0.0,0.0,0.0,0.0,0.0,0.0,0.0,0.5,0.0,0.0,0.0,0.0,0.0,0.0,496.0,0.0,496.0,0.0,0.0,0.0,,,,True,BORDEAUX METROPOLE,,,,,matched_epci,,,,,,,2040-01-01,estimee,,
195,3335C,Mérignac Centre Energies,Mérignac,Gironde,Nouvelle-Aquitaine,MERIGNAC CENTRE ENERGIES,MERIGNAC CENTRE ENERGIES (IDEX),False,,,11.0,72.3,0.082,0.106,100.36,52.0,48.0,104.8,131.23,86.0,0.0,13879.0,3850.0,0.0,0.0,0.0,0.0,10029.0,0.0,0.0,0.0,0.0,0.0,0.0,0.0,0.0,0.0,0.0,0.0,7.7,4.0,0.0,0.0,0.0,0.0,3.7,0.0,0.0,0.0,0.0,0.0,0.0,0.0,0.0,0.0,0.0,0.0,11896.0,6067.0,5829.0,0.0,0.0,0.0,,,,True,BORDEAUX METROPOLE,,,,,matched_epci,,,,,,,,inconnue,,
196,3401C,RMCF,Montpellier,Hérault,Occitanie,Ville de Montpellier,SERM,True,1971.0,21.0,293.0,71.5,0.065,0.089,112.54,68.0,32.0,105.95,115.34,86.0,3.0,134555.0,35101.0,0.0,0.0,0.0,0.0,78661.0,0.0,0.0,0.0,4070.0,5489.0,0.0,0.0,9834.0,0.0,0.0,1400.0,143.55,84.3,0.0,0.0,0.0,0.0,36.9,0.0,0.0,0.0,4.6,1.8,0.0,0.0,6.95,0.0,0.0,9.0,116431.0,45408.0,71023.0,0.0,0.0,0.0,100,0,0,True,,,,,,,,,,,,,1991-01-01,estimee,,
197,3409C,ZAC des Constellations,Juvignac,Hérault,Occitanie,ENGIE Solutions Languedoc Roussillon,ENGIE SOLUTIONS Languedoc Roussillon,False,2013.0,1.6,21.0,75.5,0.067,0.093,,,,,,84.0,0.0,5728.0,1401.0,0.0,0.0,0.0,0.0,4124.0,0.0,0.0,0.0,0.0,0.0,203.0,0.0,0.0,0.0,0.0,0.0,5.2,4.0,0.0,0.0,0.0,0.0,1.2,0.0,0.0,0.0,0.0,0.0,0.0,0.0,0.0,0.0,0.0,0.0,4817.0,4817.0,0.0,0.0,0.0,0.0,100,0,0,True,,,,,,,,,,,,,2033-01-01,estimee,,
198,3410C,Eco-Quartier Le Mas de Rochet,Castelnau-le-Lez,Hérault,Occitanie,ENGIE Solutions Languedoc Roussillon,ENGIE SOLUTIONS Languedoc Roussillon,False,2018.0,0.7,9.0,62.4,0.094,0.121,,,,,,90.0,0.0,2304.0,929.0,0.0,0.0,0.0,0.0,1375.0,0.0,0.0,0.0,0.0,0.0,0.0,0.0,0.0,0.0,0.0,0.0,1.7,1.3,0.0,0.0,0.0,0.0,0.4,0.0,0.0,0.0,0.0,0.0,0.0,0.0,0.0,0.0,0.0,0.0,2076.0,1038.0,1038.0,0.0,0.0,0.0,100,0,0,True,,,,,,,,,,,,,2038-01-01,estimee,,
199,3412C,BET BOIRARGUES chaud,Lattes,Hérault,Occitanie,Dalkia,Dalkia,False,2015.0,,7.0,75.4,0.044,0.023,191.02,29.0,71.0,231.33,316.26,100.0,0.0,2400.0,0.0,0.0,0.0,0.0,0.0,0.0,0.0,0.0,0.0,0.0,2400.0,0.0,0.0,0.0,0.0,0.0,0.0,1.27,0.0,0.0,0.0,0.0,0.0,0.0,0.0,0.0,0.0,0.0,1.27,0.0,0.0,0.0,0.0,0.0,0.0,2400.0,2160.0,240.0,0.0,0.0,0.0,100,0,0,True,,,,,,,,,,,,,2035-01-01,estimee,,
200,3413C,BET ODE chaud,Pérols,Hérault,Occitanie,Energies du Sud,Energies du Sud,False,2019.0,1.0,2.0,63.6,0.065,0.043,137.01,64.0,36.0,126.64,145.92,50.0,0.0,1082.0,0.0,0.0,0.0,0.0,0.0,0.0,0.0,0.0,0.0,543.0,539.0,0.0,0.0,0.0,0.0,0.0,0.0,1.12,0.0,0.0,0.0,0.0,0.0,0.0,0.0,0.0,0.0,0.32,0.8,0.0,0.0,0.0,0.0,0.0,0.0,539.0,539.0,0.0,0.0,0.0,0.0,100,0,0,True,,,,,,,,,,,,,2039-01-01,estimee,,
201,3414C,BET EUREKA chaud,"Castelnau-le-Lez,Montpellier",Hérault,Occitanie,Energies du Sud,Energies du Sud,False,2019.0,1.0,16.0,68.4,0.061,0.031,124.44,66.0,34.0,117.24,134.89,62.0,0.0,6712.0,0.0,0.0,0.0,0.0,0.0,0.0,0.0,0.0,0.0,0.0,4447.0,0.0,0.0,2265.0,0.0,0.0,0.0,7.3,0.0,0.0,0.0,0.0,0.0,0.0,0.0,0.0,0.0,0.0,3.3,0.0,0.0,4.0,0.0,0.0,0.0,4171.0,3462.0,709.0,0.0,0.0,0.0,100,0,0,True,,,,,,,,,,,,,2039-01-01,estimee,,
202,3425C,Prado Concorde,Castelnau-le-Lez,Hérault,Occitanie,ENGIE Solutions Languedoc Roussillon,ENGIE Solutions Languedoc Roussillon,False,2020.0,,6.0,40.6,0.146,0.103,,,,,,74.0,0.0,2415.0,538.0,0.0,0.0,0.0,0.0,0.0,0.0,0.0,0.0,0.0,1877.0,0.0,0.0,0.0,0.0,0.0,0.0,2.43,1.37,0.0,0.0,0.0,0.0,0.0,0.0,0.0,0.0,0.0,1.06,0.0,0.0,0.0,0.0,0.0,0.0,1791.0,1791.0,0.0,0.0,0.0,0.0,100,0,0,True,,,,,,,,,,,,,2040-01-01,estimee,,
203,3504C,Sarah Bernhardt,Rennes,Ille-et-Vilaine,Bretagne,AIGUILLON CONSTRUCTION,Dalkia,False,1998.0,1.0,9.0,53.4,0.109,0.143,,,,,,93.0,0.0,4864.0,496.0,0.0,0.0,0.0,0.0,0.0,0.0,0.0,0.0,0.0,0.0,0.0,0.0,0.0,4368.0,0.0,0.0,2.5,2.5,0.0,0.0,0.0,0.0,0.0,0.0,0.0,0.0,0.0,0.0,0.0,0.0,0.0,0.0,0.0,0.0,4531.0,4531.0,0.0,0.0,0.0,0.0,100,0,0,True,,,,,,,,,,,,,2018-01-01,estimee,,
204,3505C,Campus Scientifique de Beaulieu,Rennes,Ille-et-Vilaine,Bretagne,Université Rennes 1,DALKIA TOURS,False,1968.0,10.0,41.0,0.0,0.204,0.237,109.0,44.0,56.0,78.57,93.69,97.0,-4.0,21275.0,21275.0,0.0,0.0,0.0,0.0,0.0,0.0,0.0,0.0,0.0,0.0,0.0,0.0,0.0,0.0,0.0,0.0,52.5,52.5,0.0,0.0,0.0,0.0,0.0,0.0,0.0,0.0,0.0,0.0,0.0,0.0,0.0,0.0,0.0,0.0,20548.0,0.0,20548.0,0.0,0.0,0.0,100,0,0,True,,,,,,,,,,,,,1988-01-01,estimee,,
205,3506C,Rennes Sud,"Chantepie,Rennes,Saint-Jacques-de-la-Lande",Ille-et-Vilaine,Bretagne,Rennes Métropole,ENERSUD (ENGIE SOLUTIONS),False,1970.0,44.6,281.0,59.4,0.086,0.115,87.59,57.0,43.0,101.36,127.13,87.0,2.0,215856.0,87568.0,0.0,0.0,0.0,0.0,0.0,0.0,0.0,0.0,0.0,0.0,0.0,0.0,0.0,128288.0,0.0,0.0,146.0,122.0,0.0,0.0,0.0,0.0,0.0,0.0,0.0,0.0,0.0,0.0,0.0,0.0,0.0,24.0,0.0,0.0,183798.0,128672.0,55126.0,0.0,0.0,0.0,64.9,35.1,0,True,,,,,,,,,,,,,1990-01-01,estimee,,
206,3507C,Réseau de RENNES NORD & EST,Rennes,Ille-et-Vilaine,Bretagne,Rennes Métropole,EN'RNOV (ENGIE SOLUTIONS),True,1970.0,37.0,375.0,19.3,0.192,0.219,99.11,54.0,46.0,101.06,122.33,90.0,9.0,225125.0,203615.0,0.0,0.0,0.0,0.0,21510.0,0.0,0.0,0.0,0.0,0.0,0.0,0.0,0.0,0.0,0.0,0.0,118.7,112.0,0.0,0.0,0.0,0.0,6.7,0.0,0.0,0.0,0.0,0.0,0.0,0.0,0.0,0.0,0.0,0.0,201586.0,141110.0,60476.0,0.0,0.0,0.0,100,0,0,True,,,,,,,,,,,,,1990-01-01,estimee,,
207,3508C,Réseau de chaleur Bretagne romantique  à Combourg,Combourg,Ille-et-Vilaine,Bretagne,Communauté de communes Bretagne romantique,Régie de distrib. d'enr biomasse Bretagne romantique,True,2016.0,,10.0,96.9,0.009,0.034,125.07,62.0,38.0,109.22,124.27,76.0,0.0,5087.0,156.0,0.0,0.0,0.0,0.0,4930.0,0.0,0.0,0.0,0.0,0.0,0.0,0.0,0.0,0.0,0.0,0.0,4.74,3.3,0.0,0.0,0.0,0.0,1.44,0.0,0.0,0.0,0.0,0.0,0.0,0.0,0.0,0.0,0.0,0.0,3855.0,0.0,3855.0,0.0,0.0,0.0,100,0,0,True,,,,,,,,,,,,,2036-01-01,estimee,,
208,3510C,REVERTEC,Vitré,Ille-et-Vilaine,Bretagne,S3T'ec,DALKIA,True,,3.0,6.0,80.2,0.049,0.059,,,,,,91.0,0.0,21921.0,4341.0,0.0,0.0,0.0,0.0,0.0,6453.0,0.0,0.0,0.0,0.0,0.0,0.0,11126.0,0.0,0.0,0.0,9.5,5.0,0.0,0.0,0.0,0.0,0.0,2.0,0.0,0.0,0.0,0.0,0.0,0.0,2.5,0.0,0.0,0.0,19986.0,0.0,2906.0,2334.0,14746.0,0.0,100,0,0,True,,,,,,,,,,,,,,inconnue,,
209,3511C,SILVA  -- Réseau de JANZE,Janzé,Ille-et-Vilaine,Bretagne,CCPRF,SILVA,True,2014.0,1.0,12.0,86.8,0.035,0.059,101.42,48.0,52.0,96.74,120.85,90.0,0.0,4558.0,599.0,0.0,0.0,0.0,0.0,3959.0,0.0,0.0,0.0,0.0,0.0,0.0,0.0,0.0,0.0,0.0,0.0,2.8,1.4,0.0,0.0,0.0,0.0,1.4,0.0,0.0,0.0,0.0,0.0,0.0,0.0,0.0,0.0,0.0,0.0,4088.0,409.0,3679.0,0.0,0.0,0.0,100,0,0,True,,,,,,,,,,,,,2034-01-01,estimee,,
210,3512C,Réseau de Vezin le Coquet,Vezin-le-Coquet,Ille-et-Vilaine,Bretagne,Rennes Metropole,SOGEX,False,2007.0,2.0,21.0,78.9,0.058,0.086,111.91,45.0,55.0,90.06,109.97,85.0,0.0,5032.0,1063.0,0.0,0.0,0.0,0.0,3970.0,0.0,0.0,0.0,0.0,0.0,0.0,0.0,0.0,0.0,0.0,0.0,2.8,1.4,0.0,0.0,0.0,0.0,1.4,0.0,0.0,0.0,0.0,0.0,0.0,0.0,0.0,0.0,0.0,0.0,4261.0,2983.0,1278.0,0.0,0.0,0.0,100,0,0,True,,,,,,,,,,,,,2027-01-01,estimee,,
211,3514C,Reseau Chartres de Bretagne (ZAC portes de Seiche),Chartres-de-Bretagne,Ille-et-Vilaine,Bretagne,Régie des réseaux de chaleur de Rennes Metropole,Régie des réseaux de chaleur de Rennes Métropole,False,2017.0,1.0,11.0,74.0,0.069,0.093,148.63,40.0,60.0,134.58,171.83,86.0,0.0,1515.0,394.0,0.0,0.0,0.0,0.0,1121.0,0.0,0.0,0.0,0.0,0.0,0.0,0.0,0.0,0.0,0.0,0.0,1.77,1.02,0.0,0.0,0.0,0.0,0.75,0.0,0.0,0.0,0.0,0.0,0.0,0.0,0.0,0.0,0.0,0.0,1301.0,1301.0,0.0,0.0,0.0,0.0,100,0,0,True,,,,,,,,,,,,,2037-01-01,estimee,,
212,3515C,"Réseau de chaleur de Retiers, Martigne-Ferchaud, Coesmes","Coësmes,Martigné-Ferchaud,Retiers",Ille-et-Vilaine,Bretagne,Nemora (publique),Nemora (publique),True,2020.0,,17.0,96.5,0.016,0.044,139.32,37.0,63.0,101.35,126.35,76.0,0.0,3557.0,0.0,0.0,125.0,0.0,0.0,3431.0,0.0,0.0,0.0,0.0,0.0,0.0,0.0,0.0,0.0,0.0,0.0,3.68,0.0,0.0,1.43,0.0,0.0,2.25,0.0,0.0,0.0,0.0,0.0,0.0,0.0,0.0,0.0,0.0,0.0,2711.0,922.0,1789.0,0.0,0.0,0.0,100,0,0,True,,,,,,,,,,,,,2040-01-01,estimee,,
213,3516C,SAVE,Cornillé,Ille-et-Vilaine,Bretagne,Agromousquetaires,Agromousquetaires,False,2002.0,,1.0,100.0,0.0,0.004,50.8,100.0,0.0,64.36,64.36,100.0,0.0,43195.0,0.0,0.0,0.0,0.0,0.0,0.0,43195.0,0.0,0.0,0.0,0.0,0.0,0.0,0.0,0.0,0.0,0.0,5.0,0.0,0.0,0.0,0.0,0.0,0.0,5.0,0.0,0.0,0.0,0.0,0.0,0.0,0.0,0.0,0.0,0.0,43195.0,0.0,0.0,43195.0,0.0,0.0,0,0,100,True,,,,,,,,,,,,,2022-01-01,estimee,,
214,3601C,SDCC,Châteauroux,Indre,Centre-Val de Loire,Société de Distribution de Chaleur de Châteauroux,Société de Distribution de Chaleur de Châteauroux (ENGIE SOLUTIONS),False,1981.0,,5.0,66.3,0.044,0.023,,,,,,138.0,0.0,3639.0,0.0,0.0,0.0,0.0,0.0,0.0,0.0,0.0,0.0,0.0,3639.0,0.0,0.0,0.0,0.0,0.0,0.0,2.0,0.0,0.0,0.0,0.0,0.0,0.0,0.0,0.0,0.0,0.0,2.0,0.0,0.0,0.0,0.0,0.0,0.0,5038.0,5038.0,0.0,0.0,0.0,0.0,100,0,0,True,,,,,,,,,,,,,2001-01-01,estimee,,
215,3602C,Réseau de chaleur de la cité de Beaulieu,Châteauroux,Indre,Centre-Val de Loire,OPAC36,OPAC36,False,2003.0,2.0,5.0,83.6,0.037,0.058,,,,,,82.0,0.0,8146.0,1390.0,0.0,0.0,0.0,0.0,6756.0,0.0,0.0,0.0,0.0,0.0,0.0,0.0,0.0,0.0,0.0,0.0,10.0,6.0,0.0,0.0,0.0,0.0,4.0,0.0,0.0,0.0,0.0,0.0,0.0,0.0,0.0,0.0,0.0,0.0,6712.0,6276.0,0.0,0.0,0.0,436.0,100,0,0,True,,,,,,,,,,,,,2023-01-01,estimee,,
216,3603C,Réseau de chaleur Argenton sur Creuse,Argenton-sur-Creuse,Indre,Centre-Val de Loire,OPAC36,OPAC36,False,2000.0,,5.0,96.3,0.009,0.03,,,,,,82.0,0.0,1913.0,99.0,0.0,0.0,0.0,0.0,1814.0,0.0,0.0,0.0,0.0,0.0,0.0,0.0,0.0,0.0,0.0,0.0,2.73,1.9,0.0,0.0,0.0,0.0,0.83,0.0,0.0,0.0,0.0,0.0,0.0,0.0,0.0,0.0,0.0,0.0,1576.0,1511.0,0.0,0.0,0.0,65.0,100,0,0,True,,,,,,,,,,,,,2020-01-01,estimee,,
217,3605C,Réseau de chaleur d'Issoudun,Issoudun,Indre,Centre-Val de Loire,Ville d'Issoudun,DALKIA TOURS,True,1970.0,,9.0,75.1,0.056,0.08,92.02,66.0,34.0,83.78,95.5,98.0,0.0,6705.0,1784.0,0.0,0.0,0.0,0.0,4921.0,0.0,0.0,0.0,0.0,0.0,0.0,0.0,0.0,0.0,0.0,0.0,8.3,5.65,0.0,0.0,0.0,0.0,2.65,0.0,0.0,0.0,0.0,0.0,0.0,0.0,0.0,0.0,0.0,0.0,6592.0,0.0,0.0,0.0,0.0,6592.0,100,0,0,True,,,,,,,,,,,,,1990-01-01,estimee,,
218,3606C,Centre Départemental Gériatrique de l'Indre (CDGI),Saint-Maur,Indre,Centre-Val de Loire,Hôpital de Chateauroux,DALKIA TOURS,True,1970.0,,2.0,82.9,0.046,0.071,81.02,53.0,47.0,84.65,105.59,83.0,0.0,4549.0,779.0,0.0,0.0,0.0,0.0,3770.0,0.0,0.0,0.0,0.0,0.0,0.0,0.0,0.0,0.0,0.0,0.0,5.9,4.6,0.0,0.0,0.0,0.0,1.3,0.0,0.0,0.0,0.0,0.0,0.0,0.0,0.0,0.0,0.0,0.0,3776.0,0.0,3776.0,0.0,0.0,0.0,100,0,0,True,,,,,,,,,,,,,1990-01-01,estimee,,
219,3701C,Réseau de Joué-lès-Tours,Joué-lès-Tours,Indre-et-Loire,Centre-Val de Loire,Tours Métropole Val de Loire,DALKIA TOURS,True,1970.0,22.0,77.0,67.3,0.087,0.11,116.47,68.0,32.0,101.01,112.18,85.0,0.0,73587.0,23407.0,0.0,113.0,0.0,0.0,47288.0,0.0,0.0,0.0,0.0,2779.0,0.0,0.0,0.0,0.0,0.0,0.0,59.81,47.01,0.0,1.0,0.0,0.0,9.5,0.0,0.0,0.0,0.0,2.3,0.0,0.0,0.0,0.0,0.0,0.0,62854.0,53426.0,8800.0,0.0,0.0,629.0,100,0,0,True,,,,,,,,,,,,,1990-01-01,estimee,,
220,3702C,Zup des Bords de Cher et Sanitas,Tours,Indre-et-Loire,Centre-Val de Loire,Tours Métropole Val de Loire,SCBC (DALKIA),True,1967.0,20.0,178.0,81.1,0.044,0.064,121.01,70.0,30.0,141.31,169.6,89.0,0.0,122029.0,23035.0,0.0,28.0,0.0,0.0,0.0,0.0,0.0,0.0,0.0,0.0,0.0,0.0,0.0,98966.0,0.0,0.0,75.7,44.7,0.0,11.0,0.0,0.0,0.0,0.0,0.0,0.0,0.0,0.0,0.0,0.0,0.0,20.0,0.0,0.0,108802.0,92482.0,14144.0,1088.0,0.0,1088.0,100,0,0,True,,,,,,,,,,,,,1987-01-01,estimee,,
221,3704C,Quartier Chateaubriand,Tours,Indre-et-Loire,Centre-Val de Loire,TOURS HABITAT OPH,DALKIA TOURS,False,1969.0,3.0,11.0,0.0,0.209,0.266,99.54,95.0,5.0,100.25,103.23,89.0,0.0,26300.0,12735.0,0.0,0.0,0.0,0.0,0.0,0.0,0.0,0.0,0.0,0.0,0.0,13565.0,0.0,0.0,0.0,0.0,29.7,28.7,0.0,1.0,0.0,0.0,0.0,0.0,0.0,0.0,0.0,0.0,0.0,0.0,0.0,0.0,0.0,0.0,23349.0,21014.0,2335.0,0.0,0.0,0.0,100,0,0,True,,,,,,,,,,,,,1989-01-01,estimee,,
222,3705C,Réseau de la ville de Saint Pierre des Corps,Saint-Pierre-des-Corps,Indre-et-Loire,Centre-Val de Loire,Ville de Saint-Pierre-des-Corps,CORPOENERGIES (ENGIE SOLUTIONS),True,1970.0,6.0,50.0,67.0,0.081,0.106,135.98,42.0,58.0,129.66,165.82,86.0,0.0,31567.0,6478.0,0.0,0.0,0.0,0.0,21149.0,0.0,0.0,0.0,0.0,0.0,0.0,0.0,0.0,3940.0,0.0,0.0,30.9,21.4,0.0,0.0,0.0,0.0,4.5,0.0,0.0,0.0,0.0,0.0,0.0,0.0,0.0,5.0,0.0,0.0,27163.0,24447.0,2716.0,0.0,0.0,0.0,100,0,0,True,,,,,,,,,,,,,1990-01-01,estimee,,
223,3708C,Réseau de chauffage urbain de la Riche - Quartier,La Riche,Indre-et-Loire,Centre-Val de Loire,Tours Metropole Val de Loire,DALKIA TOURS,False,1995.0,2.0,17.0,0.0,0.238,0.268,146.86,68.0,32.0,132.52,148.45,96.0,0.0,4819.0,2361.0,0.0,0.0,0.0,0.0,0.0,0.0,0.0,0.0,0.0,0.0,0.0,2458.0,0.0,0.0,0.0,0.0,3.5,3.5,0.0,0.0,0.0,0.0,0.0,0.0,0.0,0.0,0.0,0.0,0.0,0.0,0.0,0.0,0.0,0.0,4612.0,4059.0,0.0,277.0,0.0,277.0,100,0,0,True,,,,,,,,,,,,,2015-01-01,estimee,,
224,3709C,Réseau DBT,"Saint-Pierre-des-Corps,Tours",Indre-et-Loire,Centre-Val de Loire,Ville de Tours,DALKIA TOURS,False,,,2.0,100.0,0.0,0.018,63.15,100.0,0.0,70.13,73.65,101.0,0.0,98790.0,0.0,0.0,6.0,0.0,0.0,98784.0,0.0,0.0,0.0,0.0,0.0,0.0,0.0,0.0,0.0,0.0,0.0,36.0,0.0,0.0,18.0,0.0,0.0,18.0,0.0,0.0,0.0,0.0,0.0,0.0,0.0,0.0,0.0,0.0,0.0,749.0,0.0,749.0,0.0,0.0,0.0,100,0,0,True,,,,,,,,,,,,,,inconnue,,
225,3712C,Réseau de Chaleur TM-ED,"La Riche,Tours",Indre-et-Loire,Centre-Val de Loire,Tours Métropole-Energies Durables (TM-ED) ,Tours Métropole-Energies Durables (TM-ED) (ENGIE SOLUTIONS),True,2020.0,10.2,88.0,78.9,0.047,0.071,93.52,50.0,50.0,89.51,112.04,90.0,0.0,76691.0,16168.0,0.0,0.0,0.0,0.0,60523.0,0.0,0.0,0.0,0.0,0.0,0.0,0.0,0.0,0.0,0.0,0.0,40.82,27.02,0.0,0.0,0.0,0.0,13.8,0.0,0.0,0.0,0.0,0.0,0.0,0.0,0.0,0.0,0.0,0.0,68885.0,41331.0,27554.0,0.0,0.0,0.0,100,0,0,True,,,,,,,,,,,,,2040-01-01,estimee,,
226,3713C,Ilots Est,Tours,Indre-et-Loire,Centre-Val de Loire,Syndic des copropriétés ABC V GHI,DALKIA SAINT-ANDRE-LEZ-LILLE,False,2011.0,,4.0,27.3,0.179,0.21,128.44,67.0,33.0,139.78,166.58,91.0,0.0,7196.0,4705.0,0.0,0.0,0.0,0.0,0.0,0.0,0.0,0.0,0.0,0.0,0.0,0.0,0.0,2491.0,0.0,0.0,8.0,8.0,0.0,0.0,0.0,0.0,0.0,0.0,0.0,0.0,0.0,0.0,0.0,0.0,0.0,0.0,0.0,0.0,6563.0,6563.0,0.0,0.0,0.0,0.0,100,0,0,True,,,,,,,,,,,,,2031-01-01,estimee,,
227,3714C,Ilots Ouest,Tours,Indre-et-Loire,Centre-Val de Loire,Union des syndicats de copropriétés des ilots,DALKIA TOURS,False,,,4.0,21.3,0.158,0.196,119.55,90.0,10.0,130.4,142.12,98.0,0.0,10697.0,7813.0,0.0,0.0,0.0,0.0,0.0,0.0,0.0,0.0,0.0,0.0,0.0,0.0,0.0,2884.0,0.0,0.0,14.8,14.8,0.0,0.0,0.0,0.0,0.0,0.0,0.0,0.0,0.0,0.0,0.0,0.0,0.0,0.0,0.0,0.0,10466.0,10466.0,0.0,0.0,0.0,0.0,,,,True,,,,,,,,,,,,,,inconnue,,
228,3802C,Réseau principal de Grenoble-Alpes Métropole,"Eybens,Gières,Grenoble,La Tronche,Le Pont-de-Claix,Saint-Martin-d'Hères,Échirolles",Isère,Auvergne-Rhône-Alpes,GRENOBLE-ALPES METROPOLE,Compagnie de chauffage (CCIAG),True,1961.0,176.0,1357.0,80.9,0.049,0.093,111.32,62.0,38.0,88.17,97.86,82.0,4.0,758524.0,35810.0,104866.0,3357.0,906.0,0.0,317741.0,0.0,285272.0,0.0,0.0,0.0,0.0,0.0,10572.0,0.0,0.0,0.0,578.0,64.0,54.0,104.0,125.0,0.0,147.0,0.0,54.0,0.0,0.0,0.0,0.0,0.0,30.0,0.0,0.0,0.0,619167.0,241475.0,377692.0,0.0,0.0,0.0,0,100,0,True,,,,,,,,,,,,,1981-01-01,estimee,,
229,3803C,Berjalia,Bourgoin-Jallieu,Isère,Auvergne-Rhône-Alpes,Ville de Bourgoin Jalllieu,Berjalia (DALKIA),True,2015.0,18.0,92.0,82.1,0.048,0.058,92.84,39.0,61.0,95.69,125.23,85.0,0.0,51162.0,9144.0,0.0,0.0,0.0,0.0,0.0,0.0,42018.0,0.0,0.0,0.0,0.0,0.0,0.0,0.0,0.0,0.0,50.3,36.0,0.0,2.0,0.0,0.0,0.0,0.0,12.3,0.0,0.0,0.0,0.0,0.0,0.0,0.0,0.0,0.0,43324.0,25128.0,16896.0,1300.0,0.0,0.0,100,0,0,True,,,,,,,,,,,,,2035-01-01,estimee,,
230,3804C,Réseau de chaleur de Vinay,Vinay,Isère,Auvergne-Rhône-Alpes,REGIE CHALEUR BOIS,REGIE CHALEUR BOIS,True,2015.0,,62.0,84.3,0.069,0.105,115.0,67.0,33.0,105.06,119.77,69.0,-49.0,5936.0,0.0,0.0,931.0,0.0,0.0,5005.0,0.0,0.0,0.0,0.0,0.0,0.0,0.0,0.0,0.0,0.0,0.0,4.0,0.0,0.0,2.5,0.0,0.0,1.5,0.0,0.0,0.0,0.0,0.0,0.0,0.0,0.0,0.0,0.0,0.0,4086.0,2002.0,1430.0,654.0,0.0,0.0,100,0,0,True,,,,,,,,,,,,,2035-01-01,estimee,,
231,3805C,Réseau de Saint Marcellin,Saint-Marcellin,Isère,Auvergne-Rhône-Alpes,Régie Saint-Marcellin Energie Bois,Régie Saint-Marcellin Energie Bois,True,2002.0,3.0,26.0,93.4,0.023,0.051,122.06,50.0,50.0,103.81,124.81,83.0,0.0,4517.0,0.0,0.0,0.0,0.0,329.0,4188.0,0.0,0.0,0.0,0.0,0.0,0.0,0.0,0.0,0.0,0.0,0.0,6.66,0.0,0.0,0.0,0.0,1.8,3.06,0.0,0.0,0.0,0.0,0.0,1.8,0.0,0.0,0.0,0.0,0.0,3759.0,1391.0,2368.0,0.0,0.0,0.0,100,0,0,True,,,,,,,,,,,,,2022-01-01,estimee,,
232,3806C,Réseau d'Allevard,Allevard,Isère,Auvergne-Rhône-Alpes,Ville d'Allevard,DCUA (DALKIA),True,1970.0,5.0,21.0,94.1,0.019,0.05,168.02,27.0,73.0,226.79,317.34,67.0,0.0,8334.0,0.0,0.0,0.0,0.0,559.0,7775.0,0.0,0.0,0.0,0.0,0.0,0.0,0.0,0.0,0.0,0.0,0.0,7.2,0.0,0.0,0.0,0.0,2.5,2.2,0.0,0.0,0.0,0.0,0.0,2.5,0.0,0.0,0.0,0.0,0.0,5561.0,1168.0,4393.0,0.0,0.0,0.0,100,0,0,True,,,,,,,,,,,,,1990-01-01,estimee,,
233,3807C,Les Laiches,Villard-de-Lans,Isère,Auvergne-Rhône-Alpes,Commune de Villard-de-Lans,VEOLIA (ECHM),True,,1.0,10.0,85.5,0.062,0.097,,,,,,73.0,0.0,1341.0,0.0,0.0,257.0,0.0,0.0,1084.0,0.0,0.0,0.0,0.0,0.0,0.0,0.0,0.0,0.0,0.0,0.0,1.77,0.0,0.0,1.37,0.0,0.0,0.4,0.0,0.0,0.0,0.0,0.0,0.0,0.0,0.0,0.0,0.0,0.0,979.0,431.0,548.0,0.0,0.0,0.0,100,0,0,True,,,,,,,,,,,,,,inconnue,,
234,3808C,Réseau de Lans-en-Vercors,Lans-en-Vercors,Isère,Auvergne-Rhône-Alpes,commune de Lans en Vercors,VEOLIA (ECHM),True,,,6.0,94.5,0.022,0.05,,,,,,75.0,0.0,1536.0,0.0,0.0,84.0,0.0,0.0,1452.0,0.0,0.0,0.0,0.0,0.0,0.0,0.0,0.0,0.0,0.0,0.0,1.69,0.0,0.0,0.98,0.0,0.0,0.71,0.0,0.0,0.0,0.0,0.0,0.0,0.0,0.0,0.0,0.0,0.0,1151.0,150.0,1001.0,0.0,0.0,0.0,100,0,0,True,,,,,,,,,,,,,,inconnue,,
235,3811C,Réseau de Chaleur Bois Pontcharra RCBP,Pontcharra,Isère,Auvergne-Rhône-Alpes,Commune de Pontcharra,Commune de Pontcharra,True,2015.0,1.0,6.0,86.7,0.038,0.064,171.9,58.0,42.0,149.43,174.03,77.0,0.0,1342.0,179.0,0.0,0.0,0.0,0.0,1163.0,0.0,0.0,0.0,0.0,0.0,0.0,0.0,0.0,0.0,0.0,0.0,1.51,0.96,0.0,0.0,0.0,0.0,0.55,0.0,0.0,0.0,0.0,0.0,0.0,0.0,0.0,0.0,0.0,0.0,1039.0,332.0,707.0,0.0,0.0,0.0,100,0,0,True,,,,,,,,,,,,,2035-01-01,estimee,,
236,3813C,Réseau de chaleur de Voreppe,Voreppe,Isère,Auvergne-Rhône-Alpes,Ville de Voreppe,Dalkia,True,2016.0,6.0,32.0,53.5,0.153,0.185,94.74,78.0,22.0,133.32,163.1,80.0,0.0,10630.0,2015.0,0.0,0.0,0.0,0.0,8615.0,0.0,0.0,0.0,0.0,0.0,0.0,0.0,0.0,0.0,0.0,0.0,7.0,4.5,0.0,0.0,0.0,0.0,2.5,0.0,0.0,0.0,0.0,0.0,0.0,0.0,0.0,0.0,0.0,0.0,8513.0,6810.0,1703.0,0.0,0.0,0.0,100,0,0,True,,,,,,,,,,,,,2036-01-01,estimee,,
237,3814C,Réseau de Coublevie,Coublevie,Isère,Auvergne-Rhône-Alpes,Ville de Coublevie,Dalkia,True,2017.0,1.0,9.0,51.2,0.15,0.179,72.13,67.0,33.0,88.0,107.96,99.0,0.0,2015.0,620.0,0.0,0.0,0.0,0.0,1395.0,0.0,0.0,0.0,0.0,0.0,0.0,0.0,0.0,0.0,0.0,0.0,1.9,1.2,0.0,0.0,0.0,0.0,0.7,0.0,0.0,0.0,0.0,0.0,0.0,0.0,0.0,0.0,0.0,0.0,1992.0,1394.0,598.0,0.0,0.0,0.0,100,0,0,True,,,,,,,,,,,,,2037-01-01,estimee,,
238,3817C,Réseau de chaleur de Villard-de-Lans,Villard-de-Lans,Isère,Auvergne-Rhône-Alpes,Commune de Villard-de-Lans,WEYA,True,2016.0,4.0,43.0,96.0,0.016,0.041,126.01,40.0,60.0,112.03,142.67,82.0,0.0,9262.0,0.0,0.0,375.0,0.0,0.0,8887.0,0.0,0.0,0.0,0.0,0.0,0.0,0.0,0.0,0.0,0.0,0.0,5.65,0.0,0.0,3.6,0.0,0.0,2.05,0.0,0.0,0.0,0.0,0.0,0.0,0.0,0.0,0.0,0.0,0.0,7565.0,0.0,0.0,0.0,0.0,7565.0,100,0,0,True,,,,,,,,,,,,,2036-01-01,estimee,,
239,3819C,Réseau YOPLAIT Vienne,Vienne,Isère,Auvergne-Rhône-Alpes,ENGIE SOLUTIONS LYON,ENGIE SOLUTIONS LYON,False,2021.0,0.9,3.0,84.0,0.036,0.044,,,,,,97.0,0.0,5431.0,1314.0,0.0,0.0,0.0,0.0,0.0,0.0,0.0,0.0,0.0,0.0,0.0,0.0,4117.0,0.0,0.0,0.0,6.5,4.8,0.0,0.0,0.0,0.0,0.0,0.0,0.0,0.0,0.0,0.0,0.0,0.0,1.7,0.0,0.0,0.0,5262.0,5209.0,53.0,0.0,0.0,0.0,100,0,0,True,,,,,,,,,,,,,2041-01-01,estimee,,
240,3820C,Réseau de chaleur de Gières Centre,Gières,Isère,Auvergne-Rhône-Alpes,GRENOBLE-ALPES METROPOLE,GRENOBLE-ALPES METROPOLE,True,2019.0,1.0,14.0,85.3,0.034,0.06,136.97,48.0,52.0,117.28,143.16,84.0,4.0,1980.0,292.0,0.0,0.0,0.0,0.0,1688.0,0.0,0.0,0.0,0.0,0.0,0.0,0.0,0.0,0.0,0.0,0.0,2.22,1.6,0.0,0.0,0.0,0.0,0.62,0.0,0.0,0.0,0.0,0.0,0.0,0.0,0.0,0.0,0.0,0.0,1657.0,1292.0,365.0,0.0,0.0,0.0,100,0,0,True,,,,,,,,,,,,,2039-01-01,estimee,,
241,3821C,Réseau de chaleur de Fontaine ZAC Bastille,Fontaine,Isère,Auvergne-Rhône-Alpes,GRENOBLE-ALPES METROPOLE,GRENOBLE-ALPES METROPOLE,True,2012.0,1.0,12.0,81.4,0.043,0.068,177.79,57.0,43.0,154.77,181.14,88.0,0.0,1924.0,358.0,0.0,0.0,0.0,0.0,1566.0,0.0,0.0,0.0,0.0,0.0,0.0,0.0,0.0,0.0,0.0,0.0,1.72,1.1,0.0,0.0,0.0,0.0,0.62,0.0,0.0,0.0,0.0,0.0,0.0,0.0,0.0,0.0,0.0,0.0,1702.0,1549.0,153.0,0.0,0.0,0.0,100,0,0,True,,,,,,,,,,,,,2032-01-01,estimee,,
242,3822C,Forestener Notre Dame de l’Osier,Notre-Dame-de-l'Osier,Isère,Auvergne-Rhône-Alpes,Forestener,Forestener,False,2022.0,,7.0,99.9,0.013,0.041,138.15,42.0,58.0,159.51,210.56,71.0,0.0,827.0,0.0,0.0,0.0,0.0,0.0,826.0,0.0,0.0,0.0,0.0,0.0,0.0,0.0,0.0,0.0,0.0,0.0,0.75,0.0,0.0,0.5,0.0,0.0,0.25,0.0,0.0,0.0,0.0,0.0,0.0,0.0,0.0,0.0,0.0,0.0,588.0,71.0,517.0,0.0,0.0,0.0,,,,True,,,,,,,,,,,,,2042-01-01,estimee,,
243,3823C,Osiris,"Le Péage-de-Roussillon,Roussillon,Salaise-sur-Sanne",Isère,Auvergne-Rhône-Alpes,Osiris privé,Osiris privé,False,1915.0,,6.0,85.3,0.028,0.037,39.48,100.0,0.0,37.98,37.98,100.0,0.0,909800.0,208200.0,0.0,0.0,0.0,0.0,167900.0,198000.0,311000.0,0.0,0.0,0.0,0.0,0.0,24700.0,0.0,0.0,0.0,125.0,25.0,0.0,0.0,0.0,0.0,25.0,25.0,25.0,0.0,0.0,0.0,0.0,0.0,25.0,0.0,0.0,0.0,909000.0,0.0,0.0,909000.0,0.0,0.0,0,0,100,True,,,,,,,,,,,,,1935-01-01,estimee,,
244,3824C,Réseau de Moirans,Moirans,Isère,Auvergne-Rhône-Alpes,Ville de Moirans,DALKIA Centre Est,False,,,20.0,95.9,0.012,0.036,85.77,64.0,36.0,76.41,87.26,77.0,-50.0,2832.0,115.0,0.0,0.0,0.0,0.0,2717.0,0.0,0.0,0.0,0.0,0.0,0.0,0.0,0.0,0.0,0.0,0.0,2.65,1.65,0.0,0.0,0.0,0.0,1.0,0.0,0.0,0.0,0.0,0.0,0.0,0.0,0.0,0.0,0.0,0.0,2190.0,219.0,1971.0,0.0,0.0,0.0,100,0,0,True,,,,,,,,,,,,,,inconnue,,
245,3826C,Réseau de chaleur des Bannettes,Voreppe,Isère,Auvergne-Rhône-Alpes,VOREPPE ENERGIE RENOUVELABLES,ECHM - VEOLIA,True,,,,26.6,0.245,0.281,,,,,,0.0,,,,,,,,,,,,,,,,,,,,,,,,,,,,,,,,,,,,,,,,,,,,100,0,0,True,,,,,,,,,,,,,,inconnue,,
246,3827C,Réseau Grenoble Alpes Chaleur Meylan,"La Tronche,Meylan",Isère,Auvergne-Rhône-Alpes,Grenoble-Alpes Métropole,Métropole Meylan Energie Verte (CORIANCE),False,2024.0,,11.0,0.0,0.295,0.33,,,,,,77.0,0.0,1350.0,193.0,0.0,0.0,0.0,0.0,0.0,0.0,0.0,0.0,0.0,0.0,0.0,1157.0,0.0,0.0,0.0,0.0,5.8,5.8,0.0,0.0,0.0,0.0,0.0,0.0,0.0,0.0,0.0,0.0,0.0,0.0,0.0,0.0,0.0,0.0,1044.0,967.0,76.0,0.0,0.0,0.0,,,,True,,,,,,,,,,,,,2044-01-01,estimee,,
247,3828C,Réseau de Voiron,Voiron,Isère,Auvergne-Rhône-Alpes,Ville de Voiron,DALKIA Centre Est,True,,,10.0,83.5,0.045,0.07,74.96,65.0,35.0,72.13,83.87,84.0,0.0,3744.0,618.0,0.0,0.0,0.0,0.0,3126.0,0.0,0.0,0.0,0.0,0.0,0.0,0.0,0.0,0.0,0.0,0.0,2.95,1.8,0.0,0.0,0.0,0.0,1.15,0.0,0.0,0.0,0.0,0.0,0.0,0.0,0.0,0.0,0.0,0.0,3149.0,1480.0,1669.0,0.0,0.0,0.0,,,,True,,,,,,,,,,,,,,inconnue,,
248,3829C,Réseau de chaleur de Pont-de-Claix Caboisse,Le Pont-de-Claix,Isère,Auvergne-Rhône-Alpes,Grenoble-Alpes Métropole,GRENOBLE-ALPES METROPOLE,False,2022.0,,13.0,87.2,0.032,0.056,131.97,44.0,56.0,100.9,122.11,82.0,0.0,1253.0,160.0,0.0,0.0,0.0,0.0,1093.0,0.0,0.0,0.0,0.0,0.0,0.0,0.0,0.0,0.0,0.0,0.0,1.36,0.86,0.0,0.0,0.0,0.0,0.5,0.0,0.0,0.0,0.0,0.0,0.0,0.0,0.0,0.0,0.0,0.0,1026.0,298.0,728.0,0.0,0.0,0.0,,,,True,,,,,,,,,,,,,2042-01-01,estimee,,
249,3901C,Réseau de Dole,Dole,Jura,Bourgogne-Franche-Comté,Ville De Dole,SOCCRAM (ENGIE SOLUTIONS),False,1970.0,15.8,100.0,96.1,0.011,0.033,101.67,46.0,54.0,96.21,121.19,85.0,0.0,53432.0,2091.0,0.0,0.0,0.0,0.0,51341.0,0.0,0.0,0.0,0.0,0.0,0.0,0.0,0.0,0.0,0.0,0.0,38.1,20.6,0.0,0.0,0.0,0.0,17.5,0.0,0.0,0.0,0.0,0.0,0.0,0.0,0.0,0.0,0.0,0.0,45460.0,16366.0,29094.0,0.0,0.0,0.0,100,0,0,True,,,,,,,,,,,,,1990-01-01,estimee,,
250,3902C,La Marjorie,Lons-le-Saunier,Jura,Bourgogne-Franche-Comté,Ville De Lons,SOCCRAM (ENGIE SOLUTIONS),True,1970.0,11.2,88.0,87.4,0.036,0.049,113.16,40.0,60.0,123.48,163.02,84.0,4.0,41003.0,5178.0,0.0,0.0,0.0,0.0,12321.0,0.0,23504.0,0.0,0.0,0.0,0.0,0.0,0.0,0.0,0.0,0.0,47.0,36.0,0.0,0.0,0.0,0.0,5.0,0.0,6.0,0.0,0.0,0.0,0.0,0.0,0.0,0.0,0.0,0.0,34345.0,17172.0,17172.0,0.0,0.0,0.0,65.2,34.8,0,True,,,,,,,,,,,,,1990-01-01,estimee,,
251,3903C,Réseau de Champvans,Champvans,Jura,Bourgogne-Franche-Comté,Mairie de Champvans,MAIRIE DE CHAMPVANS,False,,,1.0,100.0,0.0,0.044,,,,,,38.0,0.0,82.0,0.0,0.0,0.0,0.0,0.0,82.0,0.0,0.0,0.0,0.0,0.0,0.0,0.0,0.0,0.0,0.0,0.0,0.4,0.0,0.0,0.0,0.0,0.0,0.4,0.0,0.0,0.0,0.0,0.0,0.0,0.0,0.0,0.0,0.0,0.0,31.0,,,,,,100,0,0,True,,,,,,,,,,,,,,inconnue,,
252,3904C,Réseau de chaleur de Moirans en Montagne,Moirans-en-Montagne,Jura,Bourgogne-Franche-Comté,Commune de Moirans en Montagne,DALKIA Paris la Defense,True,1994.0,4.0,21.0,73.2,0.1,0.137,162.41,46.0,54.0,207.53,273.73,78.0,0.0,6191.0,0.0,0.0,2493.0,0.0,0.0,3698.0,0.0,0.0,0.0,0.0,0.0,0.0,0.0,0.0,0.0,0.0,0.0,4.1,0.0,0.0,2.5,0.0,0.0,1.6,0.0,0.0,0.0,0.0,0.0,0.0,0.0,0.0,0.0,0.0,0.0,4833.0,1160.0,2948.0,725.0,0.0,0.0,100,0,0,True,,,,,,,,,,,,,2014-01-01,estimee,,
253,3905C,Réseau Arinthod CC TEC,Arinthod,Jura,Bourgogne-Franche-Comté,TERRE d'EMERAUDE Communauté,TERRE d'EMERAUDE Communauté,True,2008.0,,19.0,100.0,0.0,0.022,131.94,41.0,59.0,,,84.0,0.0,2460.0,0.0,0.0,0.0,0.0,0.0,2460.0,0.0,0.0,0.0,0.0,0.0,0.0,0.0,0.0,0.0,0.0,0.0,2.96,0.0,0.0,0.0,0.0,0.0,2.96,0.0,0.0,0.0,0.0,0.0,0.0,0.0,0.0,0.0,0.0,0.0,2079.0,437.0,1642.0,0.0,0.0,0.0,100,0,0,True,,,,,,,,,,,,,2028-01-01,estimee,,
254,3906C,Réseau de Morez - le Puit,Hauts de Bienne,Jura,Bourgogne-Franche-Comté,Hauts de Bienne,Hauts de Bienne,True,2010.0,,4.0,64.8,0.119,0.148,93.27,42.0,58.0,92.59,119.44,87.0,0.0,1670.0,36.0,0.0,0.0,0.0,0.0,1634.0,0.0,0.0,0.0,0.0,0.0,0.0,0.0,0.0,0.0,0.0,0.0,1.5,0.9,0.0,0.0,0.0,0.0,0.6,0.0,0.0,0.0,0.0,0.0,0.0,0.0,0.0,0.0,0.0,0.0,1453.0,1162.0,291.0,0.0,0.0,0.0,100,0,0,True,,,,,,,,,,,,,2030-01-01,estimee,,
255,4003C,Géothermie Mont-de-Marsan (GMM1),"Mazerolles,Mont-de-Marsan",Landes,Nouvelle-Aquitaine,Ville de Mont de Marsan,Régie Chauffage Urbain et Géothermie de Mont de Marsan ,True,1970.0,2.0,8.0,87.3,0.029,0.025,112.61,83.0,17.0,117.4,129.58,78.0,0.0,13222.0,0.0,0.0,0.0,0.0,0.0,0.0,0.0,0.0,0.0,8600.0,4622.0,0.0,0.0,0.0,0.0,0.0,0.0,5.5,0.0,0.0,0.0,0.0,0.0,0.0,0.0,0.0,0.0,3.16,2.34,0.0,0.0,0.0,0.0,0.0,0.0,8297.0,1971.0,6326.0,0.0,0.0,0.0,100,0,0,True,,,,,,,,,,,,,1990-01-01,estimee,,
256,4005C,Réseau de chaleur Peyrouat,Mont-de-Marsan,Landes,Nouvelle-Aquitaine,Ville de Mont de Marsan,Régie Chauffage Urbain et Géothermie,True,2016.0,3.0,173.0,41.0,0.251,0.229,191.89,76.0,24.0,152.81,160.64,46.0,0.0,3275.0,1232.0,0.0,0.0,0.0,0.0,0.0,0.0,0.0,0.0,0.0,2043.0,0.0,0.0,0.0,0.0,0.0,0.0,3.29,2.53,0.0,0.0,0.0,0.0,0.0,0.0,0.0,0.0,0.0,0.76,0.0,0.0,0.0,0.0,0.0,0.0,1512.0,953.0,559.0,0.0,0.0,0.0,100,0,0,True,,,,,,,,,,,,,2036-01-01,estimee,,
257,4006C,Géothermie Mont-de-Marsan (GMM2),Mazerolles,Landes,Nouvelle-Aquitaine,Ville de Mont de Marsan,Régie Chauffage Urbain et Géothermie de Mont de Marsan ,True,2018.0,,1.0,100.0,0.0,0.014,104.89,89.0,11.0,117.4,129.58,100.0,0.0,2594.0,0.0,0.0,0.0,0.0,0.0,0.0,0.0,0.0,0.0,2594.0,0.0,0.0,0.0,0.0,0.0,0.0,0.0,1.0,0.0,0.0,0.0,0.0,0.0,0.0,0.0,0.0,0.0,1.0,0.0,0.0,0.0,0.0,0.0,0.0,0.0,2593.0,0.0,2593.0,0.0,0.0,0.0,100,0,0,True,,,,,,,,,,,,,2038-01-01,estimee,,
258,4101C,Quartier Bégon et Chevalier,Blois,Loir-et-Cher,Centre-Val de Loire,Ville de Blois,SBDC (ENGIE SOLUTIONS),True,1959.0,11.9,96.0,91.9,0.02,0.03,85.83,43.0,57.0,43.38,47.57,89.0,19.0,48491.0,4253.0,0.0,0.0,0.0,0.0,8517.0,0.0,35721.0,0.0,0.0,0.0,0.0,0.0,0.0,0.0,0.0,0.0,39.5,27.7,0.0,0.0,0.0,0.0,4.8,0.0,7.0,0.0,0.0,0.0,0.0,0.0,0.0,0.0,0.0,0.0,43269.0,28125.0,15144.0,0.0,0.0,0.0,100,0,0,True,Ville de Blois,,,,,matched_exact,,,,,,,1979-01-01,estimee,,
259,4102C,Zac des Paradis,Vineuil,Loir-et-Cher,Centre-Val de Loire,Ville de Vineuil,DALKIA TOURS,False,2007.0,4.0,115.0,67.8,0.177,0.226,206.73,27.0,73.0,111.44,138.82,42.0,0.0,2066.0,665.0,0.0,0.0,0.0,0.0,1401.0,0.0,0.0,0.0,0.0,0.0,0.0,0.0,0.0,0.0,0.0,0.0,3.4,2.2,0.0,0.0,0.0,0.0,1.2,0.0,0.0,0.0,0.0,0.0,0.0,0.0,0.0,0.0,0.0,0.0,858.0,849.0,0.0,0.0,0.0,9.0,100,0,0,True,,,,,,,,,,,,,2027-01-01,estimee,,
260,4103C,Réseau de Mondoubleau,Mondoubleau,Loir-et-Cher,Centre-Val de Loire,Communauté de communes des collines du Perche,Communauté de communes des collines du Perche,True,2009.0,1.0,14.0,84.5,0.051,0.078,130.41,31.0,69.0,88.83,112.89,70.0,-52.0,2193.0,340.0,0.0,0.0,0.0,0.0,1852.0,0.0,0.0,0.0,0.0,0.0,0.0,0.0,0.0,0.0,0.0,0.0,2.28,1.3,0.0,0.0,0.0,0.0,0.98,0.0,0.0,0.0,0.0,0.0,0.0,0.0,0.0,0.0,0.0,0.0,1529.0,240.0,1289.0,0.0,0.0,0.0,100,0,0,True,,,,,,,,,,,,,2029-01-01,estimee,,
261,4106C,ECO CHALEUR DE BLOIS,"Blois,La Chaussée-Saint-Victor",Loir-et-Cher,Centre-Val de Loire,Ville de Blois,ECO CHALEUR DE BLOIS (DALKIA),True,2017.0,10.0,60.0,93.0,0.018,0.024,61.04,52.0,48.0,56.56,68.87,87.0,0.0,28639.0,2205.0,0.0,0.0,0.0,0.0,0.0,0.0,26434.0,0.0,0.0,0.0,0.0,0.0,0.0,0.0,0.0,0.0,24.1,17.1,0.0,0.0,0.0,0.0,0.0,0.0,7.0,0.0,0.0,0.0,0.0,0.0,0.0,0.0,0.0,0.0,24820.0,1241.0,23579.0,0.0,0.0,0.0,100,0,0,True,Ville de Blois,,,,,matched_exact,,,,,,,2037-01-01,estimee,,
262,4202C,Quartier la Cotonne,Saint-Étienne,Loire,Auvergne-Rhône-Alpes,Syndicat des Propriétaires de la ZAC de la Cotonne,DALKIA Centre Est,False,1970.0,2.0,20.0,0.0,0.238,0.268,111.27,91.0,9.0,125.86,129.77,85.0,0.0,13427.0,13427.0,0.0,0.0,0.0,0.0,0.0,0.0,0.0,0.0,0.0,0.0,0.0,0.0,0.0,0.0,0.0,0.0,15.5,15.5,0.0,0.0,0.0,0.0,0.0,0.0,0.0,0.0,0.0,0.0,0.0,0.0,0.0,0.0,0.0,0.0,11450.0,11450.0,0.0,0.0,0.0,0.0,100,0,0,True,,,,,,,,,,,,,1990-01-01,estimee,,
263,4204C,HLM Beaulieu Montchovet IV,Saint-Étienne,Loire,Auvergne-Rhône-Alpes,OPAC de Saint Etienne,DALKIA Centre Est,False,1970.0,2.0,31.0,0.0,0.24,0.27,6.81,80.0,20.0,7.53,8.57,84.0,0.0,21891.0,21873.0,0.0,18.0,0.0,0.0,0.0,0.0,0.0,0.0,0.0,0.0,0.0,0.0,0.0,0.0,0.0,0.0,16.0,15.0,0.0,1.0,0.0,0.0,0.0,0.0,0.0,0.0,0.0,0.0,0.0,0.0,0.0,0.0,0.0,0.0,18306.0,13730.0,4576.0,0.0,0.0,0.0,100,0,0,True,,,,,,,,,,,,,1990-01-01,estimee,,
264,4206C,Réseau de Firminy,Firminy,Loire,Auvergne-Rhône-Alpes,Ville de Firminy,SDC FIRMINY (ENGIE SOLUTIONS),True,1959.0,13.0,135.0,58.0,0.111,0.135,152.61,54.0,46.0,136.46,163.77,84.0,19.0,60462.0,28572.0,0.0,0.0,0.0,0.0,10270.0,0.0,0.0,0.0,0.0,0.0,0.0,0.0,0.0,21620.0,0.0,0.0,38.6,28.0,0.0,0.0,0.0,0.0,6.4,0.0,0.0,0.0,0.0,0.0,0.0,0.0,0.0,4.2,0.0,0.0,50734.0,0.0,0.0,0.0,0.0,50734.0,100,0,0,True,,,,,,,,,,,,,1979-01-01,estimee,,
265,4207C,Roanne énergies,Roanne,Loire,Auvergne-Rhône-Alpes,Ville de Roanne,DALKIA Centre Est,True,1970.0,3.0,27.0,75.8,0.057,0.08,116.98,67.0,33.0,112.5,129.55,95.0,106.0,11421.0,2924.0,0.0,0.0,0.0,0.0,8497.0,0.0,0.0,0.0,0.0,0.0,0.0,0.0,0.0,0.0,0.0,0.0,12.7,10.5,0.0,0.0,0.0,0.0,2.2,0.0,0.0,0.0,0.0,0.0,0.0,0.0,0.0,0.0,0.0,0.0,10867.0,7064.0,3803.0,0.0,0.0,0.0,100,0,0,True,Ville de Roanne,,,,,matched_exact,,,,,,,1990-01-01,estimee,,
266,4208C,Quartier Parc des Sports,Roanne,Loire,Auvergne-Rhône-Alpes,Résidence Parc des sports,DALKIA Centre Est,False,1970.0,1.0,9.0,,,,,,,,,73.0,,4259.0,4259.0,0.0,0.0,0.0,0.0,0.0,0.0,0.0,0.0,0.0,0.0,0.0,0.0,0.0,0.0,0.0,0.0,4.3,4.3,0.0,0.0,0.0,0.0,0.0,0.0,0.0,0.0,0.0,0.0,0.0,0.0,0.0,0.0,0.0,0.0,3120.0,3120.0,0.0,0.0,0.0,0.0,100,0,0,True,Ville de Roanne,,,,,matched_exact,,,,,,,1990-01-01,estimee,,
267,4210C,Quartier Montreynaud,Saint-Étienne,Loire,Auvergne-Rhône-Alpes,Ville de Saint-Etienne,STELVIA (DALKIA),True,1970.0,8.0,44.0,72.7,0.07,0.094,100.74,55.0,45.0,102.64,126.33,87.0,0.0,26671.0,7430.0,0.0,0.0,0.0,0.0,19241.0,0.0,0.0,0.0,0.0,0.0,0.0,0.0,0.0,0.0,0.0,0.0,19.9,11.7,0.0,0.0,0.0,0.0,8.2,0.0,0.0,0.0,0.0,0.0,0.0,0.0,0.0,0.0,0.0,0.0,23206.0,15316.0,7890.0,0.0,0.0,0.0,100,0,0,True,,,,,,,,,,,,,1990-01-01,estimee,,
268,4211C,Réseau d'Andrézieux-Bouthéon,Andrézieux-Bouthéon,Loire,Auvergne-Rhône-Alpes,Saint-Etienne Métropole,Andrézieux-Bouthéon Energie Services (CORIANCE),False,2009.0,4.0,28.0,90.0,0.026,0.048,,,,,,88.0,0.0,17958.0,1789.0,0.0,0.0,0.0,0.0,16169.0,0.0,0.0,0.0,0.0,0.0,0.0,0.0,0.0,0.0,0.0,0.0,18.49,12.49,0.0,0.0,0.0,0.0,6.0,0.0,0.0,0.0,0.0,0.0,0.0,0.0,0.0,0.0,0.0,0.0,15726.0,8178.0,6762.0,786.0,0.0,0.0,100,0,0,True,,,,,,,,,,,,,2029-01-01,estimee,,
269,4212C,Réseau de Montrond-les-Bains,Montrond-les-Bains,Loire,Auvergne-Rhône-Alpes,SIEL,Montrond Energie Bois Services - MEBOIS SAS (CORIANCE),False,2009.0,3.0,21.0,98.2,0.006,0.031,,,,,,75.0,0.0,7037.0,129.0,0.0,0.0,0.0,0.0,6908.0,0.0,0.0,0.0,0.0,0.0,0.0,0.0,0.0,0.0,0.0,0.0,4.5,3.0,0.0,0.0,0.0,0.0,1.5,0.0,0.0,0.0,0.0,0.0,0.0,0.0,0.0,0.0,0.0,0.0,5281.0,1526.0,3755.0,0.0,0.0,0.0,100,0,0,True,,,,,,,,,,,,,2029-01-01,estimee,,
270,4213C,Réseau de Chaleur VIACONFORT,Saint-Étienne,Loire,Auvergne-Rhône-Alpes,Ville de Saint-Etienne,VIA CONFORT (ENGIE SOLUTIONS),False,2010.0,8.0,62.0,67.8,0.082,0.107,129.07,45.0,55.0,107.43,132.24,86.0,6.0,37854.0,1227.0,0.0,0.0,0.0,0.0,24222.0,0.0,0.0,0.0,0.0,0.0,0.0,7363.0,0.0,5042.0,0.0,0.0,27.2,15.4,0.0,0.0,0.0,0.0,8.4,0.0,0.0,0.0,0.0,0.0,0.0,0.0,0.0,3.4,0.0,0.0,32360.0,0.0,0.0,0.0,0.0,32360.0,100,0,0,True,,,,,,,,,,,,,2030-01-01,estimee,,
271,4214C,Scevia quartier de fonsala,Saint-Chamond,Loire,Auvergne-Rhône-Alpes,Ville de Saint Chamond,SCEVIA (DALKIA),False,1970.0,8.0,75.0,58.0,0.103,0.134,106.89,51.0,49.0,96.01,116.89,87.0,-10.0,53502.0,23525.0,0.0,0.0,0.0,0.0,29977.0,0.0,0.0,0.0,0.0,0.0,0.0,0.0,0.0,0.0,0.0,0.0,32.4,22.5,0.0,0.0,0.0,0.0,9.9,0.0,0.0,0.0,0.0,0.0,0.0,0.0,0.0,0.0,0.0,0.0,46450.0,23225.0,23225.0,0.0,0.0,0.0,100,0,0,True,,,,,,,,,,,,,1990-01-01,estimee,,
272,4215C,Usson en Forez,Usson-en-Forez,Loire,Auvergne-Rhône-Alpes,SIEL,SIEL,False,2015.0,2.0,24.0,88.8,0.041,0.071,,,,,,83.0,0.0,1859.0,0.0,0.0,393.0,0.0,0.0,1466.0,0.0,0.0,0.0,0.0,0.0,0.0,0.0,0.0,0.0,0.0,0.0,1.6,0.0,0.0,0.8,0.0,0.0,0.8,0.0,0.0,0.0,0.0,0.0,0.0,0.0,0.0,0.0,0.0,0.0,1543.0,0.0,1543.0,0.0,0.0,0.0,100,0,0,True,,,,,,,,,,,,,2035-01-01,estimee,,
273,4216C,LOIRE FOREZ AGGLOMERATION Espace Déchelette,Saint-Bonnet-le-Château,Loire,Auvergne-Rhône-Alpes,SIEL,SIEL,False,2015.0,,3.0,88.8,0.081,0.121,,,,,,73.0,-71.0,160.0,0.0,0.0,20.0,0.0,0.0,139.0,0.0,0.0,0.0,0.0,0.0,0.0,0.0,0.0,0.0,0.0,0.0,0.19,0.0,0.0,0.14,0.0,0.0,0.05,0.0,0.0,0.0,0.0,0.0,0.0,0.0,0.0,0.0,0.0,0.0,116.0,0.0,116.0,0.0,0.0,0.0,100,0,0,True,,,,,,,,,,,,,2035-01-01,estimee,,
274,4217C,Jonzieux,Jonzieux,Loire,Auvergne-Rhône-Alpes,SIEL,SIEL,False,2015.0,,4.0,82.8,0.067,0.105,,,,,,82.0,0.0,812.0,0.0,0.0,179.0,0.0,0.0,633.0,0.0,0.0,0.0,0.0,0.0,0.0,0.0,0.0,0.0,0.0,0.0,1.19,0.0,0.0,0.73,0.0,0.0,0.46,0.0,0.0,0.0,0.0,0.0,0.0,0.0,0.0,0.0,0.0,0.0,666.0,0.0,413.0,0.0,0.0,253.0,100,0,0,True,,,,,,,,,,,,,2035-01-01,estimee,,
275,4218C,Roisey,Roisey,Loire,Auvergne-Rhône-Alpes,SIEL,SIEL,False,2015.0,,6.0,99.1,0.004,0.039,,,,,,77.0,0.0,199.0,0.0,0.0,2.0,0.0,0.0,197.0,0.0,0.0,0.0,0.0,0.0,0.0,0.0,0.0,0.0,0.0,0.0,0.24,0.0,0.0,0.09,0.0,0.0,0.15,0.0,0.0,0.0,0.0,0.0,0.0,0.0,0.0,0.0,0.0,0.0,153.0,0.0,153.0,0.0,0.0,0.0,100,0,0,True,,,,,,,,,,,,,2035-01-01,estimee,,
276,4219C,Planfoy 2 - ZAC des Lucioles,Planfoy,Loire,Auvergne-Rhône-Alpes,SIEL,SIEL,False,2015.0,,3.0,91.6,0.03,0.059,,,,,,84.0,0.0,441.0,0.0,0.0,76.0,0.0,0.0,365.0,0.0,0.0,0.0,0.0,0.0,0.0,0.0,0.0,0.0,0.0,0.0,0.29,0.0,0.0,0.14,0.0,0.0,0.15,0.0,0.0,0.0,0.0,0.0,0.0,0.0,0.0,0.0,0.0,0.0,370.0,289.0,81.0,0.0,0.0,0.0,100,0,0,True,,,,,,,,,,,,,2035-01-01,estimee,,
277,4220C,Le Bessat 1 - Ecole,Le Bessat,Loire,Auvergne-Rhône-Alpes,SIEL,SIEL,False,2015.0,,1.0,100.0,0.0,0.022,,,,,,83.0,0.0,65.0,0.0,0.0,0.0,0.0,0.0,65.0,0.0,0.0,0.0,0.0,0.0,0.0,0.0,0.0,0.0,0.0,0.0,0.05,0.0,0.0,0.0,0.0,0.0,0.05,0.0,0.0,0.0,0.0,0.0,0.0,0.0,0.0,0.0,0.0,0.0,54.0,0.0,54.0,0.0,0.0,0.0,100,0,0,True,,,,,,,,,,,,,2035-01-01,estimee,,
278,4221C,St Bonnet le Courreau,Saint-Bonnet-le-Courreau,Loire,Auvergne-Rhône-Alpes,SIEL,SIEL,False,2015.0,,6.0,100.0,0.0,0.03,,,,,,58.0,0.0,280.0,0.0,0.0,0.0,0.0,0.0,280.0,0.0,0.0,0.0,0.0,0.0,0.0,0.0,0.0,0.0,0.0,0.0,0.14,0.0,0.0,0.0,0.0,0.0,0.14,0.0,0.0,0.0,0.0,0.0,0.0,0.0,0.0,0.0,0.0,0.0,164.0,0.0,164.0,0.0,0.0,0.0,100,0,0,True,,,,,,,,,,,,,2035-01-01,estimee,,
279,4222C,La Terrasse sur Dorlay,La Terrasse-sur-Dorlay,Loire,Auvergne-Rhône-Alpes,SIEL,SIEL,False,2015.0,,2.0,100.0,0.0,0.023,,,,,,86.0,0.0,176.0,0.0,0.0,0.0,0.0,0.0,176.0,0.0,0.0,0.0,0.0,0.0,0.0,0.0,0.0,0.0,0.0,0.0,0.1,0.0,0.0,0.0,0.0,0.0,0.1,0.0,0.0,0.0,0.0,0.0,0.0,0.0,0.0,0.0,0.0,0.0,150.0,0.0,150.0,0.0,0.0,0.0,100,0,0,True,,,,,,,,,,,,,2035-01-01,estimee,,
280,4223C,Saint Régis du Coin,Saint-Régis-du-Coin,Loire,Auvergne-Rhône-Alpes,SIEL,SIEL,False,2015.0,,7.0,100.0,0.0,0.032,,,,,,64.0,0.0,258.0,0.0,0.0,0.0,0.0,0.0,258.0,0.0,0.0,0.0,0.0,0.0,0.0,0.0,0.0,0.0,0.0,0.0,0.15,0.0,0.0,0.0,0.0,0.0,0.15,0.0,0.0,0.0,0.0,0.0,0.0,0.0,0.0,0.0,0.0,0.0,165.0,40.0,125.0,0.0,0.0,0.0,100,0,0,True,,,,,,,,,,,,,2035-01-01,estimee,,
281,4224C,La Côté-Saint-Didier,Saint-Didier-sur-Rochefort,Loire,Auvergne-Rhône-Alpes,SIEL,SIEL,False,2015.0,,6.0,99.1,0.003,0.025,,,,,,85.0,0.0,520.0,0.0,0.0,5.0,0.0,0.0,515.0,0.0,0.0,0.0,0.0,0.0,0.0,0.0,0.0,0.0,0.0,0.0,0.34,0.0,0.0,0.14,0.0,0.0,0.2,0.0,0.0,0.0,0.0,0.0,0.0,0.0,0.0,0.0,0.0,0.0,443.0,0.0,443.0,0.0,0.0,0.0,100,0,0,True,,,,,,,,,,,,,2035-01-01,estimee,,
282,4225C,Neulise,Neulise,Loire,Auvergne-Rhône-Alpes,SIEL,SIEL,False,2015.0,1.0,15.0,91.0,0.044,0.077,,,,,,70.0,0.0,1436.0,0.0,0.0,178.0,0.0,0.0,1258.0,0.0,0.0,0.0,0.0,0.0,0.0,0.0,0.0,0.0,0.0,0.0,1.41,0.0,0.0,0.96,0.0,0.0,0.45,0.0,0.0,0.0,0.0,0.0,0.0,0.0,0.0,0.0,0.0,0.0,1009.0,0.0,1009.0,0.0,0.0,0.0,100,0,0,True,,,,,,,,,,,,,2035-01-01,estimee,,
283,4226C,Pélussin -  Quartier Notre Dame,Pélussin,Loire,Auvergne-Rhône-Alpes,SIEL,SIEL,False,2010.0,2.0,49.0,97.6,0.011,0.047,,,,,,83.0,0.0,784.0,0.0,0.0,0.0,0.0,27.0,758.0,0.0,0.0,0.0,0.0,0.0,0.0,0.0,0.0,0.0,0.0,0.0,1.55,0.0,0.0,0.0,0.0,0.55,0.45,0.0,0.0,0.0,0.0,0.0,0.55,0.0,0.0,0.0,0.0,0.0,653.0,523.0,131.0,0.0,0.0,0.0,100,0,0,True,,,,,,,,,,,,,2030-01-01,estimee,,
284,4227C,Saint Christo en Jarez,Saint-Christo-en-Jarez,Loire,Auvergne-Rhône-Alpes,Saint-Etienne Métropole,Saint-Etienne Métropole,False,2015.0,,9.0,100.0,0.0,0.018,135.67,42.0,58.0,94.36,113.02,100.0,1.0,406.0,0.0,0.0,0.0,0.0,0.0,406.0,0.0,0.0,0.0,0.0,0.0,0.0,0.0,0.0,0.0,0.0,0.0,0.4,0.0,0.0,0.0,0.0,0.0,0.4,0.0,0.0,0.0,0.0,0.0,0.0,0.0,0.0,0.0,0.0,0.0,406.0,141.0,265.0,0.0,0.0,0.0,100,0,0,True,,,,,,,,,,,,,2035-01-01,estimee,,
285,4228C,Saint Martin la Sauveté,Saint-Martin-la-Sauveté,Loire,Auvergne-Rhône-Alpes,SIEL,SIEL,False,2015.0,1.0,8.0,86.8,0.07,0.111,,,,,,60.0,0.0,521.0,0.0,0.0,25.0,0.0,44.0,452.0,0.0,0.0,0.0,0.0,0.0,0.0,0.0,0.0,0.0,0.0,0.0,0.49,0.0,0.0,0.14,0.0,0.1,0.15,0.0,0.0,0.0,0.0,0.0,0.1,0.0,0.0,0.0,0.0,0.0,311.0,0.0,124.0,0.0,0.0,187.0,100,0,0,True,,,,,,,,,,,,,2035-01-01,estimee,,
286,4229C,Saint Symphorien de Lay,Saint-Symphorien-de-Lay,Loire,Auvergne-Rhône-Alpes,SIEL,SIEL,False,2015.0,1.0,7.0,97.5,0.01,0.039,,,,,,80.0,0.0,826.0,0.0,0.0,40.0,0.0,0.0,786.0,0.0,0.0,0.0,0.0,0.0,0.0,0.0,0.0,0.0,0.0,0.0,0.65,0.0,0.0,0.1,0.0,0.0,0.55,0.0,0.0,0.0,0.0,0.0,0.0,0.0,0.0,0.0,0.0,0.0,658.0,0.0,256.0,0.0,0.0,401.0,100,0,0,True,,,,,,,,,,,,,2035-01-01,estimee,,
287,4230C,Marlhes - Interconnexion,Marlhes,Loire,Auvergne-Rhône-Alpes,SIEL,SIEL,False,2015.0,1.0,6.0,82.2,0.059,0.091,,,,,,77.0,0.0,1068.0,0.0,0.0,0.0,0.0,223.0,845.0,0.0,0.0,0.0,0.0,0.0,0.0,0.0,0.0,0.0,0.0,0.0,1.3,0.0,0.0,0.0,0.0,0.35,0.6,0.0,0.0,0.0,0.0,0.0,0.35,0.0,0.0,0.0,0.0,0.0,827.0,0.0,604.0,0.0,0.0,223.0,100,0,0,True,,,,,,,,,,,,,2035-01-01,estimee,,
288,4231C,Saint Haon le Châtel,Saint-Haon-le-Châtel,Loire,Auvergne-Rhône-Alpes,SIEL,SIEL,False,2015.0,,4.0,80.9,0.066,0.095,,0.0,0.0,,,70.0,0.0,214.0,0.0,0.0,56.0,0.0,0.0,158.0,0.0,0.0,0.0,0.0,0.0,0.0,0.0,0.0,0.0,0.0,0.0,0.19,0.0,0.0,0.11,0.0,0.0,0.08,0.0,0.0,0.0,0.0,0.0,0.0,0.0,0.0,0.0,0.0,0.0,151.0,0.0,151.0,0.0,0.0,0.0,100,0,0,True,,,,,,,,,,,,,2035-01-01,estimee,,
289,4232C,Saint Joseph,Saint-Joseph,Loire,Auvergne-Rhône-Alpes,SIEL,SIEL,False,2015.0,,7.0,90.5,0.073,0.126,,,,,,40.0,0.0,431.0,0.0,0.0,41.0,0.0,0.0,390.0,0.0,0.0,0.0,0.0,0.0,0.0,0.0,0.0,0.0,0.0,0.0,0.34,0.0,0.0,0.23,0.0,0.0,0.11,0.0,0.0,0.0,0.0,0.0,0.0,0.0,0.0,0.0,0.0,0.0,171.0,0.0,171.0,0.0,0.0,0.0,100,0,0,True,,,,,,,,,,,,,2035-01-01,estimee,,
290,4233C,St Cyr de Favières,Saint-Cyr-de-Favières,Loire,Auvergne-Rhône-Alpes,SIEL,SIEL,False,2015.0,,3.0,100.0,0.0,0.022,,,,,,83.0,0.0,67.0,0.0,0.0,0.0,0.0,0.0,67.0,0.0,0.0,0.0,0.0,0.0,0.0,0.0,0.0,0.0,0.0,0.0,0.06,0.0,0.0,0.0,0.0,0.0,0.06,0.0,0.0,0.0,0.0,0.0,0.0,0.0,0.0,0.0,0.0,0.0,56.0,0.0,56.0,0.0,0.0,0.0,100,0,0,True,,,,,,,,,,,,,2035-01-01,estimee,,
291,4234C,Roanne - Quartier de Mâtel,Roanne,Loire,Auvergne-Rhône-Alpes,SIEL,SIEL,False,2015.0,,2.0,46.2,0.161,0.191,,,,,,79.0,,421.0,51.0,0.0,0.0,0.0,0.0,370.0,0.0,0.0,0.0,0.0,0.0,0.0,0.0,0.0,0.0,0.0,0.0,0.35,0.2,0.0,0.0,0.0,0.0,0.15,0.0,0.0,0.0,0.0,0.0,0.0,0.0,0.0,0.0,0.0,0.0,331.0,0.0,331.0,0.0,0.0,0.0,100,0,0,True,Ville de Roanne,,,,,matched_exact,,,,,,,2035-01-01,estimee,,
292,4235C,Roche en Forez,Roche,Loire,Auvergne-Rhône-Alpes,SIEL,SIEL,False,2015.0,,6.0,90.4,0.033,0.059,,,,,,87.0,0.0,342.0,0.0,0.0,33.0,0.0,0.0,310.0,0.0,0.0,0.0,0.0,0.0,0.0,0.0,0.0,0.0,0.0,0.0,0.31,0.0,0.0,0.2,0.0,0.0,0.11,0.0,0.0,0.0,0.0,0.0,0.0,0.0,0.0,0.0,0.0,0.0,299.0,0.0,299.0,0.0,0.0,0.0,100,0,0,True,,,,,,,,,,,,,2035-01-01,estimee,,
293,4236C,Pélussin 2 - Quartier des Croix,Pélussin,Loire,Auvergne-Rhône-Alpes,SIEL,SIEL,False,2015.0,1.0,12.0,94.5,0.017,0.043,,,,,,75.0,0.0,1357.0,0.0,0.0,0.0,0.0,75.0,1282.0,0.0,0.0,0.0,0.0,0.0,0.0,0.0,0.0,0.0,0.0,0.0,2.1,0.0,0.0,0.0,0.0,0.8,0.5,0.0,0.0,0.0,0.0,0.0,0.8,0.0,0.0,0.0,0.0,0.0,1023.0,0.0,1023.0,0.0,0.0,0.0,100,0,0,True,,,,,,,,,,,,,2035-01-01,estimee,,
294,4237C,Roanne - Quartier Arsenal,Roanne,Loire,Auvergne-Rhône-Alpes,SIEL,SIEL,False,2015.0,,4.0,92.8,0.018,0.049,,,,,,83.0,0.0,399.0,29.0,0.0,0.0,0.0,0.0,370.0,0.0,0.0,0.0,0.0,0.0,0.0,0.0,0.0,0.0,0.0,0.0,1.23,0.88,0.0,0.0,0.0,0.0,0.35,0.0,0.0,0.0,0.0,0.0,0.0,0.0,0.0,0.0,0.0,0.0,332.0,0.0,332.0,0.0,0.0,0.0,100,0,0,True,Ville de Roanne,,,,,matched_exact,,,,,,,2035-01-01,estimee,,
295,4238C,Saint Maurice en Gourgois,Saint-Maurice-en-Gourgois,Loire,Auvergne-Rhône-Alpes,SIEL,SIEL,False,2015.0,,5.0,85.3,0.056,0.091,,,,,,77.0,0.0,267.0,0.0,0.0,68.0,0.0,0.0,199.0,0.0,0.0,0.0,0.0,0.0,0.0,0.0,0.0,0.0,0.0,0.0,0.2,0.0,0.0,0.09,0.0,0.0,0.11,0.0,0.0,0.0,0.0,0.0,0.0,0.0,0.0,0.0,0.0,0.0,205.0,0.0,205.0,0.0,0.0,0.0,100,0,0,True,,,,,,,,,,,,,2035-01-01,estimee,,
296,4239C,Pélussin - Siège CCPR,Pélussin,Loire,Auvergne-Rhône-Alpes,SIEL,SIEL,False,2015.0,,3.0,91.2,0.037,0.072,,,,,,82.0,0.0,217.0,0.0,0.0,40.0,0.0,0.0,178.0,0.0,0.0,0.0,0.0,0.0,0.0,0.0,0.0,0.0,0.0,0.0,0.25,0.0,0.0,0.15,0.0,0.0,0.1,0.0,0.0,0.0,0.0,0.0,0.0,0.0,0.0,0.0,0.0,0.0,178.0,0.0,178.0,0.0,0.0,0.0,100,0,0,True,,,,,,,,,,,,,2035-01-01,estimee,,
297,4240C,Colombier,Colombier,Loire,Auvergne-Rhône-Alpes,SIEL,SIEL,False,2015.0,,5.0,94.5,0.021,0.046,,,,,,82.0,0.0,143.0,0.0,0.0,8.0,0.0,0.0,135.0,0.0,0.0,0.0,0.0,0.0,0.0,0.0,0.0,0.0,0.0,0.0,0.19,0.0,0.0,0.11,0.0,0.0,0.08,0.0,0.0,0.0,0.0,0.0,0.0,0.0,0.0,0.0,0.0,0.0,117.0,0.0,117.0,0.0,0.0,0.0,100,0,0,True,,,,,,,,,,,,,2035-01-01,estimee,,
298,4241C,Farnay,Farnay,Loire,Auvergne-Rhône-Alpes,SIEL,SIEL,False,2018.0,,3.0,93.1,0.025,0.05,,,,,,86.0,0.0,356.0,0.0,0.0,25.0,0.0,0.0,332.0,0.0,0.0,0.0,0.0,0.0,0.0,0.0,0.0,0.0,0.0,0.0,0.26,0.0,0.0,0.15,0.0,0.0,0.11,0.0,0.0,0.0,0.0,0.0,0.0,0.0,0.0,0.0,0.0,0.0,306.0,0.0,306.0,0.0,0.0,0.0,100,0,0,True,,,,,,,,,,,,,2038-01-01,estimee,,
299,4243C,La Tuilière,La Tuilière,Loire,Auvergne-Rhône-Alpes,SIEL,SIEL,False,2019.0,,6.0,99.3,0.005,0.027,,,,,,89.0,0.0,262.0,0.0,0.0,0.0,0.0,3.0,259.0,0.0,0.0,0.0,0.0,0.0,0.0,0.0,0.0,0.0,0.0,0.0,0.32,0.0,0.0,0.0,0.0,0.11,0.1,0.0,0.0,0.0,0.0,0.0,0.11,0.0,0.0,0.0,0.0,0.0,233.0,161.0,72.0,0.0,0.0,0.0,100,0,0,True,,,,,,,,,,,,,2039-01-01,estimee,,
300,4244C,Loire Forez Agglomération Rezo,Luriecq,Loire,Auvergne-Rhône-Alpes,SIEL,SIEL,False,2019.0,,3.0,100.0,0.0,0.022,,,,,,83.0,0.0,179.0,0.0,0.0,0.0,0.0,0.0,179.0,0.0,0.0,0.0,0.0,0.0,0.0,0.0,0.0,0.0,0.0,0.0,0.1,0.0,0.0,0.0,0.0,0.0,0.1,0.0,0.0,0.0,0.0,0.0,0.0,0.0,0.0,0.0,0.0,0.0,149.0,0.0,149.0,0.0,0.0,0.0,100,0,0,True,,,,,,,,,,,,,2039-01-01,estimee,,
301,4245C,Réseau de La Valla en Gier,La Valla-en-Gier,Loire,Auvergne-Rhône-Alpes,Saint-Etienne Métropole,Saint-Etienne Métropole,False,2020.0,,2.0,100.0,0.0,0.018,77.93,40.0,60.0,46.89,54.7,100.0,0.0,261.0,0.0,0.0,0.0,0.0,0.0,261.0,0.0,0.0,0.0,0.0,0.0,0.0,0.0,0.0,0.0,0.0,0.0,0.1,0.0,0.0,0.0,0.0,0.0,0.1,0.0,0.0,0.0,0.0,0.0,0.0,0.0,0.0,0.0,0.0,0.0,261.0,15.0,246.0,0.0,0.0,0.0,100,0,0,True,,,,,,,,,,,,,2040-01-01,estimee,,
302,4246C,Réseau d'Unieux,Unieux,Loire,Auvergne-Rhône-Alpes,Saint-Etienne Métropole,Saint-Etienne Métropole,False,2007.0,2.0,13.0,84.8,0.047,0.075,124.2,35.0,65.0,78.68,96.45,63.0,0.0,4385.0,783.0,0.0,0.0,0.0,0.0,3602.0,0.0,0.0,0.0,0.0,0.0,0.0,0.0,0.0,0.0,0.0,0.0,5.2,3.2,0.0,0.0,0.0,0.0,2.0,0.0,0.0,0.0,0.0,0.0,0.0,0.0,0.0,0.0,0.0,0.0,2756.0,1940.0,816.0,0.0,0.0,0.0,100,0,0,True,,,,,,,,,,,,,2027-01-01,estimee,,
303,4247C,Réseau de Saint Héand,Saint-Héand,Loire,Auvergne-Rhône-Alpes,Saint-Etienne Métropole,Saint-Etienne Métropole,False,2019.0,1.0,9.0,98.7,0.003,0.027,110.36,54.0,46.0,96.8,115.45,81.0,0.0,1396.0,36.0,0.0,0.0,0.0,0.0,1361.0,0.0,0.0,0.0,0.0,0.0,0.0,0.0,0.0,0.0,0.0,0.0,0.95,0.4,0.0,0.0,0.0,0.0,0.55,0.0,0.0,0.0,0.0,0.0,0.0,0.0,0.0,0.0,0.0,0.0,1133.0,650.0,483.0,0.0,0.0,0.0,100,0,0,True,,,,,,,,,,,,,2039-01-01,estimee,,
304,4248C,ST MARTIN D'ESTREAUX,Saint-Martin-d'Estréaux,Loire,Auvergne-Rhône-Alpes,SIEL,SIEL,False,2020.0,,4.0,99.1,0.007,0.037,,,,,,62.0,0.0,123.0,0.0,0.0,1.0,0.0,0.0,122.0,0.0,0.0,0.0,0.0,0.0,0.0,0.0,0.0,0.0,0.0,0.0,0.25,0.0,0.0,0.15,0.0,0.0,0.1,0.0,0.0,0.0,0.0,0.0,0.0,0.0,0.0,0.0,0.0,0.0,76.0,0.0,76.0,0.0,0.0,0.0,100,0,0,True,,,,,,,,,,,,,2040-01-01,estimee,,
305,4249C,Chaufferie Belmont-de-la-Loire,Belmont-de-la-Loire,Loire,Auvergne-Rhône-Alpes,SIEL,SIEL,False,2020.0,,8.0,87.2,0.034,0.06,,,,,,85.0,0.0,1091.0,140.0,0.0,0.0,0.0,0.0,951.0,0.0,0.0,0.0,0.0,0.0,0.0,0.0,0.0,0.0,0.0,0.0,0.89,0.46,0.0,0.0,0.0,0.0,0.43,0.0,0.0,0.0,0.0,0.0,0.0,0.0,0.0,0.0,0.0,0.0,925.0,0.0,444.0,0.0,0.0,481.0,100,0,0,True,,,,,,,,,,,,,2040-01-01,estimee,,
306,4250C,CDC VAL D'AIX ET ISABLE,Saint-Germain-Laval,Loire,Auvergne-Rhône-Alpes,SIEL,SIEL,False,2020.0,,5.0,97.0,0.016,0.04,,,,,,75.0,0.0,775.0,0.0,0.0,68.0,0.0,0.0,708.0,0.0,0.0,0.0,0.0,0.0,0.0,0.0,0.0,0.0,0.0,0.0,1.35,0.0,0.0,0.95,0.0,0.0,0.4,0.0,0.0,0.0,0.0,0.0,0.0,0.0,0.0,0.0,0.0,0.0,582.0,0.0,378.0,0.0,0.0,204.0,100,0,0,True,,,,,,,,,,,,,2040-01-01,estimee,,
307,4251C,Réseau de Gumières,Gumières,Loire,Auvergne-Rhône-Alpes,SIEL,SIEL,False,2012.0,,1.0,96.6,0.01,0.036,,,,,,86.0,0.0,38.0,0.0,0.0,0.0,0.0,3.0,36.0,0.0,0.0,0.0,0.0,0.0,0.0,0.0,0.0,0.0,0.0,0.0,0.14,0.0,0.0,0.0,0.0,0.05,0.04,0.0,0.0,0.0,0.0,0.0,0.05,0.0,0.0,0.0,0.0,0.0,33.0,0.0,33.0,0.0,0.0,0.0,100,0,0,True,,,,,,,,,,,,,2032-01-01,estimee,,
308,4252C,Saint-Romain-la-Motte,Saint-Romain-la-Motte,Loire,Auvergne-Rhône-Alpes,SIEL,SIEL,False,2019.0,,5.0,98.1,0.061,0.115,,,,,,40.0,0.0,296.0,6.0,0.0,0.0,0.0,0.0,291.0,0.0,0.0,0.0,0.0,0.0,0.0,0.0,0.0,0.0,0.0,0.0,0.85,0.6,0.0,0.0,0.0,0.0,0.25,0.0,0.0,0.0,0.0,0.0,0.0,0.0,0.0,0.0,0.0,0.0,119.0,0.0,119.0,0.0,0.0,0.0,100,0,0,True,,,,,,,,,,,,,2039-01-01,estimee,,
309,4301C,Réseau de Tence,Tence,Haute-Loire,Auvergne-Rhône-Alpes,MAIRIE DE TENCE,Commune de Tence - Réseau de chaleur,True,2008.0,1.0,20.0,100.0,0.0,0.024,,0.0,0.0,,,76.0,0.0,3956.0,0.0,0.0,0.0,0.0,0.0,3956.0,0.0,0.0,0.0,0.0,0.0,0.0,0.0,0.0,0.0,0.0,0.0,2.0,0.0,0.0,0.0,0.0,0.0,2.0,0.0,0.0,0.0,0.0,0.0,0.0,0.0,0.0,0.0,0.0,0.0,3025.0,756.0,2269.0,0.0,0.0,0.0,100,0,0,True,,,,,,,,,,,,,2028-01-01,estimee,,
310,4302C,Mairie de Langeac,Langeac,Haute-Loire,Auvergne-Rhône-Alpes,MAIRIE DE LANGEAC,MAIRIE DE LANGEAC,True,,7.0,,33.3,0.228,0.264,,,,,,0.0,,,,,,,,,,,,,,,,,,,,,,,,,,,,,,,,,,,,,,,,,,,,oui,oui,non,True,,,,,,,,,,,,,,inconnue,,
311,4303C,Réseau du Puy en Velay VERT VEINE,Le Puy-en-Velay,Haute-Loire,Auvergne-Rhône-Alpes,Agglo Le Puy En Velay,ENGIE SOLUTIONS - Agence Loire Porte du Sud,True,2014.0,8.3,51.0,95.2,0.011,0.031,,,,,,98.0,0.0,20341.0,969.0,0.0,0.0,0.0,0.0,19372.0,0.0,0.0,0.0,0.0,0.0,0.0,0.0,0.0,0.0,0.0,0.0,13.7,8.0,0.0,0.0,0.0,0.0,5.7,0.0,0.0,0.0,0.0,0.0,0.0,0.0,0.0,0.0,0.0,0.0,19846.0,10915.0,8931.0,0.0,0.0,0.0,100,0,0,True,,,,,,,,,,,,,2034-01-01,estimee,,
312,4305C,Réseau d'allegre,Allègre,Haute-Loire,Auvergne-Rhône-Alpes,Mairie d'Allegre,MAIRIE D'ALLEGRE,False,2015.0,3.0,85.0,100.0,0.0,0.028,133.31,55.0,45.0,101.33,115.44,62.0,-24.0,3870.0,0.0,0.0,0.0,0.0,0.0,3870.0,0.0,0.0,0.0,0.0,0.0,0.0,0.0,0.0,0.0,0.0,0.0,1.4,0.0,0.0,0.0,0.0,0.0,1.4,0.0,0.0,0.0,0.0,0.0,0.0,0.0,0.0,0.0,0.0,0.0,2390.0,1625.0,765.0,0.0,0.0,0.0,100,0,0,True,,,,,,,,,,,,,2035-01-01,estimee,,
313,4307C,Réseaux de Chaleur YES,Yssingeaux,Haute-Loire,Auvergne-Rhône-Alpes,Ville d'Yssingeaux,ENGIE SOLUTIONS DR RESEAUX SUD EST,True,2011.0,8.5,55.0,92.0,0.023,0.046,,,,,,77.0,0.0,16673.0,1646.0,0.0,0.0,0.0,0.0,15027.0,0.0,0.0,0.0,0.0,0.0,0.0,0.0,0.0,0.0,0.0,0.0,8.9,6.0,0.0,0.0,0.0,0.0,2.9,0.0,0.0,0.0,0.0,0.0,0.0,0.0,0.0,0.0,0.0,0.0,12856.0,2314.0,10156.0,386.0,0.0,0.0,0,100,0,True,,,,,,,,,,,,,2031-01-01,estimee,,
314,4308C,Pradelles,Pradelles,Haute-Loire,Auvergne-Rhône-Alpes,Ville de Pradelles,Ville de PRADELLES (ENGIE SOLUTIONS),True,,0.8,18.0,98.0,0.006,0.026,,,,,,102.0,0.0,1608.0,0.0,0.0,33.0,0.0,0.0,1576.0,0.0,0.0,0.0,0.0,0.0,0.0,0.0,0.0,0.0,0.0,0.0,1.56,0.0,0.0,0.96,0.0,0.0,0.6,0.0,0.0,0.0,0.0,0.0,0.0,0.0,0.0,0.0,0.0,0.0,1648.0,0.0,0.0,0.0,0.0,1648.0,100,0,0,True,,,,,,,,,,,,,,inconnue,,
315,4309C,Réseau de Mazet St Voy,Mazet-Saint-Voy,Haute-Loire,Auvergne-Rhône-Alpes,Commune du Mazet-St-Voy,ERE43,True,2012.0,,2.0,100.0,0.0,0.023,,0.0,0.0,,,80.0,0.0,159.0,0.0,0.0,0.0,0.0,0.0,159.0,0.0,0.0,0.0,0.0,0.0,0.0,0.0,0.0,0.0,0.0,0.0,0.13,0.0,0.0,0.0,0.0,0.0,0.13,0.0,0.0,0.0,0.0,0.0,0.0,0.0,0.0,0.0,0.0,0.0,127.0,0.0,127.0,0.0,0.0,0.0,100,0,0,True,,,,,,,,,,,,,2032-01-01,estimee,,
316,4314C,LA MION 2,Mazet-Saint-Voy,Haute-Loire,Auvergne-Rhône-Alpes,ERE43,ERE43,False,2019.0,,2.0,100.0,0.0,0.021,130.07,100.0,0.0,130.07,130.07,92.0,0.0,239.0,0.0,0.0,0.0,0.0,0.0,239.0,0.0,0.0,0.0,0.0,0.0,0.0,0.0,0.0,0.0,0.0,0.0,0.12,0.0,0.0,0.0,0.0,0.0,0.12,0.0,0.0,0.0,0.0,0.0,0.0,0.0,0.0,0.0,0.0,0.0,219.0,0.0,0.0,219.0,0.0,0.0,100,0,0,True,,,,,,,,,,,,,2039-01-01,estimee,,
317,4315C,Réseau de chaleur de Saugues,Saugues,Haute-Loire,Auvergne-Rhône-Alpes,Commune de Saugues,Régie énergie de Saugues,True,2007.0,,9.0,100.0,0.0,0.028,,0.0,0.0,,,69.0,0.0,1800.0,0.0,0.0,0.0,0.0,0.0,1800.0,0.0,0.0,0.0,0.0,0.0,0.0,0.0,0.0,0.0,0.0,0.0,1.2,0.0,0.0,0.0,0.0,0.0,1.2,0.0,0.0,0.0,0.0,0.0,0.0,0.0,0.0,0.0,0.0,0.0,1250.0,,,,,,,,,True,,,,,,,,,,,,,2027-01-01,estimee,,
318,4316C,Saint-Romain-Lachalm,Saint-Romain-Lachalm,Haute-Loire,Auvergne-Rhône-Alpes,Commune de Saint-Romain-Lachalm,ERE43,False,,,26.0,100.0,0.0,0.032,195.37,37.0,63.0,110.31,129.18,54.0,0.0,353.0,0.0,0.0,0.0,0.0,0.0,353.0,0.0,0.0,0.0,0.0,0.0,0.0,0.0,0.0,0.0,0.0,0.0,0.3,0.0,0.0,0.0,0.0,0.0,0.3,0.0,0.0,0.0,0.0,0.0,0.0,0.0,0.0,0.0,0.0,0.0,189.0,125.0,64.0,0.0,0.0,0.0,,,,True,,,,,,,,,,,,,,inconnue,,
319,4317C,Maison de Louise\n,Monistrol-sur-Loire,Haute-Loire,Auvergne-Rhône-Alpes,ERE43,ERE43,False,,,4.0,100.0,0.0,0.022,,0.0,0.0,,,85.0,0.0,52.0,0.0,0.0,0.0,0.0,0.0,52.0,0.0,0.0,0.0,0.0,0.0,0.0,0.0,0.0,0.0,0.0,0.0,0.03,0.0,0.0,0.0,0.0,0.0,0.03,0.0,0.0,0.0,0.0,0.0,0.0,0.0,0.0,0.0,0.0,0.0,44.0,12.0,32.0,0.0,0.0,0.0,,,,True,,,,,,,,,,,,,,inconnue,,
320,4318C,Centre du Cros,Retournac,Haute-Loire,Auvergne-Rhône-Alpes,ERE43,ERE43,False,,,2.0,100.0,0.0,0.027,,0.0,0.0,,,66.0,0.0,6.0,0.0,0.0,0.0,0.0,0.0,6.0,0.0,0.0,0.0,0.0,0.0,0.0,0.0,0.0,0.0,0.0,0.0,0.12,0.0,0.0,0.0,0.0,0.0,0.12,0.0,0.0,0.0,0.0,0.0,0.0,0.0,0.0,0.0,0.0,0.0,4.0,0.0,4.0,0.0,0.0,0.0,,,,True,,,,,,,,,,,,,,inconnue,,
321,4401C,Réseau de Nantes,"Bouguenais,Nantes,Rezé",Loire-Atlantique,Pays de la Loire,Nantes métropole,ERENA (ENGIE SOLUTIONS),True,1970.0,87.0,476.0,79.1,0.042,0.062,108.13,49.0,51.0,93.13,113.34,84.0,7.0,317947.0,75390.0,0.0,0.0,0.0,0.0,65080.0,0.0,0.0,0.0,0.0,0.0,0.0,0.0,177477.0,0.0,0.0,0.0,228.0,160.0,0.0,0.0,0.0,0.0,38.0,0.0,0.0,0.0,0.0,0.0,0.0,0.0,30.0,0.0,0.0,0.0,265743.0,114269.0,151474.0,0.0,0.0,0.0,97.7,2.3,0,True,Nantes Métropole,IDEX Infra,2016-12-16,240.0,107251894.0,matched_epci,,,,,,,2036-12-16,confirmee_boamp,IDEX Infra,BOAMP
322,4402C,Réseau de Châteaubriant,Châteaubriant,Loire-Atlantique,Pays de la Loire,Ville De Chateaubriant,ENGIE ENERGIE SERVICES Le Petit Quevilly (ENGIE SOLUTIONS),True,2011.0,9.5,35.0,67.6,0.077,0.109,,,,,,79.0,0.0,20891.0,6772.0,0.0,0.0,0.0,0.0,13515.0,0.0,0.0,0.0,0.0,0.0,604.0,0.0,0.0,0.0,0.0,0.0,10.3,7.0,0.0,0.0,0.0,0.0,3.3,0.0,0.0,0.0,0.0,0.0,0.0,0.0,0.0,0.0,0.0,0.0,16476.0,3658.0,11072.0,1746.0,0.0,0.0,100,0,0,True,,,,,,,,,,,,,2031-01-01,estimee,,
323,4403C,Nantes Chantrerie,Nantes,Loire-Atlantique,Pays de la Loire,AFUL LA CHANTRERIE,ENGIE ENERGIE SERVICES Le Petit Quevilly (ENGIE SOLUTIONS),False,2011.0,3.2,17.0,63.1,0.095,0.12,,,,,,91.0,0.0,12710.0,4987.0,0.0,0.0,0.0,0.0,7723.0,0.0,0.0,0.0,0.0,0.0,0.0,0.0,0.0,0.0,0.0,0.0,11.0,8.5,0.0,0.0,0.0,0.0,2.5,0.0,0.0,0.0,0.0,0.0,0.0,0.0,0.0,0.0,0.0,0.0,11591.0,2318.0,9273.0,0.0,0.0,0.0,100,0,0,True,Nantes Métropole,IDEX Infra,2016-12-16,240.0,107251894.0,matched_epci,,,,,,,2036-12-16,confirmee_boamp,IDEX Infra,BOAMP
324,4405C,Zup de Bellevue Saint Herblain,"Nantes,Saint-Herblain",Loire-Atlantique,Pays de la Loire,Nantes métropole,CLEA (DALKIA),True,1969.0,25.0,128.0,64.1,0.095,0.12,97.15,56.0,44.0,92.92,111.92,82.0,12.0,77019.0,27644.0,0.0,0.0,0.0,0.0,49375.0,0.0,0.0,0.0,0.0,0.0,0.0,0.0,0.0,0.0,0.0,0.0,63.0,49.0,0.0,0.0,0.0,0.0,14.0,0.0,0.0,0.0,0.0,0.0,0.0,0.0,0.0,0.0,0.0,0.0,63311.0,51915.0,5698.0,0.0,0.0,5698.0,100,0,0,True,Nantes Métropole,IDEX Infra,2016-12-16,240.0,107251894.0,matched_epci,,,,,,,2036-12-16,confirmee_boamp,IDEX Infra,BOAMP
325,4406C,AFUL Rezé-Château,Rezé,Loire-Atlantique,Pays de la Loire,IDEX TERRITOIRES,IDEX ENERGIES Agence De Nantes,False,2015.0,6.0,38.0,65.2,0.099,0.126,95.42,47.0,53.0,80.11,97.9,85.0,20.0,21290.0,7569.0,0.0,0.0,0.0,0.0,13721.0,0.0,0.0,0.0,0.0,0.0,0.0,0.0,0.0,0.0,0.0,0.0,17.8,12.8,0.0,0.0,0.0,0.0,5.0,0.0,0.0,0.0,0.0,0.0,0.0,0.0,0.0,0.0,0.0,0.0,18111.0,12315.0,5796.0,0.0,0.0,0.0,100,0,0,True,Nantes Métropole,IDEX Infra,2016-12-16,240.0,107251894.0,matched_epci,,,,,,,2036-12-16,confirmee_boamp,IDEX Infra,BOAMP
326,4407C,Réseau de Saint-Jean-de-Boiseau,Saint-Jean-de-Boiseau,Loire-Atlantique,Pays de la Loire,NANTES METROPOLE,NOVAE (IDEX),False,2015.0,1.0,120.0,23.3,0.442,0.503,153.71,53.0,47.0,122.77,143.65,40.0,0.0,1911.0,1466.0,0.0,0.0,0.0,0.0,445.0,0.0,0.0,0.0,0.0,0.0,0.0,0.0,0.0,0.0,0.0,0.0,1.5,1.0,0.0,0.0,0.0,0.0,0.5,0.0,0.0,0.0,0.0,0.0,0.0,0.0,0.0,0.0,0.0,0.0,755.0,755.0,0.0,0.0,0.0,0.0,100,0,0,True,Nantes Métropole,IDEX Infra,2016-12-16,240.0,107251894.0,matched_epci,,,,,,,2036-12-16,confirmee_boamp,IDEX Infra,BOAMP
327,4408C,Réseau ZAC de la Minais,Sainte-Luce-sur-Loire,Loire-Atlantique,Pays de la Loire,NANTES METROPOLE,IDEX BOIS ENERGIE DE LA MINAIS,False,2015.0,1.0,9.0,57.9,0.104,0.138,123.78,37.0,63.0,106.11,136.22,84.0,10.0,3050.0,1954.0,0.0,0.0,0.0,0.0,1096.0,0.0,0.0,0.0,0.0,0.0,0.0,0.0,0.0,0.0,0.0,0.0,4.1,3.3,0.0,0.0,0.0,0.0,0.8,0.0,0.0,0.0,0.0,0.0,0.0,0.0,0.0,0.0,0.0,0.0,2574.0,2059.0,515.0,0.0,0.0,0.0,100,0,0,True,Nantes Métropole,IDEX Infra,2016-12-16,240.0,107251894.0,matched_epci,,,,,,,2036-12-16,confirmee_boamp,IDEX Infra,BOAMP
328,4410C,Réseau de Nantes Nord Chézine,"Couëron,Indre,Nantes,Orvault,Saint-Herblain",Loire-Atlantique,Pays de la Loire,NANTES METROPOLE,NOVAE (IDEX),False,2018.0,30.0,99.0,71.8,0.069,0.081,87.3,40.0,60.0,83.37,107.81,80.0,27.0,94524.0,26634.0,0.0,0.0,0.0,0.0,0.0,0.0,67890.0,0.0,0.0,0.0,0.0,0.0,0.0,0.0,0.0,0.0,94.2,75.0,0.0,0.0,0.0,0.0,0.0,0.0,19.2,0.0,0.0,0.0,0.0,0.0,0.0,0.0,0.0,0.0,75701.0,65103.0,10598.0,0.0,0.0,0.0,100,0,0,True,Nantes Métropole,IDEX Infra,2016-12-16,240.0,107251894.0,matched_epci,,,,,,,2036-12-16,confirmee_boamp,IDEX Infra,BOAMP
329,4412C,Réseau de Donges,Donges,Loire-Atlantique,Pays de la Loire,Ville de Donges,ENGIE ENERGIE SERVICES Le Petit Quevilly (ENGIE SOLUTIONS),False,,,7.0,58.7,0.119,0.149,,,,,,79.0,0.0,2142.0,884.0,0.0,0.0,0.0,0.0,1258.0,0.0,0.0,0.0,0.0,0.0,0.0,0.0,0.0,0.0,0.0,0.0,2.19,1.7,0.0,0.0,0.0,0.0,0.49,0.0,0.0,0.0,0.0,0.0,0.0,0.0,0.0,0.0,0.0,0.0,1700.0,223.0,1477.0,0.0,0.0,0.0,,,,True,,,,,,,,,,,,,,inconnue,,
330,4501C,Socos source,"Olivet,Orléans",Loiret,Centre-Val de Loire,Orléans Métropole,ECOME (DALKIA),True,1965.0,30.0,153.0,79.0,0.015,0.08,106.24,70.0,30.0,99.52,112.37,79.0,13.0,130039.0,25371.0,0.0,158.0,0.0,1382.0,35165.0,0.0,0.0,0.0,0.0,1384.0,0.0,0.0,0.0,66579.0,0.0,0.0,195.94,87.2,0.0,69.8,0.0,1.0,19.4,0.0,0.0,0.0,0.0,0.54,1.0,0.0,0.0,17.0,0.0,0.0,103227.0,49549.0,39226.0,10323.0,0.0,4129.0,0,100,0,True,,,,,,,,,,,,,1985-01-01,estimee,,
331,4503C,Quartier Centre Ville et Nord,"Fleury-les-Aubrais,Orléans,Saint-Jean-de-la-Ruelle",Loiret,Centre-Val de Loire,Ville d'Orléans la Source,SODC (ENGIE SOLUTIONS),True,1970.0,24.0,147.0,81.8,0.006,0.083,127.69,66.0,34.0,120.24,140.14,77.0,0.0,97077.0,26612.0,0.0,1292.0,0.0,0.0,69173.0,0.0,0.0,0.0,0.0,0.0,0.0,0.0,0.0,0.0,0.0,0.0,81.7,54.5,0.0,2.2,0.0,0.0,25.0,0.0,0.0,0.0,0.0,0.0,0.0,0.0,0.0,0.0,0.0,0.0,74345.0,26021.0,48324.0,0.0,0.0,0.0,25,75,0,True,,,,,,,,,,,,,1990-01-01,estimee,,
332,4504C,Zup du Grand Clos,"Amilly,Châlette-sur-Loing,Montargis,Villemandeur",Loiret,Centre-Val de Loire,Ville de Montargis,Montargis Energies (DALKIA),True,1965.0,8.0,40.0,84.9,0.039,0.052,96.18,41.0,59.0,95.66,123.67,80.0,21.0,27379.0,5701.0,0.0,0.0,0.0,0.0,4021.0,0.0,17657.0,0.0,0.0,0.0,0.0,0.0,0.0,0.0,0.0,0.0,24.0,14.5,0.0,0.0,0.0,0.0,4.0,0.0,5.5,0.0,0.0,0.0,0.0,0.0,0.0,0.0,0.0,0.0,21799.0,19183.0,1962.0,0.0,0.0,654.0,100,0,0,True,,,,,,,,,,,,,1985-01-01,estimee,,
333,4505C,Réseau de Fleury les Aubrais,Fleury-les-Aubrais,Loiret,Centre-Val de Loire,Orléans Métropole,SOFLEC (DALKIA),True,1970.0,8.0,48.0,63.8,0.093,0.119,121.02,62.0,38.0,105.83,121.21,84.0,3.0,28665.0,10384.0,0.0,0.0,0.0,0.0,18281.0,0.0,0.0,0.0,0.0,0.0,0.0,0.0,0.0,0.0,0.0,0.0,34.7,19.5,0.0,10.9,0.0,0.0,4.3,0.0,0.0,0.0,0.0,0.0,0.0,0.0,0.0,0.0,0.0,0.0,24017.0,21135.0,2162.0,0.0,0.0,721.0,100,0,0,True,,,,,,,,,,,,,1990-01-01,estimee,,
334,4506C,Réseau d'eau chaude Malteries Pithiviers,Pithiviers,Loiret,Centre-Val de Loire,SITOMAP,PAPREC ENERGIES OPERATIONS,False,1970.0,,1.0,,,,,,,,,48.0,0.0,44538.0,0.0,0.0,0.0,0.0,0.0,0.0,44538.0,0.0,0.0,0.0,0.0,0.0,0.0,0.0,0.0,0.0,0.0,21.0,0.0,0.0,0.0,0.0,0.0,0.0,21.0,0.0,0.0,0.0,0.0,0.0,0.0,0.0,0.0,0.0,0.0,21358.0,0.0,0.0,21358.0,0.0,0.0,,,,True,,,,,,,,,,,,,1990-01-01,estimee,,
335,4507C,Réseau de Amilly,Amilly,Loiret,Centre-Val de Loire,Ville d'Amilly,DALKIA TOURS,True,1970.0,3.0,12.0,90.1,0.02,0.026,103.3,68.0,32.0,115.44,137.98,92.0,0.0,12429.0,1228.0,0.0,0.0,0.0,0.0,0.0,0.0,11201.0,0.0,0.0,0.0,0.0,0.0,0.0,0.0,0.0,0.0,10.03,4.53,0.0,0.0,0.0,0.0,0.0,0.0,5.5,0.0,0.0,0.0,0.0,0.0,0.0,0.0,0.0,0.0,11500.0,5750.0,0.0,5750.0,0.0,0.0,100,0,0,True,,,,,,,,,,,,,1990-01-01,estimee,,
336,4509C,Réseau ESSITY,Gien,Loiret,Centre-Val de Loire,SYCTOM GIEN CHATEAUNEUF,PAPREC ENERGIE - 45,False,,,1.0,100.0,0.0,0.004,,,,,,71.0,0.0,82923.0,0.0,0.0,0.0,0.0,0.0,0.0,82923.0,0.0,0.0,0.0,0.0,0.0,0.0,0.0,0.0,0.0,0.0,,,,,,,,,,,,,,,,,,,58717.0,0.0,0.0,58717.0,0.0,0.0,,,,True,,,,,,,,,,,,,,inconnue,,
337,4601C,Réseau de Nuzéjouls,Nuzéjouls,Lot,Occitanie,SYDED du Lot,SYDED du Lot,True,2002.0,2.0,48.0,62.3,0.221,0.286,192.65,66.0,34.0,170.24,192.16,47.0,0.0,691.0,0.0,0.0,435.0,0.0,0.0,256.0,0.0,0.0,0.0,0.0,0.0,0.0,0.0,0.0,0.0,0.0,0.0,0.84,0.0,0.0,0.5,0.0,0.0,0.34,0.0,0.0,0.0,0.0,0.0,0.0,0.0,0.0,0.0,0.0,0.0,326.0,306.0,20.0,0.0,0.0,0.0,100,0,0,True,,,,,,,,,,,,,2022-01-01,estimee,,
338,4603C,Réseau de Gramat,Gramat,Lot,Occitanie,COMMUNAUTE DE COMMUNES CAUSSES ET VALLEE DE LA DOR,COMMUNAUTE DE COMMUNES CAUSSES ET VALLEE DE LA DOR,True,1995.0,1.0,8.0,100.0,0.0,0.019,101.83,54.0,46.0,95.39,115.57,100.0,0.0,2185.0,0.0,0.0,0.0,0.0,0.0,2185.0,0.0,0.0,0.0,0.0,0.0,0.0,0.0,0.0,0.0,0.0,0.0,1.2,0.0,0.0,0.0,0.0,0.0,1.2,0.0,0.0,0.0,0.0,0.0,0.0,0.0,0.0,0.0,0.0,0.0,2186.0,0.0,2186.0,0.0,0.0,0.0,100,0,0,True,,,,,,,,,,,,,2015-01-01,estimee,,
339,4604C,Réseau de Biars sur Cere,Biars-sur-Cère,Lot,Occitanie,SYDED du Lot,SYDED du Lot,True,2008.0,3.0,163.0,97.8,0.01,0.039,185.01,68.0,32.0,143.88,152.62,68.0,0.0,1530.0,0.0,0.0,48.0,0.0,0.0,1482.0,0.0,0.0,0.0,0.0,0.0,0.0,0.0,0.0,0.0,0.0,0.0,3.15,0.0,0.0,1.9,0.0,0.0,1.25,0.0,0.0,0.0,0.0,0.0,0.0,0.0,0.0,0.0,0.0,0.0,1047.0,1005.0,42.0,0.0,0.0,0.0,100,0,0,True,,,,,,,,,,,,,2028-01-01,estimee,,
340,4605C,Réseau de Cajarc,Cajarc,Lot,Occitanie,SYDED du Lot,SYDED du Lot,True,2008.0,4.0,111.0,97.0,0.013,0.04,161.76,77.0,23.0,149.15,161.74,72.0,0.0,2638.0,0.0,0.0,80.0,0.0,0.0,2558.0,0.0,0.0,0.0,0.0,0.0,0.0,0.0,0.0,0.0,0.0,0.0,3.46,0.0,0.0,1.96,0.0,0.0,1.5,0.0,0.0,0.0,0.0,0.0,0.0,0.0,0.0,0.0,0.0,0.0,1889.0,1606.0,283.0,0.0,0.0,0.0,100,0,0,True,,,,,,,,,,,,,2028-01-01,estimee,,
341,4607C,Réseau de CATUS,Catus,Lot,Occitanie,SYDED du Lot,SYDED du Lot,True,2010.0,3.0,146.0,98.9,0.005,0.033,180.07,74.0,26.0,153.15,163.48,65.0,0.0,1900.0,0.0,0.0,20.0,0.0,0.0,1880.0,0.0,0.0,0.0,0.0,0.0,0.0,0.0,0.0,0.0,0.0,0.0,2.11,0.0,0.0,1.15,0.0,0.0,0.96,0.0,0.0,0.0,0.0,0.0,0.0,0.0,0.0,0.0,0.0,0.0,1231.0,1108.0,123.0,0.0,0.0,0.0,100,0,0,True,,,,,,,,,,,,,2030-01-01,estimee,,
342,4608C,Réseau de Caillac,Caillac,Lot,Occitanie,SYDED du Lot,SYDED du Lot,True,2007.0,2.0,46.0,86.4,0.068,0.107,165.61,80.0,20.0,150.68,159.47,61.0,0.0,1162.0,0.0,0.0,158.0,0.0,0.0,1004.0,0.0,0.0,0.0,0.0,0.0,0.0,0.0,0.0,0.0,0.0,0.0,1.44,0.0,0.0,0.72,0.0,0.0,0.72,0.0,0.0,0.0,0.0,0.0,0.0,0.0,0.0,0.0,0.0,0.0,710.0,660.0,50.0,0.0,0.0,0.0,100,0,0,True,,,,,,,,,,,,,2027-01-01,estimee,,
343,4609C,Réseau de St Germain du Bel air,Saint-Germain-du-Bel-Air,Lot,Occitanie,SYDED du Lot,SYDED du Lot,True,2010.0,2.0,89.0,95.0,0.022,0.051,174.8,80.0,20.0,158.42,167.48,69.0,0.0,1587.0,0.0,0.0,96.0,0.0,0.0,1491.0,0.0,0.0,0.0,0.0,0.0,0.0,0.0,0.0,0.0,0.0,0.0,2.1,0.0,0.0,1.38,0.0,0.0,0.72,0.0,0.0,0.0,0.0,0.0,0.0,0.0,0.0,0.0,0.0,0.0,1095.0,996.0,99.0,0.0,0.0,0.0,100,0,0,True,,,,,,,,,,,,,2030-01-01,estimee,,
344,4610C,Réseau des 4 routes du Lot,Le Vignon-en-Quercy,Lot,Occitanie,SYDED du Lot,SYDED du Lot,True,2007.0,2.0,82.0,94.3,0.03,0.063,169.9,74.0,26.0,146.27,156.14,54.0,0.0,1353.0,0.0,0.0,153.0,0.0,0.0,1200.0,0.0,0.0,0.0,0.0,0.0,0.0,0.0,0.0,0.0,0.0,0.0,1.7,0.0,0.0,0.98,0.0,0.0,0.72,0.0,0.0,0.0,0.0,0.0,0.0,0.0,0.0,0.0,0.0,0.0,727.0,698.0,29.0,0.0,0.0,0.0,100,0,0,True,,,,,,,,,,,,,2027-01-01,estimee,,
345,4611C,Réseau de Sousceyrac,Sousceyrac-en-Quercy,Lot,Occitanie,SYDED du Lot,SYDED du Lot,True,2010.0,4.0,80.0,94.6,0.024,0.053,151.0,82.0,18.0,139.48,147.14,62.0,0.0,2474.0,0.0,0.0,164.0,0.0,0.0,2310.0,0.0,0.0,0.0,0.0,0.0,0.0,0.0,0.0,0.0,0.0,0.0,2.8,0.0,0.0,1.6,0.0,0.0,1.2,0.0,0.0,0.0,0.0,0.0,0.0,0.0,0.0,0.0,0.0,0.0,1541.0,1356.0,185.0,0.0,0.0,0.0,100,0,0,True,,,,,,,,,,,,,2030-01-01,estimee,,
346,4612C,Réseau de Figeac,Figeac,Lot,Occitanie,SYDED du Lot,SYDED du Lot,True,2010.0,2.0,38.0,98.9,0.005,0.032,151.24,84.0,16.0,138.16,144.01,67.0,0.0,1313.0,0.0,0.0,14.0,0.0,0.0,1299.0,0.0,0.0,0.0,0.0,0.0,0.0,0.0,0.0,0.0,0.0,0.0,2.36,0.0,0.0,1.4,0.0,0.0,0.96,0.0,0.0,0.0,0.0,0.0,0.0,0.0,0.0,0.0,0.0,0.0,876.0,806.0,70.0,0.0,0.0,0.0,100,0,0,True,,,,,,,,,,,,,2030-01-01,estimee,,
347,4613C,Réseau de Livernon,Livernon,Lot,Occitanie,SYDED du Lot,SYDED du Lot,True,2012.0,1.0,48.0,92.1,0.037,0.07,165.63,77.0,23.0,147.48,157.18,57.0,0.0,857.0,0.0,0.0,102.0,0.0,0.0,755.0,0.0,0.0,0.0,0.0,0.0,0.0,0.0,0.0,0.0,0.0,0.0,0.94,0.0,0.0,0.6,0.0,0.0,0.34,0.0,0.0,0.0,0.0,0.0,0.0,0.0,0.0,0.0,0.0,0.0,492.0,349.0,143.0,0.0,0.0,0.0,100,0,0,True,,,,,,,,,,,,,2032-01-01,estimee,,
348,4614C,Réseau de CAHORS,Cahors,Lot,Occitanie,SYDED du Lot,SYDED du Lot,True,2013.0,3.0,163.0,92.8,0.021,0.045,133.81,79.0,21.0,124.39,133.82,79.0,0.0,4236.0,305.0,0.0,0.0,0.0,0.0,3930.0,0.0,0.0,0.0,0.0,0.0,0.0,0.0,0.0,0.0,0.0,0.0,5.0,3.3,0.0,0.0,0.0,0.0,1.7,0.0,0.0,0.0,0.0,0.0,0.0,0.0,0.0,0.0,0.0,0.0,3331.0,3031.0,300.0,0.0,0.0,0.0,100,0,0,True,,,,,,,,,,,,,2033-01-01,estimee,,
349,4615C,Réseau de THEGRA,Thégra,Lot,Occitanie,SYDED du Lot,SYDED du Lot,True,2013.0,2.0,63.0,94.6,0.028,0.063,169.09,74.0,26.0,143.15,151.69,58.0,0.0,955.0,0.0,0.0,52.0,0.0,0.0,903.0,0.0,0.0,0.0,0.0,0.0,0.0,0.0,0.0,0.0,0.0,0.0,1.04,0.0,0.0,0.69,0.0,0.0,0.35,0.0,0.0,0.0,0.0,0.0,0.0,0.0,0.0,0.0,0.0,0.0,553.0,520.0,33.0,0.0,0.0,0.0,100,0,0,True,,,,,,,,,,,,,2033-01-01,estimee,,
350,4616C,Réseau de Lacapelle Marival,Lacapelle-Marival,Lot,Occitanie,SYDED du Lot,SYDED du Lot,True,2014.0,5.0,136.0,95.4,0.02,0.048,155.74,81.0,19.0,170.06,191.98,65.0,0.0,3740.0,0.0,0.0,240.0,0.0,0.0,3499.0,0.0,0.0,0.0,0.0,0.0,0.0,0.0,0.0,0.0,0.0,0.0,4.5,0.0,0.0,3.0,0.0,0.0,1.5,0.0,0.0,0.0,0.0,0.0,0.0,0.0,0.0,0.0,0.0,0.0,2428.0,2064.0,364.0,0.0,0.0,0.0,100,0,0,True,,,,,,,,,,,,,2034-01-01,estimee,,
351,4617C,Réseau de GOURDON,Gourdon,Lot,Occitanie,SYDED du Lot,SYDED du Lot,True,2016.0,5.0,143.0,97.8,0.008,0.032,135.86,74.0,26.0,123.89,135.84,82.0,0.0,5608.0,0.0,0.0,122.0,0.0,0.0,5486.0,0.0,0.0,0.0,0.0,0.0,0.0,0.0,0.0,0.0,0.0,0.0,7.5,0.0,0.0,4.5,0.0,0.0,3.0,0.0,0.0,0.0,0.0,0.0,0.0,0.0,0.0,0.0,0.0,0.0,4628.0,3980.0,648.0,0.0,0.0,0.0,100,0,0,True,,,,,,,,,,,,,2036-01-01,estimee,,
352,4701C,SOGAD,"Agen,Le Passage",Lot-et-Garonne,Nouvelle-Aquitaine,SOGAD,SOGAD (SUEZ) - IDEX,False,1995.0,,1.0,100.0,0.0,0.004,,,,,,100.0,0.0,21805.0,0.0,0.0,0.0,0.0,0.0,0.0,21805.0,0.0,0.0,0.0,0.0,0.0,0.0,0.0,0.0,0.0,0.0,6.0,0.0,0.0,0.0,0.0,0.0,0.0,6.0,0.0,0.0,0.0,0.0,0.0,0.0,0.0,0.0,0.0,0.0,21805.0,0.0,0.0,21805.0,0.0,0.0,0,0,100,True,,,,,,,,,,,,,2015-01-01,estimee,,
353,4802C,Mende,Mende,Lozère,Occitanie,Ville de Mende,TENDEM (DALKIA),False,2010.0,,131.0,99.9,0.001,0.022,76.77,65.0,35.0,89.41,106.29,82.0,0.0,40968.0,0.0,0.0,168.0,0.0,0.0,0.0,0.0,0.0,0.0,0.0,0.0,0.0,0.0,0.0,40800.0,0.0,0.0,32.0,0.0,0.0,0.0,0.0,0.0,0.0,0.0,0.0,0.0,0.0,0.0,0.0,0.0,0.0,32.0,0.0,0.0,33369.0,12347.0,21022.0,0.0,0.0,0.0,100,0,0,True,,,,,,,,,,,,,2030-01-01,estimee,,
354,4803C,SCABE Saint Chely d'Apcher Bois Energie,Saint-Chély-d'Apcher,Lozère,Occitanie,SCABE,SCABE (ENGIE SOLUTIONS),True,2015.0,7.4,54.0,98.7,0.005,0.024,125.76,40.0,60.0,165.61,224.32,83.0,0.0,11727.0,0.0,0.0,277.0,0.0,0.0,9123.0,0.0,0.0,0.0,0.0,0.0,0.0,0.0,2327.0,0.0,0.0,0.0,10.0,0.0,0.0,5.0,0.0,0.0,3.0,0.0,0.0,0.0,0.0,0.0,0.0,0.0,2.0,0.0,0.0,0.0,9706.0,2038.0,7668.0,0.0,0.0,0.0,100,0,0,True,,,,,,,,,,,,,2035-01-01,estimee,,
355,4901C,Réseau d'Angers La Roseraie,Angers,Maine-et-Loire,Pays de la Loire,ANGERS LOIRE METROPOLE,ALTER SERVICES,True,2021.0,14.0,98.0,88.0,0.031,0.039,106.54,66.0,34.0,92.78,102.84,86.0,0.0,67286.0,10413.0,0.0,0.0,0.0,0.0,0.0,0.0,56873.0,0.0,0.0,0.0,0.0,0.0,0.0,0.0,0.0,0.0,61.0,45.0,0.0,0.0,0.0,0.0,0.0,0.0,16.0,0.0,0.0,0.0,0.0,0.0,0.0,0.0,0.0,0.0,58185.0,43639.0,14546.0,0.0,0.0,0.0,100,0,0,True,Ville d'Angers,,,,,matched_exact,,,,,,,2041-01-01,estimee,,
356,4902C,RESEAU DES DEUX CROIX (NOZAY-UPJM),Angers,Maine-et-Loire,Pays de la Loire,SEM D'ANGERS,DALKIA TOURS,False,1969.0,8.0,16.0,54.8,0.139,0.168,113.65,66.0,34.0,106.56,122.41,86.0,0.0,23333.0,10543.0,0.0,0.0,0.0,0.0,12790.0,0.0,0.0,0.0,0.0,0.0,0.0,0.0,0.0,0.0,0.0,0.0,17.3,14.1,0.0,0.0,0.0,0.0,3.2,0.0,0.0,0.0,0.0,0.0,0.0,0.0,0.0,0.0,0.0,0.0,19976.0,17379.0,0.0,2597.0,0.0,0.0,100,0,0,True,Ville d'Angers,,,,,matched_exact,,,,,,,1989-01-01,estimee,,
357,4903C,CHU Angers,Angers,Maine-et-Loire,Pays de la Loire,CENTRE HOSPITALIER UNIVERSITAIRE,DALKIA TOURS,False,1980.0,8.0,26.0,89.7,0.023,0.043,88.44,61.0,39.0,115.21,145.64,89.0,0.0,33240.0,3399.0,0.0,9.0,0.0,0.0,29832.0,0.0,0.0,0.0,0.0,0.0,0.0,0.0,0.0,0.0,0.0,0.0,45.0,11.6,0.0,16.0,0.0,0.0,17.4,0.0,0.0,0.0,0.0,0.0,0.0,0.0,0.0,0.0,0.0,0.0,29454.0,2651.0,7953.0,2651.0,0.0,16200.0,100,0,0,True,Ville d'Angers,,,,,matched_exact,,,,,,,2000-01-01,estimee,,
358,4904C,Réseau de chaleur d'Andrezé,Beaupréau-en-Mauges,Maine-et-Loire,Pays de la Loire,Ville de BEAUPREAU-EN-MAUGES,Ville de BEAUPREAU-EN-MAUGES,True,2007.0,1.0,8.0,93.8,0.018,0.042,387.8,23.0,77.0,173.95,215.86,78.0,0.0,325.0,20.0,0.0,0.0,0.0,0.0,305.0,0.0,0.0,0.0,0.0,0.0,0.0,0.0,0.0,0.0,0.0,0.0,0.62,0.4,0.0,0.0,0.0,0.0,0.22,0.0,0.0,0.0,0.0,0.0,0.0,0.0,0.0,0.0,0.0,0.0,253.0,13.0,241.0,0.0,0.0,0.0,100,0,0,True,,,,,,,,,,,,,2027-01-01,estimee,,
359,4905C,Chemin Vert,Saumur,Maine-et-Loire,Pays de la Loire,Ville de Saumur,Ville de Saumur,True,1968.0,4.0,97.0,74.1,0.07,0.095,85.45,62.0,38.0,72.28,82.03,84.0,0.0,11973.0,3096.0,0.0,0.0,0.0,0.0,8877.0,0.0,0.0,0.0,0.0,0.0,0.0,0.0,0.0,0.0,0.0,0.0,15.8,12.5,0.0,0.0,0.0,0.0,3.3,0.0,0.0,0.0,0.0,0.0,0.0,0.0,0.0,0.0,0.0,0.0,10009.0,7006.0,3003.0,0.0,0.0,0.0,100,0,0,True,,,,,,,,,,,,,1988-01-01,estimee,,
360,4907C,Réseau d'Orgemont,Angers,Maine-et-Loire,Pays de la Loire,Ville d'Angers,DALKIA TOURS,False,2012.0,14.0,60.0,64.0,0.068,0.103,111.84,53.0,47.0,136.15,174.47,86.0,0.0,50380.0,18630.0,0.0,0.0,0.0,0.0,0.0,0.0,0.0,0.0,0.0,0.0,0.0,0.0,0.0,31750.0,0.0,0.0,33.5,20.0,0.0,0.0,0.0,0.0,0.0,0.0,0.0,0.0,0.0,0.0,0.0,0.0,0.0,13.5,0.0,0.0,43448.0,36931.0,3041.0,1738.0,0.0,1738.0,100,0,0,True,Ville d'Angers,,,,,matched_exact,,,,,,,2032-01-01,estimee,,
361,4908C,Réseau de chaleur d'Ecouflant,Écouflant,Maine-et-Loire,Pays de la Loire,ANGERS LOIRE METROPOLE,ALTER SERVICES,True,2019.0,1.0,9.0,86.5,0.046,0.074,202.88,42.0,58.0,,,68.0,0.0,922.0,125.0,0.0,0.0,0.0,0.0,797.0,0.0,0.0,0.0,0.0,0.0,0.0,0.0,0.0,0.0,0.0,0.0,1.01,0.55,0.0,0.0,0.0,0.0,0.46,0.0,0.0,0.0,0.0,0.0,0.0,0.0,0.0,0.0,0.0,0.0,624.0,231.0,393.0,0.0,0.0,0.0,100,0,0,True,,,,,,,,,,,,,2039-01-01,estimee,,
362,4910C,Réseau de Chaleur Angers Rive Droite,"Angers,Avrillé",Maine-et-Loire,Pays de la Loire,ANGERS LOIRE METROPOLE,ALTER SERVICES,True,2017.0,6.0,129.0,54.3,0.142,0.173,116.46,52.0,48.0,,,82.0,256.0,67195.0,23992.0,0.0,7568.0,0.0,0.0,35635.0,0.0,0.0,0.0,0.0,0.0,0.0,0.0,0.0,0.0,0.0,0.0,45.3,28.1,0.0,5.0,0.0,0.0,12.2,0.0,0.0,0.0,0.0,0.0,0.0,0.0,0.0,0.0,0.0,0.0,55396.0,18281.0,34899.0,2216.0,0.0,0.0,100,0,0,True,Ville d'Angers,,,,,matched_exact,,,,,,,2037-01-01,estimee,,
363,4911C,Réseau de Belle Beille,"Angers,Avrillé,Beaucouzé",Maine-et-Loire,Pays de la Loire,ALTER SERVICES,ALTER SERVICES,True,2018.0,16.0,71.0,,,,,,,,,89.0,,33102.0,6292.0,0.0,0.0,0.0,0.0,26810.0,0.0,0.0,0.0,0.0,0.0,0.0,0.0,0.0,0.0,0.0,0.0,37.6,29.6,0.0,0.0,0.0,0.0,8.0,0.0,0.0,0.0,0.0,0.0,0.0,0.0,0.0,0.0,0.0,0.0,29451.0,8541.0,20910.0,0.0,0.0,0.0,100,0,0,True,Ville d'Angers,,,,,matched_exact,,,,,,,2038-01-01,estimee,,
364,4912C,Réseau de chaleur de la Herse,Montreuil-Bellay,Maine-et-Loire,Pays de la Loire,Maine et Loire Habitat,Maine et Loire Habitat,False,1969.0,,1.0,65.4,0.12,0.149,,,,,,84.0,,875.0,0.0,0.0,0.0,0.0,0.0,875.0,0.0,0.0,0.0,0.0,0.0,0.0,0.0,0.0,0.0,0.0,0.0,1.54,0.0,0.0,0.0,0.0,0.0,1.54,0.0,0.0,0.0,0.0,0.0,0.0,0.0,0.0,0.0,0.0,0.0,733.0,0.0,733.0,0.0,0.0,0.0,100,0,0,True,,,,,,,,,,,,,1989-01-01,estimee,,
365,4913C,Réseau les Mauges,Cholet,Maine-et-Loire,Pays de la Loire,ALS2 Les mauges,DALKIA,False,2020.0,5.0,39.0,59.4,0.109,0.135,107.16,58.0,42.0,126.48,160.28,88.0,0.0,12703.0,5161.0,0.0,0.0,0.0,0.0,7542.0,0.0,0.0,0.0,0.0,0.0,0.0,0.0,0.0,0.0,0.0,0.0,15.13,7.0,0.0,0.0,0.0,0.0,8.13,0.0,0.0,0.0,0.0,0.0,0.0,0.0,0.0,0.0,0.0,0.0,11154.0,8923.0,2231.0,0.0,0.0,0.0,100,0,0,True,,,,,,,,,,,,,2040-01-01,estimee,,
366,4915C,Réseau de chaleur de Monplaisir,Angers,Maine-et-Loire,Pays de la Loire,ANGERS LOIRE METROPOLE,ALTER SERVICES,False,2020.0,1.0,28.0,75.8,0.067,0.093,124.25,52.0,48.0,103.13,123.97,85.0,0.0,17319.0,3851.0,0.0,0.0,0.0,0.0,13126.0,0.0,0.0,0.0,0.0,0.0,0.0,0.0,0.0,342.0,0.0,0.0,22.0,11.0,0.0,0.0,0.0,0.0,5.6,0.0,0.0,0.0,0.0,0.0,0.0,0.0,0.0,5.4,0.0,0.0,14757.0,9887.0,2656.0,2214.0,0.0,0.0,100,0,0,True,Ville d'Angers,,,,,matched_exact,,,,,,,2040-01-01,estimee,,
367,4917C,RCU Beaupreau - Chaufferie bois Beaupreau,Beaupréau-en-Mauges,Maine-et-Loire,Pays de la Loire,Commune de Beaupreau en Mauges,Commune de Beaupreau en Mauges,False,,,11.0,100.0,0.0,0.02,158.37,44.0,56.0,137.9,171.96,96.0,0.0,2190.0,0.0,0.0,0.0,0.0,0.0,2190.0,0.0,0.0,0.0,0.0,0.0,0.0,0.0,0.0,0.0,0.0,0.0,0.78,0.0,0.0,0.0,0.0,0.0,0.78,0.0,0.0,0.0,0.0,0.0,0.0,0.0,0.0,0.0,0.0,0.0,2111.0,1055.0,1055.0,0.0,0.0,0.0,,,,True,,,,,,,,,,,,,,inconnue,,
368,5001C,Provinces Energies,Cherbourg-en-Cotentin,Manche,Normandie,Ville de Cherbourg,Provinces Energies (IDEX),True,1970.0,6.0,74.0,89.6,0.037,0.065,126.3,45.0,55.0,105.8,130.48,69.0,0.0,31905.0,6526.0,0.0,0.0,0.0,0.0,25379.0,0.0,0.0,0.0,0.0,0.0,0.0,0.0,0.0,0.0,0.0,0.0,17.6,10.0,0.0,0.0,0.0,0.0,7.6,0.0,0.0,0.0,0.0,0.0,0.0,0.0,0.0,0.0,0.0,0.0,22046.0,0.0,0.0,0.0,0.0,22046.0,100,0,0,True,,,,,,,,,,,,,1990-01-01,estimee,,
369,5003C,Régie de chauffage du Teilleul,Le Teilleul,Manche,Normandie,COMMUNE DU TEILLEUL,REGIE DE CHAUFFAGE AU BOIS,True,2012.0,1.0,11.0,81.9,0.067,0.099,161.9,54.0,46.0,125.92,145.3,82.0,0.0,1371.0,0.0,0.0,248.0,0.0,0.0,1123.0,0.0,0.0,0.0,0.0,0.0,0.0,0.0,0.0,0.0,0.0,0.0,1.74,0.0,0.0,1.2,0.0,0.0,0.54,0.0,0.0,0.0,0.0,0.0,0.0,0.0,0.0,0.0,0.0,0.0,1128.0,902.0,226.0,0.0,0.0,0.0,100,0,0,True,,,,,,,,,,,,,2032-01-01,estimee,,
370,5005C,Réseau communal La Lucerne d'Outremer,La Lucerne-d'Outremer,Manche,Normandie,Commune de La Lucerne d'Outremer,Commune de La Lucerne d'Outremer,False,,,6.0,100.0,0.0,0.021,,,,,,90.0,0.0,37.0,0.0,0.0,0.0,0.0,0.0,37.0,0.0,0.0,0.0,0.0,0.0,0.0,0.0,0.0,0.0,0.0,0.0,0.1,0.0,0.0,0.0,0.0,0.0,0.1,0.0,0.0,0.0,0.0,0.0,0.0,0.0,0.0,0.0,0.0,0.0,33.0,33.0,0.0,0.0,0.0,0.0,100,0,0,True,,,,,,,,,,,,,,inconnue,,
371,5006C,Chauffage Urbain Biomasse d’Avranches,Avranches,Manche,Normandie,Communauté d’Agglomération Mont Saint-Michel Normandie,ACEV,True,2014.0,5.0,34.0,95.2,0.012,0.032,,0.0,0.0,,,93.0,2.0,11530.0,548.0,0.0,0.0,0.0,0.0,10981.0,0.0,0.0,0.0,0.0,0.0,0.0,0.0,0.0,0.0,0.0,0.0,13.76,9.9,0.0,0.0,0.0,0.0,3.86,0.0,0.0,0.0,0.0,0.0,0.0,0.0,0.0,0.0,0.0,0.0,10751.0,5053.0,5698.0,0.0,0.0,0.0,100,0,0,True,,,,,,,,,,,,,2034-01-01,estimee,,
372,5008C,Réseau de Hambye,Hambye,Manche,Normandie,SDEM50,Sdem50,True,,,3.0,92.4,0.02,0.043,122.43,53.0,47.0,112.73,136.54,90.0,-3.0,181.0,0.0,0.0,0.0,0.0,19.0,162.0,0.0,0.0,0.0,0.0,0.0,0.0,0.0,0.0,0.0,0.0,0.0,0.21,0.0,0.0,0.0,0.0,0.08,0.05,0.0,0.0,0.0,0.0,0.0,0.08,0.0,0.0,0.0,0.0,0.0,162.0,40.0,122.0,0.0,0.0,0.0,,,,True,,,,,,,,,,,,,,inconnue,,
373,5009C,Réseau de Lessay,Lessay,Manche,Normandie,Sdem50,Sdem50,True,,,3.0,85.5,0.037,0.061,128.94,63.0,37.0,112.92,128.94,81.0,0.0,223.0,33.0,0.0,0.0,0.0,0.0,190.0,0.0,0.0,0.0,0.0,0.0,0.0,0.0,0.0,0.0,0.0,0.0,0.21,0.15,0.0,0.0,0.0,0.0,0.06,0.0,0.0,0.0,0.0,0.0,0.0,0.0,0.0,0.0,0.0,0.0,180.0,0.0,180.0,0.0,0.0,0.0,,,,True,,,,,,,,,,,,,,inconnue,,
374,5010C,Réseau de Tessy-Bocage,Tessy-Bocage,Manche,Normandie,Sdem50,Sdem50,True,,,5.0,79.8,0.047,0.069,125.43,59.0,41.0,,,89.0,1.0,548.0,143.0,0.0,0.0,0.0,0.0,405.0,0.0,0.0,0.0,0.0,0.0,0.0,0.0,0.0,0.0,0.0,0.0,0.42,0.27,0.0,0.0,0.0,0.0,0.15,0.0,0.0,0.0,0.0,0.0,0.0,0.0,0.0,0.0,0.0,0.0,487.0,0.0,487.0,0.0,0.0,0.0,,,,True,,,,,,,,,,,,,,inconnue,,
375,5011C,Réseau de Saint germain sur ay,Saint-Germain-sur-Ay,Manche,Normandie,Sdem50,Sdem50,True,,,6.0,91.3,0.022,0.045,189.73,43.0,57.0,156.11,193.33,90.0,0.0,138.0,0.0,0.0,0.0,0.0,12.0,126.0,0.0,0.0,0.0,0.0,0.0,0.0,0.0,0.0,0.0,0.0,0.0,0.35,0.0,0.0,0.0,0.0,0.13,0.09,0.0,0.0,0.0,0.0,0.0,0.13,0.0,0.0,0.0,0.0,0.0,124.0,19.0,105.0,0.0,0.0,0.0,,,,True,,,,,,,,,,,,,,inconnue,,
376,5012C,Réseau de juvigny les vallees,Juvigny les Vallées,Manche,Normandie,Sdem50,Sdem50,True,,,7.0,86.1,0.038,0.063,176.73,42.0,58.0,116.96,138.48,85.0,0.0,368.0,0.0,0.0,0.0,0.0,51.0,317.0,0.0,0.0,0.0,0.0,0.0,0.0,0.0,0.0,0.0,0.0,0.0,0.88,0.0,0.0,0.0,0.0,0.38,0.12,0.0,0.0,0.0,0.0,0.0,0.38,0.0,0.0,0.0,0.0,0.0,314.0,47.0,267.0,0.0,0.0,0.0,,,,True,,,,,,,,,,,,,,inconnue,,
377,5013C,Coutances,Coutances,Manche,Normandie,SDEM50,Sdem50,True,2022.0,,6.0,89.7,0.023,0.044,111.95,52.0,48.0,113.89,141.44,89.0,0.0,2092.0,225.0,0.0,0.0,0.0,0.0,1867.0,0.0,0.0,0.0,0.0,0.0,0.0,0.0,0.0,0.0,0.0,0.0,2.45,1.8,0.0,0.0,0.0,0.0,0.65,0.0,0.0,0.0,0.0,0.0,0.0,0.0,0.0,0.0,0.0,0.0,1866.0,1120.0,746.0,0.0,0.0,0.0,,,,True,,,,,,,,,,,,,2042-01-01,estimee,,
378,5101C,Zup de Laon Neufchatel,Reims,Marne,Grand Est,Association Syndicale Libre,DALKIA SAINT-ANDRE-LEZ-LILLE,False,1970.0,3.0,30.0,71.4,0.069,0.092,99.91,52.0,48.0,91.3,111.15,94.0,0.0,13448.0,3851.0,0.0,0.0,0.0,0.0,9597.0,0.0,0.0,0.0,0.0,0.0,0.0,0.0,0.0,0.0,0.0,0.0,18.3,13.7,0.0,0.0,0.0,0.0,4.6,0.0,0.0,0.0,0.0,0.0,0.0,0.0,0.0,0.0,0.0,0.0,12703.0,10289.0,889.0,0.0,0.0,1524.0,100,0,0,True,,,,,,,,,,,,,1990-01-01,estimee,,
379,5103C,VY'ENERGIE,"Frignicourt,Vitry-le-François",Marne,Grand Est,VILLE DE VITRY,DALKIA Pulnoy,True,1985.0,11.0,55.0,94.9,0.012,0.032,156.9,36.0,64.0,123.72,156.98,86.0,0.0,25351.0,1297.0,0.0,4.0,0.0,0.0,24050.0,0.0,0.0,0.0,0.0,0.0,0.0,0.0,0.0,0.0,0.0,0.0,26.7,15.6,0.0,1.0,0.0,0.0,10.1,0.0,0.0,0.0,0.0,0.0,0.0,0.0,0.0,0.0,0.0,0.0,21792.0,12857.0,6102.0,0.0,0.0,2833.0,100,0,0,True,,,,,,,,,,,,,2005-01-01,estimee,,
380,5104C,Epernay - Quartier Bernon,Épernay,Marne,Grand Est,VILLE D'EPERNAY,IDEX,False,1995.0,4.0,25.0,0.0,0.191,0.287,141.38,35.0,65.0,132.02,173.02,87.0,-15.0,14219.0,0.0,0.0,0.0,0.0,0.0,0.0,0.0,0.0,0.0,0.0,0.0,0.0,14219.0,0.0,0.0,0.0,0.0,19.0,19.0,0.0,0.0,0.0,0.0,0.0,0.0,0.0,0.0,0.0,0.0,0.0,0.0,0.0,0.0,0.0,0.0,12346.0,4938.0,7408.0,0.0,0.0,0.0,100,0,0,True,,,,,,,,,,,,,2015-01-01,estimee,,
381,5106C,Croix Rouge,Reims,Marne,Grand Est,Ville de Reims,SOCCRAM (ENGIE SOLUTIONS),True,1970.0,16.7,77.0,80.1,0.052,0.069,,,,,,87.0,0.0,158451.0,31605.0,0.0,0.0,0.0,0.0,64352.0,0.0,62494.0,0.0,0.0,0.0,0.0,0.0,0.0,0.0,0.0,0.0,142.4,94.4,0.0,0.0,0.0,0.0,32.0,0.0,16.0,0.0,0.0,0.0,0.0,0.0,0.0,0.0,0.0,0.0,138554.0,80361.0,58193.0,0.0,0.0,0.0,7.7,92.3,0,True,,,,,,,,,,,,,1990-01-01,estimee,,
382,5107C,La renaissance Immobilière Chalonnaise,"Châlons-en-Champagne,Saint-Memmie",Marne,Grand Est,La Renaissance Immobilière Chalonnaise,COFELY Reims (ENGIE SOLUTIONS),False,,2.0,22.0,59.1,0.088,0.117,,,,,,97.0,0.0,13726.0,6231.0,0.0,0.0,0.0,0.0,7495.0,0.0,0.0,0.0,0.0,0.0,0.0,0.0,0.0,0.0,0.0,0.0,11.6,10.0,0.0,0.0,0.0,0.0,1.6,0.0,0.0,0.0,0.0,0.0,0.0,0.0,0.0,0.0,0.0,0.0,13314.0,13181.0,133.0,0.0,0.0,0.0,100,0,0,True,,,,,,,,,,,,,,inconnue,,
383,5108C,St Rémi,Reims,Marne,Grand Est,DALKIA SAINT-ANDRE-LEZ-LILLE,DALKIA SAINT-ANDRE-LEZ-LILLE,False,,,13.0,62.2,0.098,0.112,86.32,63.0,37.0,87.03,103.43,88.0,0.0,15058.0,5690.0,0.0,0.0,0.0,0.0,0.0,0.0,0.0,0.0,0.0,0.0,0.0,0.0,9368.0,0.0,0.0,0.0,7.3,5.0,0.0,0.0,0.0,0.0,0.0,0.0,0.0,0.0,0.0,0.0,0.0,0.0,2.3,0.0,0.0,0.0,13268.0,12008.0,1260.0,0.0,0.0,0.0,100,0,0,True,,,,,,,,,,,,,,inconnue,,
384,5109C,DSP SAINTE MENEHOULD,Sainte-Menehould,Marne,Grand Est,ENGIE SOLUTIONS Reims,ENGIE SOLUTIONS Reims,True,2021.0,3.3,13.0,90.5,0.028,0.054,130.26,60.0,40.0,116.02,140.73,82.0,-8.0,5820.0,552.0,0.0,0.0,0.0,0.0,5268.0,0.0,0.0,0.0,0.0,0.0,0.0,0.0,0.0,0.0,0.0,0.0,2.7,1.3,0.0,0.0,0.0,0.0,1.4,0.0,0.0,0.0,0.0,0.0,0.0,0.0,0.0,0.0,0.0,0.0,4746.0,332.0,4366.0,0.0,47.0,0.0,100,0,0,True,Ville de Sainte Ménehould,ENGIE ENERGIE SERVICES - ENGIE COFELY,2018-01-26,300.0,10222881.0,matched_exact,,,,,,,2043-01-26,confirmee_boamp,ENGIE ENERGIE SERVICES - ENGIE COFELY,BOAMP
385,5110C,Réseau CLOE - Chalons-en-Champagne,"Châlons-en-Champagne,Recy,Saint-Martin-sur-le-Pré",Marne,Grand Est,Ville de Châlons-en-Champagne,CLOE (ENGIE SOLUTIONS),False,2022.0,,88.0,73.8,0.065,0.076,,,,,,84.0,0.0,75298.0,19701.0,0.0,0.0,0.0,0.0,0.0,0.0,55597.0,0.0,0.0,0.0,0.0,0.0,0.0,0.0,0.0,0.0,56.0,37.0,0.0,0.0,0.0,0.0,0.0,0.0,19.0,0.0,0.0,0.0,0.0,0.0,0.0,0.0,0.0,0.0,62987.0,17006.0,45981.0,0.0,0.0,0.0,,,,True,,,,,,,,,,,,,2042-01-01,estimee,,
386,5202C,DSP ST DIZIER,"Bettancourt-la-Ferrée,Saint-Dizier",Haute-Marne,Grand Est,Ville de Saint Dizier,CUB - CHALEUR URBAINE BRAGARDE (ENGIE SOLUTIONS),True,1955.0,16.6,96.0,71.1,0.074,0.098,,,,,,89.0,0.0,59471.0,6297.0,0.0,0.0,0.0,0.0,41938.0,0.0,0.0,0.0,0.0,0.0,0.0,0.0,0.0,11236.0,0.0,0.0,58.0,43.0,0.0,0.0,0.0,0.0,11.0,0.0,0.0,0.0,0.0,0.0,0.0,0.0,0.0,4.0,0.0,0.0,52988.0,25964.0,27024.0,0.0,0.0,0.0,100,0,0,True,,,,,,,,,,,,,1975-01-01,estimee,,
387,5204C,Réseau de chaleur du sud de la ville de Chaumont,Chaumont,Haute-Marne,Grand Est,Ville de Chaumont,ENGIE SOLUTIONS Reims,True,2011.0,22.0,112.0,84.2,0.043,0.055,,,,,,84.0,0.0,62386.0,9862.0,0.0,0.0,0.0,0.0,13525.0,0.0,38999.0,0.0,0.0,0.0,0.0,0.0,0.0,0.0,0.0,0.0,43.59,29.3,0.0,0.0,0.0,0.0,2.8,0.0,10.0,0.0,0.0,0.0,0.0,0.0,0.0,1.49,0.0,0.0,52420.0,23589.0,28831.0,0.0,0.0,0.0,100,0,0,True,,,,,,,,,,,,,2031-01-01,estimee,,
388,5205C,Réseau de chaleur bois de Marac,Marac,Haute-Marne,Grand Est,Commune de Marac,Commune de Marac,False,2013.0,,6.0,100.0,0.0,0.019,,,,,,100.0,0.0,72.0,0.0,0.0,0.0,0.0,0.0,72.0,0.0,0.0,0.0,0.0,0.0,0.0,0.0,0.0,0.0,0.0,0.0,0.1,0.0,0.0,0.0,0.0,0.0,0.1,0.0,0.0,0.0,0.0,0.0,0.0,0.0,0.0,0.0,0.0,0.0,72.0,16.0,45.0,0.0,0.0,11.0,100,0,0,True,,,,,,,,,,,,,2033-01-01,estimee,,
389,5207C,Réseau de Wassy,Wassy,Haute-Marne,Grand Est,Conseil départemental,IDEX,False,2013.0,,4.0,100.0,0.0,0.017,,,,,,116.0,0.0,1925.0,0.0,0.0,0.0,0.0,0.0,1925.0,0.0,0.0,0.0,0.0,0.0,0.0,0.0,0.0,0.0,0.0,0.0,1.39,0.0,0.0,0.0,0.0,0.0,1.39,0.0,0.0,0.0,0.0,0.0,0.0,0.0,0.0,0.0,0.0,0.0,2230.0,0.0,2230.0,0.0,0.0,0.0,100,0,0,True,,,,,,,,,,,,,2033-01-01,estimee,,
390,5208C,Réseau de Bourmont,Bourmont-entre-Meuse-et-Mouzon,Haute-Marne,Grand Est,Conseil départemental Haute-Marne,CONSEIL DEPARTEMENTAL HAUTE MARNE,False,2016.0,,5.0,100.0,0.0,0.022,,,,,,84.0,0.0,1860.0,0.0,0.0,0.0,0.0,0.0,1860.0,0.0,0.0,0.0,0.0,0.0,0.0,0.0,0.0,0.0,0.0,0.0,1.64,0.0,0.0,0.0,0.0,0.0,1.64,0.0,0.0,0.0,0.0,0.0,0.0,0.0,0.0,0.0,0.0,0.0,1562.0,0.0,1562.0,0.0,0.0,0.0,100,0,0,True,,,,,,,,,,,,,2036-01-01,estimee,,
391,5209C,Réseau de Langres,Langres,Haute-Marne,Grand Est,Ville de Langres,COFELY Reims (ENGIE SOLUTIONS),True,2018.0,6.0,27.0,57.3,0.099,0.123,,,,,,89.0,0.0,15658.0,1946.0,0.0,0.0,0.0,0.0,8865.0,0.0,0.0,0.0,0.0,0.0,0.0,0.0,0.0,4847.0,0.0,0.0,13.0,8.0,0.0,0.0,0.0,0.0,3.0,0.0,0.0,0.0,0.0,0.0,0.0,0.0,0.0,2.0,0.0,0.0,13899.0,9451.0,4448.0,0.0,0.0,0.0,100,0,0,True,,,,,,,,,,,,,2038-01-01,estimee,,
392,5302C,Réseau de Laval - Zup Saint Nicolas,Laval,Mayenne,Pays de la Loire,Ville de Laval,LAVAL ENERGIE NOUVELLE (LEN) (CORIANCE),True,1970.0,18.0,76.0,86.2,0.038,0.046,,,,,,80.0,0.0,65023.0,8765.0,0.0,0.0,0.0,0.0,0.0,0.0,0.0,0.0,0.0,0.0,0.0,0.0,56001.0,257.0,0.0,0.0,60.31,31.21,0.0,0.0,0.0,0.0,0.0,0.0,0.0,0.0,0.0,0.0,0.0,0.0,21.0,8.1,0.0,0.0,51894.0,26653.0,12449.0,0.0,0.0,12792.0,100,0,0,True,,,,,,,,,,,,,1990-01-01,estimee,,
393,5304C,VAPEUR COSYNERGIE 53,Pontmain,Mayenne,Pays de la Loire,Conseil Départemental de La Mayenne,SUEZ,False,2021.0,,1.0,100.0,0.0,0.004,37.35,3.0,97.0,32.37,37.78,78.0,0.0,127538.0,0.0,0.0,0.0,0.0,0.0,0.0,127538.0,0.0,0.0,0.0,0.0,0.0,0.0,0.0,0.0,0.0,0.0,14.4,0.0,0.0,0.0,0.0,0.0,0.0,14.4,0.0,0.0,0.0,0.0,0.0,0.0,0.0,0.0,0.0,0.0,99566.0,0.0,0.0,99566.0,0.0,0.0,0,0,100,True,,,,,,,,,,,,,2041-01-01,estimee,,
394,5305C,Réseau d'Evron,Évron,Mayenne,Pays de la Loire,Reselia,Reselia,False,2015.0,,25.0,82.6,0.048,0.072,114.02,51.0,49.0,120.86,152.23,74.0,0.0,11514.0,2003.0,0.0,0.0,0.0,0.0,9511.0,0.0,0.0,0.0,0.0,0.0,0.0,0.0,0.0,0.0,0.0,0.0,4.1,1.8,0.0,0.0,0.0,0.0,2.3,0.0,0.0,0.0,0.0,0.0,0.0,0.0,0.0,0.0,0.0,0.0,8577.0,3517.0,5060.0,0.0,0.0,0.0,100,0,0,True,,,,,,,,,,,,,2035-01-01,estimee,,
395,5401C,ESTIA - Saint Julien Kennedy,Nancy,Meurthe-et-Moselle,Grand Est,Métropole du Grand Nancy,ESTIA (Dalkia),True,1960.0,17.0,116.0,60.9,0.105,0.131,100.31,58.0,42.0,86.93,103.92,89.0,28.0,94194.0,36829.0,0.0,1092.0,0.0,0.0,56273.0,0.0,0.0,0.0,0.0,0.0,0.0,0.0,0.0,0.0,0.0,0.0,59.5,38.0,0.0,9.0,0.0,0.0,12.5,0.0,0.0,0.0,0.0,0.0,0.0,0.0,0.0,0.0,0.0,0.0,83934.0,14269.0,69665.0,0.0,0.0,0.0,31,0,69,True,Communauté Urbaine du Grand Nancy,,,,,matched_epci,,,,,,,1980-01-01,estimee,,
396,5403C,S.E.E.V - Ville de Vandoeuvre,"Nancy,Vandœuvre-lès-Nancy,Villers-lès-Nancy",Meurthe-et-Moselle,Grand Est,Métropole du Grand Nancy,S.E.E.V (DALKIA),True,1960.0,27.0,154.0,77.2,0.053,0.066,79.32,61.0,39.0,72.55,85.96,93.0,10.0,176876.0,28190.0,0.0,11.0,0.0,0.0,12516.0,0.0,116919.0,0.0,0.0,0.0,0.0,0.0,0.0,19240.0,0.0,0.0,91.9,40.0,0.0,20.0,0.0,0.0,8.0,0.0,20.0,0.0,0.0,0.0,0.0,0.0,0.0,3.9,0.0,0.0,163885.0,111442.0,52443.0,0.0,0.0,0.0,100,0,0,True,Communauté Urbaine du Grand Nancy,,,,,matched_epci,,,,,,,1980-01-01,estimee,,
397,5407C,ESTIA - Plateau de Haye,"Maxéville,Nancy",Meurthe-et-Moselle,Grand Est,Métropole du Grand Nancy,ESTIA - Réseaux de Chaleur (DALKIA),True,1960.0,6.0,41.0,54.0,0.107,0.144,118.57,43.0,57.0,91.13,112.11,83.0,0.0,26651.0,12969.0,0.0,0.0,0.0,0.0,13682.0,0.0,0.0,0.0,0.0,0.0,0.0,0.0,0.0,0.0,0.0,0.0,19.63,14.63,0.0,0.0,0.0,0.0,5.0,0.0,0.0,0.0,0.0,0.0,0.0,0.0,0.0,0.0,0.0,0.0,22208.0,15101.0,7107.0,0.0,0.0,0.0,100,0,0,True,Communauté Urbaine du Grand Nancy,,,,,matched_epci,,,,,,,1980-01-01,estimee,,
398,5408C,Réseau d'Ecrouves,Écrouves,Meurthe-et-Moselle,Grand Est,Communauté de Communes Du Toulois,COFELY SERVICES Agence Lorraine (ENGIE SOLUTIONS),True,2010.0,7.0,24.0,53.9,0.115,0.142,,,,,,81.0,0.0,15923.0,7954.0,0.0,0.0,0.0,0.0,7095.0,0.0,0.0,0.0,0.0,0.0,0.0,874.0,0.0,0.0,0.0,0.0,16.5,14.0,0.0,0.0,0.0,0.0,2.5,0.0,0.0,0.0,0.0,0.0,0.0,0.0,0.0,0.0,0.0,0.0,12900.0,1548.0,11352.0,0.0,0.0,0.0,100,0,0,True,,,,,,,,,,,,,2030-01-01,estimee,,
399,5410C,S.E.E.V - Plateau de Brabois,Vandœuvre-lès-Nancy,Meurthe-et-Moselle,Grand Est,Métropole du Grand Nancy,S.E.E.V (DALKIA),True,2016.0,7.0,33.0,62.6,0.059,0.108,90.92,52.0,48.0,100.37,125.47,95.0,28.0,68530.0,11767.0,0.0,0.0,0.0,0.0,41949.0,0.0,0.0,0.0,0.0,0.0,0.0,0.0,0.0,14814.0,0.0,0.0,46.7,27.5,0.0,0.0,0.0,0.0,14.8,0.0,0.0,0.0,0.0,0.0,0.0,0.0,0.0,4.4,0.0,0.0,65088.0,0.0,65088.0,0.0,0.0,0.0,100,0,0,True,Communauté Urbaine du Grand Nancy,,,,,matched_epci,,,,,,,2036-01-01,estimee,,
400,5411C,ESTIA - Blandan Medreville,Nancy,Meurthe-et-Moselle,Grand Est,Métropole du Grand Nancy,ESTIA - Réseaux de Chaleur (DALKIA),True,1995.0,4.0,22.0,70.9,0.071,0.09,92.74,67.0,33.0,86.14,99.32,93.0,0.0,24456.0,1086.0,0.0,1.0,0.0,0.0,0.0,0.0,0.0,0.0,0.0,0.0,0.0,0.0,0.0,23369.0,0.0,0.0,10.89,9.69,0.0,1.2,0.0,0.0,0.0,0.0,0.0,0.0,0.0,0.0,0.0,0.0,0.0,0.0,0.0,0.0,22639.0,11772.0,10867.0,0.0,0.0,0.0,100,0,0,True,Communauté Urbaine du Grand Nancy,,,,,matched_epci,,,,,,,2015-01-01,estimee,,
401,5412C,Réseau de Pont à Mousson,"Mousson,Pont-à-Mousson",Meurthe-et-Moselle,Grand Est,Ville de Pont-À-Mousson,COFELY SERVICES Agence Lorraine (ENGIE SOLUTIONS),True,,7.0,51.0,89.4,0.03,0.077,,,,,,82.0,0.0,16778.0,2522.0,0.0,0.0,0.0,0.0,1824.0,0.0,0.0,6176.0,0.0,0.0,0.0,0.0,0.0,6256.0,0.0,0.0,19.1,10.9,0.0,0.0,0.0,0.0,3.2,0.0,0.0,4.0,0.0,0.0,0.0,0.0,0.0,1.0,0.0,0.0,13789.0,3861.0,9928.0,0.0,0.0,0.0,100,0,0,True,,,,,,,,,,,,,,inconnue,,
402,5413C,ESTIA - LAXOU-VILLERS,"Laxou,Villers-lès-Nancy",Meurthe-et-Moselle,Grand Est,Métropole du Grand Nancy,ESTIA - Réseaux de Chaleur (DALKIA),True,2018.0,5.0,29.0,56.3,0.094,0.121,108.55,64.0,36.0,97.18,113.85,89.0,0.0,26335.0,7942.0,0.0,0.0,0.0,0.0,0.0,0.0,0.0,0.0,0.0,0.0,0.0,0.0,0.0,18393.0,0.0,0.0,12.1,12.1,0.0,0.0,0.0,0.0,0.0,0.0,0.0,0.0,0.0,0.0,0.0,0.0,0.0,0.0,0.0,0.0,23369.0,19396.0,3973.0,0.0,0.0,0.0,100,0,0,True,Communauté Urbaine du Grand Nancy,,,,,matched_epci,,,,,,,2038-01-01,estimee,,
403,5414C,Réseau de chaleur BRIEY,Val de Briey,Meurthe-et-Moselle,Grand Est,Ville de BRIEY,DALKIA SAINT-ANDRE-LEZ-LILLE,True,2016.0,3.0,25.0,79.8,0.049,0.072,126.43,45.0,55.0,110.25,136.72,89.0,0.0,14048.0,2833.0,0.0,5.0,0.0,0.0,11210.0,0.0,0.0,0.0,0.0,0.0,0.0,0.0,0.0,0.0,0.0,0.0,12.1,7.6,0.0,2.0,0.0,0.0,2.5,0.0,0.0,0.0,0.0,0.0,0.0,0.0,0.0,0.0,0.0,0.0,12500.0,1750.0,10750.0,0.0,0.0,0.0,100,0,0,True,,,,,,,,,,,,,2036-01-01,estimee,,
404,5415C,Réseau des jardinets,Amenoncourt,Meurthe-et-Moselle,Grand Est,Commune d'AMENONCOURT,Commune d'Amenoncourt,True,2019.0,2.0,38.0,100.0,0.0,0.139,69.07,64.0,36.0,51.76,55.37,33.0,0.0,1580.0,0.0,0.0,0.0,0.0,0.0,0.0,0.0,0.0,0.0,0.0,0.0,0.0,0.0,0.0,1580.0,0.0,0.0,0.5,0.0,0.0,0.0,0.0,0.0,0.0,0.0,0.0,0.0,0.0,0.0,0.0,0.0,0.0,0.5,0.0,0.0,517.0,496.0,21.0,0.0,0.0,0.0,100,0,0,True,,,,,,,,,,,,,2039-01-01,estimee,,
405,5417C,L'ENERGIE LUNEVILLE,Lunéville,Meurthe-et-Moselle,Grand Est,Ville de Lunéville,Ville de Lunéville (DALKIA),False,,,48.0,85.9,0.041,0.067,111.17,46.0,54.0,82.94,99.53,84.0,0.0,15818.0,2225.0,0.0,0.0,0.0,0.0,13593.0,0.0,0.0,0.0,0.0,0.0,0.0,0.0,0.0,0.0,0.0,0.0,21.6,12.4,0.0,0.0,0.0,0.0,9.2,0.0,0.0,0.0,0.0,0.0,0.0,0.0,0.0,0.0,0.0,0.0,13322.0,1865.0,8526.0,0.0,0.0,2931.0,,,,True,,,,,,,,,,,,,,inconnue,,
406,5501C,Côte Sainte Catherine,Bar-le-Duc,Meuse,Grand Est,Ville de Bar Le Duc,BAR LE DUC ENERGIES ENVIRONNEMENT (ENGIE SOLUTIONS),True,1970.0,4.5,29.0,60.7,0.1,0.125,,,,,,86.0,0.0,22270.0,10978.0,0.0,0.0,0.0,0.0,10519.0,0.0,0.0,0.0,0.0,0.0,0.0,773.0,0.0,0.0,0.0,0.0,21.6,18.0,0.0,0.0,0.0,0.0,3.6,0.0,0.0,0.0,0.0,0.0,0.0,0.0,0.0,0.0,0.0,0.0,19148.0,8425.0,10723.0,0.0,0.0,0.0,100,0,0,True,Ville de Bar le Duc,SA ENGIE ENERGIE SERVICES,2019-07-12,240.0,33976051.3,matched_exact,,,,,,,2039-07-12,confirmee_boamp,SA ENGIE ENERGIE SERVICES,BOAMP
407,5502C,Zup Anthouard,Verdun,Meuse,Grand Est,SIEM,DALKIA SAINT-ANDRE-LEZ-LILLE,False,1970.0,3.0,23.0,0.0,0.246,0.276,149.05,55.0,45.0,128.64,151.69,90.0,0.0,13344.0,8630.0,0.0,0.0,0.0,0.0,0.0,0.0,0.0,0.0,0.0,0.0,0.0,0.0,0.0,4714.0,0.0,0.0,25.5,11.9,0.0,9.6,0.0,0.0,0.0,0.0,0.0,0.0,0.0,0.0,0.0,0.0,0.0,4.0,0.0,0.0,11942.0,2150.0,9792.0,0.0,0.0,0.0,100,0,0,True,,,,,,,,,,,,,1990-01-01,estimee,,
408,5503C,Ligny en Barrois,Ligny-en-Barrois,Meuse,Grand Est,ville de Ligny en Barrois,Dalkia,True,2010.0,3.0,10.0,80.7,0.057,0.083,132.23,40.0,60.0,269.31,295.82,76.0,3.0,5422.0,1044.0,0.0,0.0,0.0,0.0,4378.0,0.0,0.0,0.0,0.0,0.0,0.0,0.0,0.0,0.0,0.0,0.0,4.5,3.0,0.0,0.0,0.0,0.0,1.5,0.0,0.0,0.0,0.0,0.0,0.0,0.0,0.0,0.0,0.0,0.0,4109.0,2219.0,1726.0,0.0,0.0,164.0,100,0,0,True,,,,,,,,,,,,,2030-01-01,estimee,,
409,5505C,Réseau Meuse-Energie,"Tronville-en-Barrois,Velaines",Meuse,Grand Est,Meuse Energie,MEUSE ENERGIE (ENGIE SOLUTIONS),False,,2.0,,,,,,,,,,0.0,,,,,,,,,,,,,,,,,,,,,,,,,,,,,,,,,,,,,,,,,,,,100,0,0,True,,,,,,,,,,,,,,inconnue,,
410,5601C,Réseau de Lanester,Lanester,Morbihan,Bretagne,Ville de Lanester,DALKIA TOURS,True,2010.0,2.0,17.0,71.1,0.092,0.121,105.39,31.0,69.0,94.87,125.82,76.0,0.0,5164.0,1636.0,0.0,0.0,0.0,0.0,3528.0,0.0,0.0,0.0,0.0,0.0,0.0,0.0,0.0,0.0,0.0,0.0,4.2,2.8,0.0,0.0,0.0,0.0,1.4,0.0,0.0,0.0,0.0,0.0,0.0,0.0,0.0,0.0,0.0,0.0,3904.0,3904.0,0.0,0.0,0.0,0.0,100,0,0,True,,,,,,,,,,,,,2030-01-01,estimee,,
411,5602C,Réseau de chaleur zac centre,Hennebont,Morbihan,Bretagne,MAIRIE D'HENNEBONT,Ville d'Hennebont,True,2011.0,,7.0,100.0,0.0,0.023,152.39,52.0,48.0,126.19,149.83,80.0,0.0,2285.0,0.0,0.0,0.0,0.0,0.0,2285.0,0.0,0.0,0.0,0.0,0.0,0.0,0.0,0.0,0.0,0.0,0.0,1.6,0.0,0.0,0.0,0.0,0.0,1.6,0.0,0.0,0.0,0.0,0.0,0.0,0.0,0.0,0.0,0.0,0.0,1824.0,493.0,1332.0,0.0,0.0,0.0,100,0,0,True,,,,,,,,,,,,,2031-01-01,estimee,,
412,5603C,Réseau de chaleur du GUMENEN,Auray,Morbihan,Bretagne,VILLE d'Auray,ENGIE ENERGIE SERVICES DIRECTION REGIONALE BRETAGNE (ENGIE SOLUTIONS),True,2010.0,1.0,12.0,76.9,0.072,0.099,,,,,,73.0,0.0,2459.0,567.0,0.0,0.0,0.0,0.0,1892.0,0.0,0.0,0.0,0.0,0.0,0.0,0.0,0.0,0.0,0.0,0.0,3.65,2.45,0.0,0.0,0.0,0.0,1.2,0.0,0.0,0.0,0.0,0.0,0.0,0.0,0.0,0.0,0.0,0.0,1800.0,0.0,0.0,0.0,0.0,1800.0,100,0,0,True,,,,,,,,,,,,,2030-01-01,estimee,,
413,5604C,Réseau de chaleur Liger,Locminé,Morbihan,Bretagne,SAS LIGER,SEM LIGER,False,2012.0,4.0,9.0,100.0,0.0,0.048,,,,,,84.0,0.0,3803.0,0.0,0.0,0.0,0.0,0.0,415.0,0.0,0.0,3388.0,0.0,0.0,0.0,0.0,0.0,0.0,0.0,0.0,3.2,0.0,0.0,0.0,0.0,0.0,1.6,0.0,0.0,1.6,0.0,0.0,0.0,0.0,0.0,0.0,0.0,0.0,3213.0,0.0,1735.0,1478.0,0.0,0.0,100,0,0,True,,,,,,,,,,,,,2032-01-01,estimee,,
414,5608C,Réseau de chaleur de Locmiquelic,Locmiquélic,Morbihan,Bretagne,Commune de Locmiquélic,Commune de Locmiquélic,False,2018.0,,4.0,99.4,0.002,0.022,,,,,,90.0,1.0,341.0,2.0,0.0,0.0,0.0,0.0,339.0,0.0,0.0,0.0,0.0,0.0,0.0,0.0,0.0,0.0,0.0,0.0,0.68,0.44,0.0,0.0,0.0,0.0,0.24,0.0,0.0,0.0,0.0,0.0,0.0,0.0,0.0,0.0,0.0,0.0,308.0,0.0,308.0,0.0,0.0,0.0,100,0,0,True,,,,,,,,,,,,,2038-01-01,estimee,,
415,5609C,Centre-ville - Plouay,Plouay,Morbihan,Bretagne,Bois Energie Renouvelable,SPL Bois Energie Renouvelable,False,2021.0,,3.0,100.0,0.0,0.02,,,,,,92.0,0.0,124.0,0.0,0.0,0.0,0.0,0.0,124.0,0.0,0.0,0.0,0.0,0.0,0.0,0.0,0.0,0.0,0.0,0.0,0.12,0.0,0.0,0.0,0.0,0.0,0.12,0.0,0.0,0.0,0.0,0.0,0.0,0.0,0.0,0.0,0.0,0.0,113.0,0.0,113.0,0.0,0.0,0.0,,,,True,,,,,,,,,,,,,2041-01-01,estimee,,
416,5611C,Manehouarn - Plouay,Plouay,Morbihan,Bretagne,Bois Energie Renouvelable,SPL Bois Energie Renouvelable,False,2022.0,,7.0,98.9,0.003,0.025,,,,,,85.0,0.0,632.0,7.0,0.0,0.0,0.0,0.0,625.0,0.0,0.0,0.0,0.0,0.0,0.0,0.0,0.0,0.0,0.0,0.0,1.03,0.7,0.0,0.0,0.0,0.0,0.33,0.0,0.0,0.0,0.0,0.0,0.0,0.0,0.0,0.0,0.0,0.0,537.0,0.0,537.0,0.0,0.0,0.0,,,,True,,,,,,,,,,,,,2042-01-01,estimee,,
417,5612C,Lanveur - Kerjulaude -  Lorient,Lorient,Morbihan,Bretagne,SPL Bois Energie Renouvelable,SPL Bois Energie Renouvelable,False,2021.0,9.0,9.0,94.6,0.014,0.035,,,,,,91.0,0.0,2258.0,148.0,0.0,0.0,0.0,0.0,2110.0,0.0,0.0,0.0,0.0,0.0,0.0,0.0,0.0,0.0,0.0,0.0,2.6,1.5,0.0,0.0,0.0,0.0,1.1,0.0,0.0,0.0,0.0,0.0,0.0,0.0,0.0,0.0,0.0,0.0,2058.0,0.0,2058.0,0.0,0.0,0.0,100,,,True,VILLE DE LORIENT,SOCIETE PUBLIQUE LOCALE BOIS ENERGIE RENOUVELABLE,2019-06-27,360.0,8445000.0,matched_exact,,,,,,,2049-06-27,confirmee_boamp,SOCIETE PUBLIQUE LOCALE BOIS ENERGIE RENOUVELABLE,BOAMP
418,5613C,Bodélio - Lorient,Lorient,Morbihan,Bretagne,BOIS ENERGIE RENOUVELABLE,BOIS ENERGIE RENOUVELABLE,False,2023.0,,9.0,98.1,0.006,0.029,,,,,,77.0,0.0,2477.0,46.0,0.0,0.0,0.0,0.0,2430.0,0.0,0.0,0.0,0.0,0.0,0.0,0.0,0.0,0.0,0.0,0.0,3.2,1.8,0.0,0.0,0.0,0.0,1.4,0.0,0.0,0.0,0.0,0.0,0.0,0.0,0.0,0.0,0.0,0.0,1905.0,248.0,1658.0,0.0,0.0,0.0,100,,,True,VILLE DE LORIENT,SOCIETE PUBLIQUE LOCALE BOIS ENERGIE RENOUVELABLE,2019-06-27,360.0,8445000.0,matched_exact,,,,,,,2049-06-27,confirmee_boamp,SOCIETE PUBLIQUE LOCALE BOIS ENERGIE RENOUVELABLE,BOAMP
419,5614C,Kerdroual - Ploemeur,Ploemeur,Morbihan,Bretagne,Bois Energie Renouvelable,SPL Bois Energie Renouvelable,False,2022.0,,7.0,97.5,0.007,0.031,,,,,,79.0,0.0,3410.0,99.0,0.0,0.0,0.0,0.0,3310.0,0.0,0.0,0.0,0.0,0.0,0.0,0.0,0.0,0.0,0.0,0.0,2.2,1.4,0.0,0.0,0.0,0.0,0.8,0.0,0.0,0.0,0.0,0.0,0.0,0.0,0.0,0.0,0.0,0.0,2701.0,135.0,2566.0,0.0,0.0,0.0,,,,True,,,,,,,,,,,,,2042-01-01,estimee,,
420,5701C,Réseau de Metz,"Ars-Laquenexy,La Maxe,Le Ban-Saint-Martin,Longeville-lès-Metz,Marly,Metz,Montigny-lès-Metz,Vantoux,Woippy",Moselle,Grand Est,Eurométropole de Metz,UEM,True,1956.0,,892.0,72.7,0.04,0.098,117.45,53.0,47.0,90.3,108.98,78.0,7.0,549689.0,144971.0,4884.0,0.0,0.0,0.0,192778.0,207056.0,0.0,0.0,0.0,0.0,0.0,0.0,0.0,0.0,0.0,0.0,373.78,261.0,26.78,0.0,0.0,0.0,56.0,30.0,0.0,0.0,0.0,0.0,0.0,0.0,0.0,0.0,0.0,0.0,427940.0,171176.0,124103.0,132661.0,0.0,0.0,oui,oui,non,True,,,,,,,,,,,,,1976-01-01,estimee,,
421,5702C,Réseau de la Ville de Yutz,Yutz,Moselle,Grand Est,Ville de Yutz,COFELY SERVICES Agence Lorraine (ENGIE SOLUTIONS),True,2014.0,3.0,16.0,82.3,0.044,0.068,144.16,54.0,46.0,130.08,156.47,81.0,0.0,8029.0,1422.0,0.0,0.0,0.0,0.0,6607.0,0.0,0.0,0.0,0.0,0.0,0.0,0.0,0.0,0.0,0.0,0.0,7.1,4.6,0.0,0.0,0.0,0.0,2.5,0.0,0.0,0.0,0.0,0.0,0.0,0.0,0.0,0.0,0.0,0.0,6511.0,4558.0,1953.0,0.0,0.0,0.0,100,0,0,True,,,,,,,,,,,,,2034-01-01,estimee,,
422,5703C,Réseau de Chaleur de Farébersviller,"Farébersviller,Théding",Moselle,Grand Est,ENGIE ENERGIE SERVICES Le Petit Quevilly,COFELY SERVICES Agence Lorraine (ENGIE SOLUTIONS),False,1960.0,7.0,18.0,61.5,0.133,0.174,,,,,,90.0,0.0,20044.0,8352.0,0.0,0.0,0.0,0.0,11692.0,0.0,0.0,0.0,0.0,0.0,0.0,0.0,0.0,0.0,0.0,0.0,21.4,17.0,0.0,0.0,0.0,0.0,4.4,0.0,0.0,0.0,0.0,0.0,0.0,0.0,0.0,0.0,0.0,0.0,17959.0,15265.0,2694.0,0.0,0.0,0.0,100,0,0,True,,,,,,,,,,,,,1980-01-01,estimee,,
423,5705C,Wenheck,Saint-Avold,Moselle,Grand Est,ENERGIS Régie Municipale,ENERGIS Régie Municipale,False,1954.0,1.0,16.0,0.0,0.241,0.359,163.7,66.0,34.0,139.95,156.07,87.0,27.0,4613.0,4613.0,0.0,0.0,0.0,0.0,0.0,0.0,0.0,0.0,0.0,0.0,0.0,0.0,0.0,0.0,0.0,0.0,7.48,7.48,0.0,0.0,0.0,0.0,0.0,0.0,0.0,0.0,0.0,0.0,0.0,0.0,0.0,0.0,0.0,0.0,4010.0,3088.0,0.0,0.0,0.0,922.0,100,0,0,True,,,,,,,,,,,,,1974-01-01,estimee,,
424,5706C,Réseau de Freyming Merlebach,"Freyming-Merlebach,Hombourg-Haut",Moselle,Grand Est,SODEVAR,SODEVAR (DALKIA),False,1970.0,7.0,114.0,59.3,0.102,0.136,194.88,62.0,38.0,110.28,137.07,78.0,7.0,20788.0,9670.0,0.0,8.0,0.0,0.0,11110.0,0.0,0.0,0.0,0.0,0.0,0.0,0.0,0.0,0.0,0.0,0.0,38.7,27.6,0.0,6.6,0.0,0.0,4.5,0.0,0.0,0.0,0.0,0.0,0.0,0.0,0.0,0.0,0.0,0.0,16109.0,8699.0,7410.0,0.0,0.0,0.0,100,0,0,True,,,,,,,,,,,,,1990-01-01,estimee,,
425,5707C,Réseau de Sarreguemines,Sarreguemines,Moselle,Grand Est,Ville de Sarreguemines,PERIN FRERES St André (DALKIA),True,2019.0,3.0,95.0,72.1,0.081,0.113,101.13,59.0,41.0,95.1,112.9,88.0,0.0,57627.0,16091.0,0.0,3.0,0.0,0.0,41533.0,0.0,0.0,0.0,0.0,0.0,0.0,0.0,0.0,0.0,0.0,0.0,19.17,10.75,0.0,0.02,0.0,0.0,8.4,0.0,0.0,0.0,0.0,0.0,0.0,0.0,0.0,0.0,0.0,0.0,50710.0,11663.0,37525.0,1521.0,0.0,0.0,100,0,0,True,,,,,,,,,,,,,2039-01-01,estimee,,
426,5708C,Réseau de Holweg-Forbach-Behren,"Behren-lès-Forbach,Forbach,Stiring-Wendel,Œting",Moselle,Grand Est,Ville de Forbach,COFELY SERVICES Agence Lorraine (ENGIE SOLUTIONS),True,1960.0,24.0,159.0,85.1,0.0,0.063,,,,,,86.0,0.0,70036.0,11676.0,0.0,0.0,0.0,0.0,58360.0,0.0,0.0,0.0,0.0,0.0,0.0,0.0,0.0,0.0,0.0,0.0,62.0,34.0,0.0,0.0,0.0,0.0,28.0,0.0,0.0,0.0,0.0,0.0,0.0,0.0,0.0,0.0,0.0,0.0,55281.0,22111.0,33170.0,0.0,0.0,0.0,0,100,0,True,VILLE DE FORBACH,,,,,matched_exact,,,,,,,1980-01-01,estimee,,
427,5709C,Carrière,Saint-Avold,Moselle,Grand Est,ENERGIS Régie Municipale,ENERGIS Régie Municipale,False,1963.0,1.0,8.0,73.1,0.085,0.111,112.28,53.0,47.0,98.53,118.28,91.0,-30.0,1392.0,375.0,0.0,0.0,0.0,0.0,1017.0,0.0,0.0,0.0,0.0,0.0,0.0,0.0,0.0,0.0,0.0,0.0,1.58,1.25,0.0,0.0,0.0,0.0,0.33,0.0,0.0,0.0,0.0,0.0,0.0,0.0,0.0,0.0,0.0,0.0,1269.0,774.0,0.0,0.0,0.0,495.0,100,0,0,True,,,,,,,,,,,,,1983-01-01,estimee,,
428,5710C,Côte de la Justice,Saint-Avold,Moselle,Grand Est,ENERGIS Régie Municipale,ENERGIS Régie Municipale,True,1963.0,,6.0,92.8,0.026,0.049,99.84,58.0,42.0,93.42,111.32,78.0,-7.0,2107.0,153.0,0.0,0.0,0.0,0.0,1955.0,0.0,0.0,0.0,0.0,0.0,0.0,0.0,0.0,0.0,0.0,0.0,2.14,1.15,0.0,0.0,0.0,0.0,0.99,0.0,0.0,0.0,0.0,0.0,0.0,0.0,0.0,0.0,0.0,0.0,1648.0,709.0,453.0,0.0,0.0,486.0,100,0,0,True,,,,,,,,,,,,,1983-01-01,estimee,,
429,5711C,Huchet,Saint-Avold,Moselle,Grand Est,ENERGIS Régie Municipale,ENERGIS Régie Municipale,False,1963.0,,1.0,84.5,0.036,0.058,107.51,55.0,45.0,98.99,118.81,99.0,0.0,767.0,119.0,0.0,0.0,0.0,0.0,648.0,0.0,0.0,0.0,0.0,0.0,0.0,0.0,0.0,0.0,0.0,0.0,1.4,1.15,0.0,0.0,0.0,0.0,0.25,0.0,0.0,0.0,0.0,0.0,0.0,0.0,0.0,0.0,0.0,0.0,756.0,756.0,0.0,0.0,0.0,0.0,100,0,0,True,,,,,,,,,,,,,1983-01-01,estimee,,
430,5712C,Stiring Wendel,Stiring-Wendel,Moselle,Grand Est,Ville De Stiring Wendel,COFELY SERVICES Agence Lorraine (ENGIE SOLUTIONS),True,1993.0,5.0,15.0,100.0,0.0,0.004,,,,,,46.0,0.0,9510.0,0.0,0.0,0.0,0.0,0.0,0.0,0.0,0.0,0.0,0.0,0.0,0.0,0.0,0.0,9510.0,0.0,0.0,0.0,0.0,0.0,0.0,0.0,0.0,0.0,0.0,0.0,0.0,0.0,0.0,0.0,0.0,0.0,0.0,0.0,0.0,4424.0,1062.0,3362.0,0.0,0.0,0.0,100,0,0,True,,,,,,,,,,,,,2013-01-01,estimee,,
431,5713C,Réseau de chauffage urbain de Creutzwald,Creutzwald,Moselle,Grand Est,Régie municipale d’électricité,Régie municipale d’électricité (ENES),False,1996.0,19.0,64.0,11.7,0.206,0.26,84.53,48.0,52.0,65.24,77.04,73.0,0.0,19445.0,17671.0,0.0,0.0,0.0,0.0,0.0,0.0,0.0,0.0,0.0,0.0,1774.0,0.0,0.0,0.0,0.0,0.0,24.82,24.82,0.0,0.0,0.0,0.0,0.0,0.0,0.0,0.0,0.0,0.0,0.0,0.0,0.0,0.0,0.0,0.0,14190.0,0.0,5676.0,8514.0,0.0,0.0,100,0,0,True,,,,,,,,,,,,,2016-01-01,estimee,,
432,5714C,Réseau de Sarrebourg,Sarrebourg,Moselle,Grand Est,Ville de Sarrebourg,Sarrebourg Energie (ENGIE SOLUTIONS),True,2021.0,,45.0,63.2,0.094,0.119,,,,,,88.0,0.0,27403.0,7675.0,0.0,0.0,0.0,0.0,17222.0,0.0,0.0,0.0,0.0,0.0,0.0,2506.0,0.0,0.0,0.0,0.0,33.0,27.28,0.0,0.0,0.0,0.0,5.72,0.0,0.0,0.0,0.0,0.0,0.0,0.0,0.0,0.0,0.0,0.0,24010.0,5042.0,18968.0,0.0,0.0,0.0,100,0,0,True,,,,,,,,,,,,,2041-01-01,estimee,,
433,5716C,Réseau Cité Belle-Roche,Cocheren,Moselle,Grand Est,S.A Sainte Barbe Cocheren,ENGIE SOLUTIONS Ile de France,False,2020.0,1.0,8.0,0.0,0.282,0.316,,,,,,81.0,0.0,2798.0,2798.0,0.0,0.0,0.0,0.0,0.0,0.0,0.0,0.0,0.0,0.0,0.0,0.0,0.0,0.0,0.0,0.0,4.0,4.0,0.0,0.0,0.0,0.0,0.0,0.0,0.0,0.0,0.0,0.0,0.0,0.0,0.0,0.0,0.0,0.0,2264.0,2264.0,0.0,0.0,0.0,0.0,100,0,0,True,,,,,,,,,,,,,2040-01-01,estimee,,
434,5717C,Réseau Cité Pasteur,Rouhling,Moselle,Grand Est,S.A Sainte Barbe Rouhling,ENGIE SOLUTIONS Ile de France,False,2020.0,1.0,15.0,0.0,0.277,0.311,,,,,,82.0,0.0,3882.0,3882.0,0.0,0.0,0.0,0.0,0.0,0.0,0.0,0.0,0.0,0.0,0.0,0.0,0.0,0.0,0.0,0.0,4.0,4.0,0.0,0.0,0.0,0.0,0.0,0.0,0.0,0.0,0.0,0.0,0.0,0.0,0.0,0.0,0.0,0.0,3187.0,3187.0,0.0,0.0,0.0,0.0,100,0,0,True,,,,,,,,,,,,,2040-01-01,estimee,,
435,5719C,Réseau de Cattenom,Cattenom,Moselle,Grand Est,Commune de Cattenom,IDEX TERRITOIRES,True,2021.0,,21.0,96.3,0.017,0.046,154.18,19.0,81.0,99.26,134.2,64.0,0.0,2724.0,0.0,0.0,278.0,0.0,0.0,2446.0,0.0,0.0,0.0,0.0,0.0,0.0,0.0,0.0,0.0,0.0,0.0,2.8,0.0,0.0,0.8,0.0,0.0,2.0,0.0,0.0,0.0,0.0,0.0,0.0,0.0,0.0,0.0,0.0,0.0,1758.0,229.0,1529.0,0.0,0.0,0.0,100,0,0,True,,,,,,,,,,,,,2041-01-01,estimee,,
436,5720C,Réseau de chaleur d’Amnéville,"Amnéville,Hagondange",Moselle,Grand Est,Ville d'Amnéville,OMEGA ENERGIES ET SERVICES (Régie),True,2018.0,,29.0,89.0,0.025,0.049,84.0,48.0,52.0,92.74,118.73,87.0,46.0,22149.0,3179.0,0.0,0.0,0.0,0.0,18970.0,0.0,0.0,0.0,0.0,0.0,0.0,0.0,0.0,0.0,0.0,0.0,12.2,9.0,0.0,0.0,0.0,0.0,3.2,0.0,0.0,0.0,0.0,0.0,0.0,0.0,0.0,0.0,0.0,0.0,19267.0,5780.0,13487.0,0.0,0.0,0.0,100,0,0,True,,,,,,,,,,,,,2038-01-01,estimee,,
437,5721C,Réseau de chaleur de Rombas,Rombas,Moselle,Grand Est,Ville de Rombas,SEM OMEGA ENERGIES ET SERVICES,True,2021.0,,35.0,80.1,0.047,0.07,97.7,43.0,57.0,95.24,121.66,90.0,-25.0,12460.0,2497.0,0.0,0.0,0.0,0.0,9963.0,0.0,0.0,0.0,0.0,0.0,0.0,0.0,0.0,0.0,0.0,0.0,6.4,4.5,0.0,0.0,0.0,0.0,1.9,0.0,0.0,0.0,0.0,0.0,0.0,0.0,0.0,0.0,0.0,0.0,11176.0,3912.0,7264.0,0.0,0.0,0.0,100,0,0,True,,,,,,,,,,,,,2041-01-01,estimee,,
438,5722C,Polestar,Saint-Avold,Moselle,Grand Est,ENERGIS Régie Municipale,ENERGIS Régie Municipale,False,2022.0,,3.0,0.0,0.205,0.225,133.31,84.0,16.0,136.11,148.41,93.0,-39.0,2363.0,2363.0,0.0,0.0,0.0,0.0,0.0,0.0,0.0,0.0,0.0,0.0,0.0,0.0,0.0,0.0,0.0,0.0,1.2,1.2,0.0,0.0,0.0,0.0,0.0,0.0,0.0,0.0,0.0,0.0,0.0,0.0,0.0,0.0,0.0,0.0,2201.0,0.0,2201.0,0.0,0.0,0.0,100,0,0,True,,,,,,,,,,,,,2042-01-01,estimee,,
439,5802C,Réseau de chaleur du Banlay,Nevers,Nièvre,Bourgogne-Franche-Comté,Ville de Nevers,ENEA (Dalkia),True,1970.0,33.0,168.0,68.4,0.07,0.097,99.61,48.0,52.0,94.39,117.74,79.0,29.0,87763.0,27776.0,0.0,0.0,0.0,0.0,15697.0,0.0,44290.0,0.0,0.0,0.0,0.0,0.0,0.0,0.0,0.0,0.0,56.6,40.6,0.0,0.0,0.0,0.0,6.0,0.0,10.0,0.0,0.0,0.0,0.0,0.0,0.0,0.0,0.0,0.0,69091.0,34546.0,34546.0,0.0,0.0,0.0,100,0,0,True,,,,,,,,,,,,,1990-01-01,estimee,,
440,5803C,Réseau de decize,Decize,Nièvre,Bourgogne-Franche-Comté,Ville de Decize,DALKIA Centre Est,True,1970.0,4.0,11.0,79.2,0.068,0.098,130.73,52.0,48.0,117.9,142.56,76.0,0.0,8210.0,1765.0,0.0,0.0,0.0,0.0,6445.0,0.0,0.0,0.0,0.0,0.0,0.0,0.0,0.0,0.0,0.0,0.0,8.8,7.0,0.0,0.0,0.0,0.0,1.8,0.0,0.0,0.0,0.0,0.0,0.0,0.0,0.0,0.0,0.0,0.0,6214.0,789.0,5425.0,0.0,0.0,0.0,100,0,0,True,,,,,,,,,,,,,1990-01-01,estimee,,
441,5805C,Réseau de chaleur d'Arleuf,Arleuf,Nièvre,Bourgogne-Franche-Comté,SIEEEN,SIEEEN,False,2016.0,,4.0,98.4,0.007,0.032,159.5,43.0,57.0,149.8,190.52,77.0,0.0,199.0,0.0,0.0,3.0,0.0,0.0,196.0,0.0,0.0,0.0,0.0,0.0,0.0,0.0,0.0,0.0,0.0,0.0,0.3,0.0,0.0,0.15,0.0,0.0,0.15,0.0,0.0,0.0,0.0,0.0,0.0,0.0,0.0,0.0,0.0,0.0,153.0,46.0,107.0,0.0,0.0,0.0,100,0,0,True,,,,,,,,,,,,,2036-01-01,estimee,,
442,5806C,Réseau de chaleur de Bazolles,Bazolles,Nièvre,Bourgogne-Franche-Comté,SIEEEN,SIEEEN,False,2016.0,,2.0,100.0,0.0,0.021,148.09,0.0,100.0,113.58,170.37,91.0,33.0,88.0,0.0,0.0,0.0,0.0,0.0,88.0,0.0,0.0,0.0,0.0,0.0,0.0,0.0,0.0,0.0,0.0,0.0,0.07,0.0,0.0,0.0,0.0,0.0,0.07,0.0,0.0,0.0,0.0,0.0,0.0,0.0,0.0,0.0,0.0,0.0,81.0,8.0,72.0,0.0,0.0,0.0,100,0,0,True,,,,,,,,,,,,,2036-01-01,estimee,,
443,5807C,Réseau de chaleur de Corbigny,Corbigny,Nièvre,Bourgogne-Franche-Comté,SIEEEN,SIEEEN,False,2016.0,,2.0,100.0,0.0,0.019,114.47,54.0,46.0,99.38,118.42,88.0,0.0,768.0,0.0,0.0,0.0,0.0,0.0,768.0,0.0,0.0,0.0,0.0,0.0,0.0,0.0,0.0,0.0,0.0,0.0,0.39,0.0,0.0,0.0,0.0,0.0,0.39,0.0,0.0,0.0,0.0,0.0,0.0,0.0,0.0,0.0,0.0,0.0,677.0,0.0,677.0,0.0,0.0,0.0,100,0,0,True,,,,,,,,,,,,,2036-01-01,estimee,,
444,5808C,Réseau de chaleur de Lormes,Lormes,Nièvre,Bourgogne-Franche-Comté,SIEEEN,SIEEEN,False,2016.0,,9.0,95.7,0.017,0.041,189.18,33.0,67.0,141.03,180.34,100.0,0.0,393.0,0.0,0.0,18.0,0.0,0.0,375.0,0.0,0.0,0.0,0.0,0.0,0.0,0.0,0.0,0.0,0.0,0.0,0.51,0.0,0.0,0.15,0.0,0.0,0.36,0.0,0.0,0.0,0.0,0.0,0.0,0.0,0.0,0.0,0.0,0.0,393.0,98.0,294.0,0.0,0.0,0.0,100,0,0,True,,,,,,,,,,,,,2036-01-01,estimee,,
445,5809C,Réseau de chaleur de Montigny en morvan,Montigny-en-Morvan,Nièvre,Bourgogne-Franche-Comté,SIEEEN,SIEEEN,False,2016.0,,3.0,95.8,0.014,0.04,257.66,27.0,73.0,145.75,183.75,94.0,0.0,64.0,0.0,0.0,3.0,0.0,0.0,62.0,0.0,0.0,0.0,0.0,0.0,0.0,0.0,0.0,0.0,0.0,0.0,0.19,0.0,0.0,0.09,0.0,0.0,0.1,0.0,0.0,0.0,0.0,0.0,0.0,0.0,0.0,0.0,0.0,0.0,61.0,12.0,49.0,0.0,0.0,0.0,100,0,0,True,,,,,,,,,,,,,2036-01-01,estimee,,
446,5810C,Réseau de chaleur d'Ouroux en Morvan,Ouroux-en-Morvan,Nièvre,Bourgogne-Franche-Comté,SIEEEN,SIEEEN,False,2016.0,,2.0,100.0,0.0,0.023,191.08,0.0,100.0,48.76,73.15,87.0,0.0,132.0,0.0,0.0,0.0,0.0,0.0,132.0,0.0,0.0,0.0,0.0,0.0,0.0,0.0,0.0,0.0,0.0,0.0,0.3,0.0,0.0,0.0,0.0,0.0,0.3,0.0,0.0,0.0,0.0,0.0,0.0,0.0,0.0,0.0,0.0,0.0,115.0,11.0,103.0,0.0,0.0,0.0,100,0,0,True,,,,,,,,,,,,,2036-01-01,estimee,,
447,5811C,Réseau de chaleur de Planchez,Planchez,Nièvre,Bourgogne-Franche-Comté,SIEEEN,SIEEEN,False,2016.0,,4.0,99.5,0.002,0.029,197.75,31.0,69.0,131.08,166.1,80.0,0.0,154.0,0.0,0.0,1.0,0.0,0.0,153.0,0.0,0.0,0.0,0.0,0.0,0.0,0.0,0.0,0.0,0.0,0.0,0.3,0.0,0.0,0.15,0.0,0.0,0.15,0.0,0.0,0.0,0.0,0.0,0.0,0.0,0.0,0.0,0.0,0.0,124.0,30.0,94.0,0.0,0.0,0.0,100,0,0,True,,,,,,,,,,,,,2036-01-01,estimee,,
448,5812C,Réseau de chaleur de Saint Amand en Puisaye,Saint-Amand-en-Puisaye,Nièvre,Bourgogne-Franche-Comté,SIEEEN,SIEEEN,False,2016.0,1.0,6.0,96.5,0.013,0.042,147.98,50.0,50.0,117.43,138.88,67.0,0.0,924.0,0.0,0.0,0.0,0.0,32.0,891.0,0.0,0.0,0.0,0.0,0.0,0.0,0.0,0.0,0.0,0.0,0.0,1.34,0.0,0.0,0.0,0.0,0.48,0.38,0.0,0.0,0.0,0.0,0.0,0.48,0.0,0.0,0.0,0.0,0.0,619.0,93.0,526.0,0.0,0.0,0.0,100,0,0,True,,,,,,,,,,,,,2036-01-01,estimee,,
449,5813C,Réseau de chaleur de Varzy,Varzy,Nièvre,Bourgogne-Franche-Comté,SIEEEN,SIEEEN,False,2016.0,,3.0,100.0,0.0,0.02,152.23,44.0,56.0,117.6,142.82,84.0,0.0,426.0,0.0,0.0,0.0,0.0,0.0,426.0,0.0,0.0,0.0,0.0,0.0,0.0,0.0,0.0,0.0,0.0,0.0,0.4,0.0,0.0,0.0,0.0,0.0,0.4,0.0,0.0,0.0,0.0,0.0,0.0,0.0,0.0,0.0,0.0,0.0,356.0,36.0,320.0,0.0,0.0,0.0,100,0,0,True,,,,,,,,,,,,,2036-01-01,estimee,,
450,5814C,Réseau de chaleur de Corancy,Corancy,Nièvre,Bourgogne-Franche-Comté,SIEEEN,SIEEEN,False,2017.0,,4.0,100.0,0.0,0.02,56.32,0.0,100.0,48.97,73.46,93.0,350.0,98.0,0.0,0.0,0.0,0.0,0.0,98.0,0.0,0.0,0.0,0.0,0.0,0.0,0.0,0.0,0.0,0.0,0.0,0.07,0.0,0.0,0.0,0.0,0.0,0.07,0.0,0.0,0.0,0.0,0.0,0.0,0.0,0.0,0.0,0.0,0.0,91.0,9.0,82.0,0.0,0.0,0.0,100,0,0,True,,,,,,,,,,,,,2037-01-01,estimee,,
451,5815C,Réseau de chaleur de Saint Saulge,Saint-Saulge,Nièvre,Bourgogne-Franche-Comté,SIEEEN,SIEEEN,False,2017.0,,2.0,92.2,0.039,0.066,150.16,51.0,49.0,119.24,140.83,83.0,0.0,442.0,0.0,0.0,56.0,0.0,0.0,386.0,0.0,0.0,0.0,0.0,0.0,0.0,0.0,0.0,0.0,0.0,0.0,0.54,0.0,0.0,0.34,0.0,0.0,0.2,0.0,0.0,0.0,0.0,0.0,0.0,0.0,0.0,0.0,0.0,0.0,364.0,55.0,310.0,0.0,0.0,0.0,100,0,0,True,,,,,,,,,,,,,2037-01-01,estimee,,
452,5816C,Réseau de chaleur de Billy sur Oisy,Billy-sur-Oisy,Nièvre,Bourgogne-Franche-Comté,SIEEEN,SIEEEN,False,2017.0,,2.0,100.0,0.0,0.024,339.78,20.0,80.0,179.89,236.77,70.0,0.0,66.0,0.0,0.0,0.0,0.0,0.0,66.0,0.0,0.0,0.0,0.0,0.0,0.0,0.0,0.0,0.0,0.0,0.0,0.07,0.0,0.0,0.0,0.0,0.0,0.07,0.0,0.0,0.0,0.0,0.0,0.0,0.0,0.0,0.0,0.0,0.0,47.0,21.0,26.0,0.0,0.0,0.0,100,0,0,True,,,,,,,,,,,,,2037-01-01,estimee,,
453,5817C,Réseau de chaleur de Brassy,Brassy,Nièvre,Bourgogne-Franche-Comté,SIEEEN,SIEEEN,False,2017.0,,4.0,79.0,0.077,0.116,232.38,44.0,56.0,215.37,271.57,78.0,0.0,266.0,0.0,0.0,56.0,0.0,0.0,210.0,0.0,0.0,0.0,0.0,0.0,0.0,0.0,0.0,0.0,0.0,0.0,0.4,0.0,0.0,0.2,0.0,0.0,0.2,0.0,0.0,0.0,0.0,0.0,0.0,0.0,0.0,0.0,0.0,0.0,207.0,83.0,124.0,0.0,0.0,0.0,100,0,0,True,,,,,,,,,,,,,2037-01-01,estimee,,
454,5818C,Réseau de chaleur de Château Chinon Ville,Château-Chinon (Ville),Nièvre,Bourgogne-Franche-Comté,SIEEEN,SIEEEN,False,2017.0,,2.0,100.0,0.0,0.022,138.01,50.0,50.0,136.0,169.86,87.0,0.0,584.0,0.0,0.0,0.0,0.0,0.0,584.0,0.0,0.0,0.0,0.0,0.0,0.0,0.0,0.0,0.0,0.0,0.0,0.4,0.0,0.0,0.0,0.0,0.0,0.4,0.0,0.0,0.0,0.0,0.0,0.0,0.0,0.0,0.0,0.0,0.0,510.0,0.0,510.0,0.0,0.0,0.0,100,0,0,True,,,,,,,,,,,,,2037-01-01,estimee,,
455,5819C,Réseau de chaleur de Cosne-Cours-sur-Loire,Cosne-Cours-sur-Loire,Nièvre,Bourgogne-Franche-Comté,Mairie de Cosne-cours-sur-Loire,C3L,True,2018.0,4.0,25.0,84.5,0.042,0.066,112.8,48.0,52.0,110.44,138.15,82.0,0.0,11134.0,1724.0,0.0,0.0,0.0,0.0,9410.0,0.0,0.0,0.0,0.0,0.0,0.0,0.0,0.0,0.0,0.0,0.0,10.8,6.6,0.0,0.0,0.0,0.0,4.2,0.0,0.0,0.0,0.0,0.0,0.0,0.0,0.0,0.0,0.0,0.0,9071.0,0.0,0.0,0.0,0.0,9071.0,100,0,0,True,ville de Cosne-Cours-sur-Loire,,,,,matched_exact,,,,,,,2038-01-01,estimee,,
456,5820C,Château Chinon EIAT,Château-Chinon (Ville),Nièvre,Bourgogne-Franche-Comté,SIEEEN,SIEEEN,False,2017.0,1.0,9.0,76.3,0.088,0.122,148.14,67.0,33.0,129.19,144.19,92.0,0.0,5010.0,0.0,0.0,1189.0,0.0,0.0,3821.0,0.0,0.0,0.0,0.0,0.0,0.0,0.0,0.0,0.0,0.0,0.0,5.57,0.0,0.0,3.9,0.0,0.0,1.67,0.0,0.0,0.0,0.0,0.0,0.0,0.0,0.0,0.0,0.0,0.0,4586.0,413.0,4173.0,0.0,0.0,0.0,100,0,0,True,,,,,,,,,,,,,2037-01-01,estimee,,
457,5821C,Réseau de Challuy,Challuy,Nièvre,Bourgogne-Franche-Comté,SIEEEN,SIEEEN,False,2019.0,,5.0,90.8,0.02,0.043,203.27,40.0,60.0,136.16,163.37,87.0,0.0,197.0,18.0,0.0,0.0,0.0,0.0,178.0,0.0,0.0,0.0,0.0,0.0,0.0,0.0,0.0,0.0,0.0,0.0,0.27,0.16,0.0,0.0,0.0,0.0,0.11,0.0,0.0,0.0,0.0,0.0,0.0,0.0,0.0,0.0,0.0,0.0,171.0,0.0,171.0,0.0,0.0,0.0,100,0,0,True,,,,,,,,,,,,,2039-01-01,estimee,,
458,5822C,Moux en Morvan,Moux-en-Morvan,Nièvre,Bourgogne-Franche-Comté,SIEEEN,SIEEEN,False,2019.0,,6.0,97.5,0.015,0.04,200.54,35.0,65.0,159.15,203.28,73.0,0.0,353.0,0.0,0.0,9.0,0.0,0.0,344.0,0.0,0.0,0.0,0.0,0.0,0.0,0.0,0.0,0.0,0.0,0.0,0.43,0.0,0.0,0.23,0.0,0.0,0.2,0.0,0.0,0.0,0.0,0.0,0.0,0.0,0.0,0.0,0.0,0.0,256.0,115.0,141.0,0.0,0.0,0.0,100,0,0,True,,,,,,,,,,,,,2039-01-01,estimee,,
459,5823C,La Charité sur Loire,La Charité-sur-Loire,Nièvre,Bourgogne-Franche-Comté,SIEEEN,ENGIE SOLUTIONS,True,2018.0,2.8,18.0,100.0,0.0,0.021,,,,,,95.0,0.0,5629.0,0.0,0.0,0.0,0.0,0.0,5629.0,0.0,0.0,0.0,0.0,0.0,0.0,0.0,0.0,0.0,0.0,0.0,2.1,0.0,0.0,0.0,0.0,0.0,2.1,0.0,0.0,0.0,0.0,0.0,0.0,0.0,0.0,0.0,0.0,0.0,5368.0,3758.0,1610.0,0.0,0.0,0.0,100,0,0,True,,,,,,,,,,,,,2038-01-01,estimee,,
460,5825C,Ouroux-en-Morvan 2,Ouroux-en-Morvan,Nièvre,Bourgogne-Franche-Comté,SIEEEN,SIEEEN,False,,,10.0,100.0,0.0,0.023,180.42,0.0,100.0,149.98,224.96,87.0,0.0,100.0,0.0,0.0,0.0,0.0,0.0,100.0,0.0,0.0,0.0,0.0,0.0,0.0,0.0,0.0,0.0,0.0,0.0,0.07,0.0,0.0,0.0,0.0,0.0,0.07,0.0,0.0,0.0,0.0,0.0,0.0,0.0,0.0,0.0,0.0,0.0,87.0,79.0,9.0,0.0,0.0,0.0,100,0,0,True,,,,,,,,,,,,,,inconnue,,
461,5826C,VAUX D'AMOGNES,Vaux d'Amognes,Nièvre,Bourgogne-Franche-Comté,SIEEEN,SIEEEN,False,,,3.0,100.0,0.0,0.019,253.45,37.0,63.0,,,100.0,0.0,73.0,0.0,0.0,0.0,0.0,0.0,73.0,0.0,0.0,0.0,0.0,0.0,0.0,0.0,0.0,0.0,0.0,0.0,0.07,0.0,0.0,0.0,0.0,0.0,0.07,0.0,0.0,0.0,0.0,0.0,0.0,0.0,0.0,0.0,0.0,0.0,73.0,11.0,62.0,0.0,0.0,0.0,100,0,0,True,,,,,,,,,,,,,,inconnue,,
462,5827C,Réseau de Montsauche-Les-Settons,Montsauche-les-Settons,Nièvre,Bourgogne-Franche-Comté,SIEEEN,SIEEEN,False,,,10.0,90.6,0.03,0.054,137.34,50.0,50.0,125.86,154.1,89.0,0.0,704.0,0.0,0.0,66.0,0.0,0.0,638.0,0.0,0.0,0.0,0.0,0.0,0.0,0.0,0.0,0.0,0.0,0.0,0.67,0.0,0.0,0.45,0.0,0.0,0.22,0.0,0.0,0.0,0.0,0.0,0.0,0.0,0.0,0.0,0.0,0.0,628.0,188.0,440.0,0.0,0.0,0.0,100,0,0,True,,,,,,,,,,,,,,inconnue,,
463,5828C,Réseau d'Urzy,Urzy,Nièvre,Bourgogne-Franche-Comté,SIEEEN,SIEEEN,False,,,7.0,98.5,0.005,0.029,162.88,54.0,46.0,151.28,183.24,70.0,0.0,1001.0,15.0,0.0,0.0,0.0,0.0,986.0,0.0,0.0,0.0,0.0,0.0,0.0,0.0,0.0,0.0,0.0,0.0,1.21,0.71,0.0,0.0,0.0,0.0,0.5,0.0,0.0,0.0,0.0,0.0,0.0,0.0,0.0,0.0,0.0,0.0,706.0,212.0,494.0,0.0,0.0,0.0,100,0,0,True,,,,,,,,,,,,,,inconnue,,
464,5829C,Cossaye,Cossaye,Nièvre,Bourgogne-Franche-Comté,SIEEEN,SIEEEN,False,,,6.0,81.6,0.047,0.074,235.81,32.0,68.0,109.1,125.4,78.0,0.0,93.0,17.0,0.0,0.0,0.0,0.0,76.0,0.0,0.0,0.0,0.0,0.0,0.0,0.0,0.0,0.0,0.0,0.0,0.22,0.1,0.0,0.0,0.0,0.0,0.12,0.0,0.0,0.0,0.0,0.0,0.0,0.0,0.0,0.0,0.0,0.0,72.0,7.0,65.0,0.0,0.0,0.0,,,,True,,,,,,,,,,,,,,inconnue,,
465,5830C,Réseau d'Entrains-sur-Nohain,Entrains-sur-Nohain,Nièvre,Bourgogne-Franche-Comté,SIEEEN,SIEEEN,False,,,3.0,100.0,0.0,0.036,117.38,65.0,35.0,77.75,78.69,86.0,0.0,43.0,0.0,0.0,0.0,0.0,0.0,43.0,0.0,0.0,0.0,0.0,0.0,0.0,0.0,0.0,0.0,0.0,0.0,0.07,0.0,0.0,0.0,0.0,0.0,0.07,0.0,0.0,0.0,0.0,0.0,0.0,0.0,0.0,0.0,0.0,0.0,37.0,19.0,19.0,0.0,0.0,0.0,,,,True,,,,,,,,,,,,,,inconnue,,
466,5831C,Coulanges-lès-Nevers - Espace des Saules,Coulanges-lès-Nevers,Nièvre,Bourgogne-Franche-Comté,SIEEEN,SIEEEN,False,,,4.0,90.2,0.021,0.04,255.26,34.0,66.0,140.46,167.21,99.0,0.0,228.0,22.0,0.0,0.0,0.0,0.0,206.0,0.0,0.0,0.0,0.0,0.0,0.0,0.0,0.0,0.0,0.0,0.0,0.48,0.28,0.0,0.0,0.0,0.0,0.2,0.0,0.0,0.0,0.0,0.0,0.0,0.0,0.0,0.0,0.0,0.0,226.0,0.0,226.0,0.0,0.0,0.0,,,,True,,,,,,,,,,,,,,inconnue,,
467,5832C,Coulanges-lès-Nevers - GS Malraux,Coulanges-lès-Nevers,Nièvre,Bourgogne-Franche-Comté,SIEEEN,SIEEEN,False,,,3.0,92.4,0.018,0.043,295.06,26.0,74.0,150.44,187.56,78.0,0.0,162.0,12.0,0.0,0.0,0.0,0.0,149.0,0.0,0.0,0.0,0.0,0.0,0.0,0.0,0.0,0.0,0.0,0.0,0.28,0.16,0.0,0.0,0.0,0.0,0.12,0.0,0.0,0.0,0.0,0.0,0.0,0.0,0.0,0.0,0.0,0.0,125.0,0.0,125.0,0.0,0.0,0.0,,,,True,,,,,,,,,,,,,,inconnue,,
468,5901C,Réseau de Roubaix,Roubaix,Nord,Hauts-de-France,Métropole Européenne de Lille (MEL),R ENERGIES (DALKIA),True,1970.0,31.0,205.0,77.2,0.049,0.07,100.18,50.0,50.0,81.76,96.08,85.0,1.0,138276.0,31434.0,0.0,114.0,0.0,0.0,41279.0,0.0,65449.0,0.0,0.0,0.0,0.0,0.0,0.0,0.0,0.0,0.0,105.4,74.16,0.0,1.24,0.0,0.0,20.0,0.0,10.0,0.0,0.0,0.0,0.0,0.0,0.0,0.0,0.0,0.0,117128.0,39823.0,76133.0,1171.0,0.0,0.0,100,0,0,True,,,,,,,,,,,,,1990-01-01,estimee,,
469,5902C,Les Canonniers,Valenciennes,Nord,Hauts-de-France,S.A. Du Hainaut,ENGIE SOLUTIONS VILLENEUVE D'ASCQ,False,1994.0,0.4,8.0,0.0,0.251,0.282,,,,,,86.0,0.0,1543.0,1543.0,0.0,0.0,0.0,0.0,0.0,0.0,0.0,0.0,0.0,0.0,0.0,0.0,0.0,0.0,0.0,0.0,1.96,1.96,0.0,0.0,0.0,0.0,0.0,0.0,0.0,0.0,0.0,0.0,0.0,0.0,0.0,0.0,0.0,0.0,1333.0,760.0,573.0,0.0,0.0,0.0,100,0,0,True,,,,,,,,,,,,,2014-01-01,estimee,,
470,5904C,Quartier Pont de Bois,Villeneuve-d'Ascq,Nord,Hauts-de-France,Métropole Européenne de Lille (MEL),VILLAE (DALKIA),True,1973.0,6.0,50.0,61.2,0.105,0.128,101.68,58.0,42.0,99.57,118.08,219.0,5.0,12235.0,4328.0,0.0,0.0,0.0,0.0,3372.0,0.0,0.0,0.0,0.0,0.0,0.0,0.0,0.0,4535.0,0.0,0.0,28.13,24.33,0.0,0.0,0.0,0.0,3.8,0.0,0.0,0.0,0.0,0.0,0.0,0.0,0.0,0.0,0.0,0.0,26790.0,17949.0,8841.0,0.0,0.0,0.0,100,0,0,True,,,,,,,,,,,,,1993-01-01,estimee,,
471,5905C,Domaine Universitaire et Scientifique,Villeneuve-d'Ascq,Nord,Hauts-de-France,Université Lille 1,DALKIA,False,1970.0,7.0,46.0,0.0,0.242,0.272,135.34,64.0,36.0,96.42,101.66,89.0,6.0,26880.0,12140.0,0.0,18.0,0.0,0.0,0.0,0.0,0.0,0.0,0.0,0.0,0.0,0.0,0.0,14722.0,0.0,0.0,32.83,28.65,0.0,0.0,0.0,0.0,0.0,0.0,0.0,0.0,0.0,0.0,0.0,0.0,0.0,4.18,0.0,0.0,23954.0,6468.0,17486.0,0.0,0.0,0.0,100,0,0,True,,,,,,,,,,,,,1990-01-01,estimee,,
472,5906C,Réseaux de Wattignies,Wattignies,Nord,Hauts-de-France,Métropole Européenne de Lille (MEL),ILENERGIE (DALKIA) ,False,1968.0,4.0,28.0,38.9,0.158,0.186,116.4,66.0,34.0,100.48,115.39,92.0,0.0,18573.0,8002.0,0.0,0.0,0.0,0.0,5639.0,0.0,0.0,0.0,0.0,0.0,0.0,4932.0,0.0,0.0,0.0,0.0,15.82,12.67,0.0,0.65,0.0,0.0,2.5,0.0,0.0,0.0,0.0,0.0,0.0,0.0,0.0,0.0,0.0,0.0,17039.0,13802.0,3237.0,0.0,0.0,0.0,100,0,0,True,,,,,,,,,,,,,1988-01-01,estimee,,
473,5907C,Réseau de  Wattrelos,Wattrelos,Nord,Hauts-de-France,Métropole Européenne de Lille (MEL),W énergies (DALKIA),True,1970.0,4.0,24.0,57.0,0.109,0.136,125.19,52.0,48.0,87.26,104.27,86.0,5.0,15237.0,3758.0,0.0,0.0,0.0,0.0,8686.0,0.0,0.0,0.0,0.0,0.0,0.0,0.0,0.0,2793.0,0.0,0.0,18.3,10.7,0.0,0.1,0.0,0.0,3.5,0.0,0.0,0.0,0.0,0.0,0.0,0.0,0.0,4.0,0.0,0.0,13122.0,8004.0,5117.0,0.0,0.0,0.0,100,0,0,True,,,,,,,,,,,,,1990-01-01,estimee,,
474,5908C,Réseau de chaleur de Sin Le Noble,"Dechy,Sin-le-Noble",Nord,Hauts-de-France,Ville de SIN LE NOBLE,DALKIA,True,1973.0,8.0,33.0,65.6,0.1,0.118,96.11,53.0,47.0,89.11,108.85,87.0,7.0,32980.0,11349.0,0.0,2.0,0.0,0.0,21629.0,0.0,0.0,0.0,0.0,0.0,0.0,0.0,0.0,0.0,0.0,0.0,36.88,17.88,0.0,10.0,0.0,0.0,9.0,0.0,0.0,0.0,0.0,0.0,0.0,0.0,0.0,0.0,0.0,0.0,28835.0,7209.0,21626.0,0.0,0.0,0.0,100,0,0,True,,,,,,,,,,,,,1993-01-01,estimee,,
475,5909C,Réseau de Mons-en-Baroeul,Mons-en-Barœul,Nord,Hauts-de-France,Métropole Européenne de Lille (MEL),Mons énergie (DALKIA),True,1966.0,7.0,69.0,64.9,0.071,0.103,96.06,56.0,44.0,88.5,103.53,91.0,0.0,45609.0,12713.0,0.0,0.0,0.0,0.0,23931.0,0.0,0.0,0.0,0.0,0.0,0.0,0.0,0.0,8965.0,0.0,0.0,66.0,56.0,0.0,0.0,0.0,0.0,10.0,0.0,0.0,0.0,0.0,0.0,0.0,0.0,0.0,0.0,0.0,0.0,36348.0,35944.0,404.0,0.0,0.0,0.0,100,0,0,True,,,,,,,,,,,,,1986-01-01,estimee,,
476,5910C,Ilénergie - Réseau de Lille,"Lille,Mons-en-Barœul",Nord,Hauts-de-France,Métropole Européenne de Lille (MEL),ILENERGIE (DALKIA) ,True,1974.0,52.0,382.0,65.8,0.086,0.1,99.03,46.0,54.0,83.94,104.21,85.0,8.0,274495.0,40405.0,0.0,0.0,0.0,0.0,0.0,0.0,173198.0,0.0,0.0,0.0,0.0,0.0,0.0,60892.0,0.0,0.0,132.57,52.57,0.0,0.0,0.0,0.0,0.0,0.0,40.0,0.0,0.0,0.0,0.0,0.0,0.0,40.0,0.0,0.0,205974.0,80101.0,125873.0,0.0,0.0,0.0,58,42,0,True,,,,,,,,,,,,,1994-01-01,estimee,,
477,5911C,Réseau de Lambersart,Lambersart,Nord,Hauts-de-France,GIP De Lambersart,ENGIE SOLUTIONS VILLENEUVE D'ASCQ,False,1975.0,7.7,54.0,62.0,0.132,0.164,,,,,,89.0,0.0,21134.0,8038.0,0.0,0.0,0.0,0.0,13096.0,0.0,0.0,0.0,0.0,0.0,0.0,0.0,0.0,0.0,0.0,0.0,12.82,10.14,0.0,0.0,0.0,0.0,2.68,0.0,0.0,0.0,0.0,0.0,0.0,0.0,0.0,0.0,0.0,0.0,18750.0,13125.0,5625.0,0.0,0.0,0.0,100,0,0,True,,,,,,,,,,,,,1995-01-01,estimee,,
478,5912C,Maubeuge Energie Renouvelable,Maubeuge,Nord,Hauts-de-France,Ville de Maubeuge,MAUBEUGE ENERGIE RENOUVELABLE (DALKIA),True,1970.0,3.0,76.0,79.9,0.051,0.061,96.01,43.0,57.0,87.37,111.61,89.0,0.0,38785.0,7778.0,0.0,6.0,0.0,0.0,0.0,0.0,31001.0,0.0,0.0,0.0,0.0,0.0,0.0,0.0,0.0,0.0,12.8,2.7,0.0,0.1,0.0,0.0,0.0,0.0,10.0,0.0,0.0,0.0,0.0,0.0,0.0,0.0,0.0,0.0,34471.0,19648.0,14823.0,0.0,0.0,0.0,100,0,0,True,,,,,,,,,,,,,1990-01-01,estimee,,
479,5913C,Géothermie des rives créatives,Anzin,Nord,Hauts-de-France,Valenciennes Métropole,Valenciennes Métropole,True,2015.0,2.0,6.0,23.2,0.18,0.083,132.67,48.0,52.0,88.64,101.09,72.0,0.0,1530.0,0.0,0.0,0.0,0.0,0.0,0.0,0.0,0.0,0.0,0.0,1530.0,0.0,0.0,0.0,0.0,0.0,0.0,1.0,0.0,0.0,0.0,0.0,0.0,0.0,0.0,0.0,0.0,0.0,1.0,0.0,0.0,0.0,0.0,0.0,0.0,1102.0,0.0,1102.0,0.0,0.0,0.0,100,0,0,True,,,,,,,,,,,,,2035-01-01,estimee,,
480,5914C,Energie Grand Littoral - Dunkerque,Dunkerque,Nord,Hauts-de-France,Communauté Urbaine de Dunkerque,ENERGIE GRAND LITTORAL (DALKIA),True,1970.0,51.0,265.0,59.9,0.109,0.129,117.82,61.0,39.0,100.85,119.97,77.0,2.0,145562.0,58348.0,0.0,0.0,0.0,0.0,0.0,0.0,27803.0,0.0,0.0,0.0,0.0,0.0,59412.0,0.0,0.0,0.0,75.93,45.03,0.0,0.0,0.0,0.0,0.0,0.0,2.9,0.0,0.0,0.0,0.0,0.0,28.0,0.0,0.0,0.0,112136.0,53825.0,58311.0,0.0,0.0,0.0,100,0,0,True,,,,,,,,,,,,,1990-01-01,estimee,,
481,5915C,Réseau de chaleur de Douchy,Douchy-les-Mines,Nord,Hauts-de-France,ENGIE Solutions DR OCCITANIE BATIMENT,ENGIE SOLUTIONS VILLENEUVE D'ASCQ,False,2014.0,8.2,18.0,75.9,0.057,0.073,,,,,,78.0,0.0,20916.0,9031.0,0.0,0.0,0.0,0.0,0.0,0.0,11885.0,0.0,0.0,0.0,0.0,0.0,0.0,0.0,0.0,0.0,22.5,17.5,0.0,0.0,0.0,0.0,0.0,0.0,5.0,0.0,0.0,0.0,0.0,0.0,0.0,0.0,0.0,0.0,16398.0,13118.0,3280.0,0.0,0.0,0.0,100,0,0,True,,,,,,,,,,,,,2034-01-01,estimee,,
482,5916C,Réseau de chaleur d'Hazebrouck,Hazebrouck,Nord,Hauts-de-France,Ville d'Hazebrouck,Energie Flandres (DALKIA),True,1999.0,11.0,63.0,64.4,0.091,0.123,66.6,77.0,23.0,95.31,115.43,84.0,0.0,22727.0,9421.0,0.0,0.0,0.0,0.0,12709.0,0.0,0.0,0.0,0.0,0.0,0.0,597.0,0.0,0.0,0.0,0.0,15.17,9.97,0.0,0.0,0.0,0.0,5.0,0.0,0.0,0.0,0.0,0.0,0.0,0.2,0.0,0.0,0.0,0.0,18978.0,2277.0,16701.0,0.0,0.0,0.0,100,0,0,True,,,,,,,,,,,,,2019-01-01,estimee,,
483,5917C,Quartier Tournebride Lomme-Capinghem,"Capinghem,Lille",Nord,Hauts-de-France,DALKIA,DALKIA,False,2010.0,2.0,26.0,57.4,0.107,0.133,106.69,52.0,48.0,88.72,106.23,88.0,0.0,13713.0,6718.0,0.0,0.0,0.0,0.0,6995.0,0.0,0.0,0.0,0.0,0.0,0.0,0.0,0.0,0.0,0.0,0.0,10.47,7.77,0.0,0.0,0.0,0.0,2.7,0.0,0.0,0.0,0.0,0.0,0.0,0.0,0.0,0.0,0.0,0.0,12056.0,4220.0,7836.0,0.0,0.0,0.0,100,0,0,True,,,,,,,,,,,,,2030-01-01,estimee,,
484,5920C,Réseau ARSYEL,Grande-Synthe,Nord,Hauts-de-France,Communauté Urbaine De Dunkerque,ENGIE SOLUTIONS VILLENEUVE D'ASCQ,True,2020.0,17.0,61.0,85.8,0.05,0.063,,,,,,80.0,0.0,24607.0,0.0,0.0,0.0,0.0,0.0,0.0,0.0,0.0,0.0,0.0,0.0,0.0,0.0,12362.0,12245.0,0.0,0.0,8.0,0.0,0.0,0.0,0.0,0.0,0.0,0.0,0.0,0.0,0.0,0.0,0.0,0.0,8.0,0.0,0.0,0.0,19644.0,5697.0,12965.0,982.0,0.0,0.0,100,0,0,True,,,,,,,,,,,,,2040-01-01,estimee,,
485,5922C,Réseau de Denain,"Denain,Douchy-les-Mines",Nord,Hauts-de-France,SYND INTER-ARROND VALORIS ELIMIN DECHETS,DALKIA SAINT-ANDRE-LEZ-LILLE,True,,6.0,29.0,76.2,0.059,0.069,94.8,54.0,46.0,95.94,119.43,92.0,0.0,14168.0,3368.0,0.0,0.0,0.0,0.0,0.0,0.0,10800.0,0.0,0.0,0.0,0.0,0.0,0.0,0.0,0.0,0.0,23.2,15.7,0.0,0.0,0.0,0.0,0.0,0.0,7.5,0.0,0.0,0.0,0.0,0.0,0.0,0.0,0.0,0.0,13053.0,1436.0,11618.0,0.0,0.0,0.0,100,0,0,True,,,,,,,,,,,,,,inconnue,,
486,5923C,RCU Fourmies,Fourmies,Nord,Hauts-de-France,Ville de Fourmies,ENGIE SOLUTIONS VILLENEUVE D'ASCQ,False,2022.0,,9.0,100.0,0.0,0.017,,,,,,116.0,0.0,1355.0,0.0,0.0,0.0,0.0,0.0,1355.0,0.0,0.0,0.0,0.0,0.0,0.0,0.0,0.0,0.0,0.0,0.0,0.4,0.0,0.0,0.0,0.0,0.0,0.4,0.0,0.0,0.0,0.0,0.0,0.0,0.0,0.0,0.0,0.0,0.0,1570.0,0.0,1570.0,0.0,0.0,0.0,,,,True,Ville de Fourmies,,,288.0,,matched_exact,,,,,,,2042-01-01,estimee,,
487,5924C,Réseau de Wormhout,Wormhout,Nord,Hauts-de-France,CCHF,Engie Solutions VILLENEUVE D'ASCQ,True,2021.0,,3.0,89.2,0.03,0.055,,,,,,73.0,0.0,1694.0,262.0,0.0,0.0,0.0,0.0,1432.0,0.0,0.0,0.0,0.0,0.0,0.0,0.0,0.0,0.0,0.0,0.0,2.34,1.64,0.0,0.0,0.0,0.0,0.7,0.0,0.0,0.0,0.0,0.0,0.0,0.0,0.0,0.0,0.0,0.0,1230.0,0.0,1230.0,0.0,0.0,0.0,,,,True,,,,,,,,,,,,,2041-01-01,estimee,,
488,5925C,LYS LEZ LANNOY (59) - Réseau Longchamp,"Hem,Roubaix",Nord,Hauts-de-France,VILOGIA SOCIETE ANONYME D'HLM,DALKIA SAINT-ANDRE-LEZ-LILLE,False,1978.0,,36.0,0.0,0.2,0.252,95.47,61.0,39.0,81.42,97.67,91.0,0.0,16027.0,16027.0,0.0,0.0,0.0,0.0,0.0,0.0,0.0,0.0,0.0,0.0,0.0,0.0,0.0,0.0,0.0,0.0,16.71,16.71,0.0,0.0,0.0,0.0,0.0,0.0,0.0,0.0,0.0,0.0,0.0,0.0,0.0,0.0,0.0,0.0,14582.0,11957.0,2625.0,0.0,0.0,0.0,,,,True,,,,,,,,,,,,,1998-01-01,estimee,,
489,5926C,SECLIN (59) - Réseau la Mouchonnière,Seclin,Nord,Hauts-de-France,LMH,DALKIA SAINT-ANDRE-LEZ-LILLE,False,1998.0,,10.0,53.1,0.119,0.146,121.97,48.0,52.0,94.92,115.72,94.0,5.0,4205.0,1973.0,0.0,0.0,0.0,0.0,2232.0,0.0,0.0,0.0,0.0,0.0,0.0,0.0,0.0,0.0,0.0,0.0,4.5,3.0,0.0,0.0,0.0,0.0,1.5,0.0,0.0,0.0,0.0,0.0,0.0,0.0,0.0,0.0,0.0,0.0,3971.0,3137.0,834.0,0.0,0.0,0.0,,,,True,,,,,,,,,,,,,2018-01-01,estimee,,
490,5927C,RONCHIN (59) - Réseau CDS Comtesse de Ségur,Ronchin,Nord,Hauts-de-France,HABITAT DU NORD SA D HLM,DALKIA SAINT-ANDRE-LEZ-LILLE,False,1989.0,,16.0,0.0,0.229,0.254,118.03,68.0,32.0,94.81,110.67,95.0,0.0,5969.0,5969.0,0.0,0.0,0.0,0.0,0.0,0.0,0.0,0.0,0.0,0.0,0.0,0.0,0.0,0.0,0.0,0.0,5.15,5.15,0.0,0.0,0.0,0.0,0.0,0.0,0.0,0.0,0.0,0.0,0.0,0.0,0.0,0.0,0.0,0.0,5685.0,4548.0,1137.0,0.0,0.0,0.0,,,,True,,,,,,,,,,,,,2009-01-01,estimee,,
491,5928C,VILLENEUVE D'ASCQ (59) - Réseau la Résidence,Villeneuve-d'Ascq,Nord,Hauts-de-France,VILOGIA SOCIETE ANONYME D'HLM,DALKIA SAINT-ANDRE-LEZ-LILLE,False,2002.0,,15.0,0.8,0.19,0.243,70.58,59.0,41.0,74.32,84.84,90.0,0.0,16171.0,16036.0,0.0,7.0,0.0,0.0,0.0,0.0,0.0,0.0,0.0,128.0,0.0,0.0,0.0,0.0,0.0,0.0,19.22,18.08,0.0,1.0,0.0,0.0,0.0,0.0,0.0,0.0,0.0,0.14,0.0,0.0,0.0,0.0,0.0,0.0,14550.0,14550.0,0.0,0.0,0.0,0.0,,,,True,,,,,,,,,,,,,2022-01-01,estimee,,
492,6001C,Réseau de Compiègne,Compiègne,Oise,Hauts-de-France,Ville de Compiègne,ENGIE SOLUTIONS Ile de France,True,1965.0,13.0,77.0,68.5,0.091,0.118,127.75,50.0,50.0,118.03,145.39,82.0,14.0,59898.0,17708.0,0.0,1171.0,0.0,0.0,41019.0,0.0,0.0,0.0,0.0,0.0,0.0,0.0,0.0,0.0,0.0,0.0,62.0,45.0,0.0,3.0,0.0,0.0,14.0,0.0,0.0,0.0,0.0,0.0,0.0,0.0,0.0,0.0,0.0,0.0,49157.0,0.0,0.0,0.0,0.0,49157.0,45,55,0,True,,,,,,,,,,,,,1985-01-01,estimee,,
493,6002C,La Cavée et les hironvalles,"Creil,Gouvieux,Villers-Saint-Paul",Oise,Hauts-de-France,Oise Habitat,Creil Energie (DALKIA),False,1970.0,19.0,93.0,56.7,0.105,0.131,77.03,46.0,54.0,67.19,84.07,89.0,5.0,65984.0,28583.0,0.0,0.0,0.0,0.0,37401.0,0.0,0.0,0.0,0.0,0.0,0.0,0.0,0.0,0.0,0.0,0.0,32.56,23.56,0.0,0.0,0.0,0.0,9.0,0.0,0.0,0.0,0.0,0.0,0.0,0.0,0.0,0.0,0.0,0.0,59000.0,53100.0,5900.0,0.0,0.0,0.0,100,0,0,True,,,,,,,,,,,,,1990-01-01,estimee,,
494,6003C,Quartier des Obiers,"Montataire,Nogent-sur-Oise,Villers-Saint-Paul",Oise,Hauts-de-France,Ville de Nogent sur Oise,NSO Energie (DALKIA),True,1970.0,17.0,87.0,73.3,0.074,0.086,81.49,46.0,54.0,70.99,88.28,82.0,0.0,51908.0,13851.0,0.0,0.0,0.0,0.0,0.0,0.0,38056.0,0.0,0.0,0.0,0.0,0.0,0.0,0.0,0.0,0.0,42.75,35.55,0.0,0.0,0.0,0.0,0.0,0.0,7.2,0.0,0.0,0.0,0.0,0.0,0.0,0.0,0.0,0.0,42566.0,27668.0,14898.0,0.0,0.0,0.0,100,0,0,True,,,,,,,,,,,,,1990-01-01,estimee,,
495,6004C,Les Martinets,Montataire,Oise,Hauts-de-France,Oise Habitat,Creil Energie (DALKIA),False,1970.0,3.0,16.0,88.0,0.029,0.038,76.07,47.0,53.0,74.79,95.48,83.0,0.0,18328.0,2190.0,0.0,0.0,0.0,0.0,0.0,0.0,16138.0,0.0,0.0,0.0,0.0,0.0,0.0,0.0,0.0,0.0,25.88,22.08,0.0,0.0,0.0,0.0,0.0,0.0,3.8,0.0,0.0,0.0,0.0,0.0,0.0,0.0,0.0,0.0,15256.0,14036.0,1220.0,0.0,0.0,0.0,100,0,0,True,,,,,,,,,,,,,1990-01-01,estimee,,
496,6005C,Réseau du Quartier Saint Jean,Beauvais,Oise,Hauts-de-France,Ville de Beauvais,BCSJ,True,2010.0,8.0,52.0,93.8,0.017,0.04,105.83,42.0,58.0,92.03,115.61,84.0,0.0,28599.0,1460.0,0.0,813.0,0.0,0.0,26326.0,0.0,0.0,0.0,0.0,0.0,0.0,0.0,0.0,0.0,0.0,0.0,30.0,4.0,0.0,16.0,0.0,0.0,10.0,0.0,0.0,0.0,0.0,0.0,0.0,0.0,0.0,0.0,0.0,0.0,24168.0,18368.0,5800.0,0.0,0.0,0.0,100,0,0,True,,,,,,,,,,,,,2030-01-01,estimee,,
497,6006C,Réseau de Breteuil-sur-Noye,Breteuil,Oise,Hauts-de-France,VILLE DE BRETEUIL,BRETEUIL ENERGIE (DALKIA),True,2015.0,3.0,48.0,92.2,0.023,0.049,140.28,30.0,70.0,101.09,131.17,81.0,0.0,6097.0,0.0,0.0,0.0,0.0,572.0,5525.0,0.0,0.0,0.0,0.0,0.0,0.0,0.0,0.0,0.0,0.0,0.0,14.0,0.0,0.0,0.0,0.0,6.0,2.0,0.0,0.0,0.0,0.0,0.0,6.0,0.0,0.0,0.0,0.0,0.0,4949.0,1287.0,3662.0,0.0,0.0,0.0,100,0,0,True,,,,,,,,,,,,,2035-01-01,estimee,,
498,6008C,Régie Municipale,Grandvilliers,Oise,Hauts-de-France,Mairie Grandvilliers,Mairie Grandvilliers,True,2018.0,,38.0,100.0,0.0,0.004,108.43,54.0,46.0,103.86,123.26,74.0,0.0,6876.0,0.0,0.0,0.0,0.0,0.0,0.0,0.0,0.0,0.0,0.0,0.0,0.0,0.0,6876.0,0.0,0.0,0.0,2.9,0.0,0.0,0.0,0.0,0.0,0.0,0.0,0.0,0.0,0.0,0.0,0.0,0.0,2.9,0.0,0.0,0.0,5079.0,2590.0,2489.0,0.0,0.0,0.0,100,0,0,True,,,,,,,,,,,,,2038-01-01,estimee,,
499,6101C,Perseigne,Alençon,Orne,Normandie,Ville d'Alençon,IDEX PERSEIGNE ENERGIE,True,1970.0,4.0,34.0,83.2,0.042,0.065,106.3,52.0,48.0,104.99,129.87,91.0,0.0,18987.0,3485.0,0.0,0.0,0.0,0.0,15502.0,0.0,0.0,0.0,0.0,0.0,0.0,0.0,0.0,0.0,0.0,0.0,15.5,10.0,0.0,0.0,0.0,0.0,5.5,0.0,0.0,0.0,0.0,0.0,0.0,0.0,0.0,0.0,0.0,0.0,17197.0,0.0,0.0,0.0,0.0,17197.0,100,0,0,True,,,,,,,,,,,,,1990-01-01,estimee,,
500,6102C,Quartier Saint Sauveur,Flers,Orne,Normandie,ST SAUVEUR ENERGIE,ST SAUVEUR ENERGIE (IDEX),True,1970.0,3.0,28.0,75.5,0.063,0.088,126.54,50.0,50.0,117.27,144.47,85.0,0.0,19614.0,5752.0,0.0,0.0,0.0,0.0,13862.0,0.0,0.0,0.0,0.0,0.0,0.0,0.0,0.0,0.0,0.0,0.0,12.87,9.6,0.0,0.0,0.0,0.0,3.27,0.0,0.0,0.0,0.0,0.0,0.0,0.0,0.0,0.0,0.0,0.0,16704.0,0.0,0.0,0.0,0.0,16704.0,100,0,0,True,,,,,,,,,,,,,1990-01-01,estimee,,
501,6103C,Quartier Nord - Route de la Falaise,Argentan,Orne,Normandie,Ville d'Argentan,DALKIA,True,1970.0,10.0,60.0,59.6,0.099,0.125,104.94,51.0,49.0,94.05,113.96,84.0,5.0,32894.0,429.0,0.0,0.0,0.0,0.0,19619.0,0.0,0.0,0.0,0.0,0.0,0.0,0.0,0.0,12846.0,0.0,0.0,29.93,18.72,0.0,0.0,0.0,0.0,7.6,0.0,0.0,0.0,0.0,0.0,0.0,0.0,0.0,3.61,0.0,0.0,27486.0,11269.0,16217.0,0.0,0.0,0.0,100,0,0,True,,,,,,,,,,,,,1990-01-01,estimee,,
502,6104C,Réseau de la Ferté Mace,La Ferté Macé,Orne,Normandie,Ville de la Ferté Macé,DALKIA,True,2001.0,1.0,9.0,88.2,0.032,0.056,135.25,46.0,54.0,115.74,151.79,84.0,0.0,3635.0,429.0,0.0,0.0,0.0,0.0,3206.0,0.0,0.0,0.0,0.0,0.0,0.0,0.0,0.0,0.0,0.0,0.0,5.33,3.33,0.0,0.0,0.0,0.0,2.0,0.0,0.0,0.0,0.0,0.0,0.0,0.0,0.0,0.0,0.0,0.0,3041.0,1976.0,1064.0,0.0,0.0,0.0,100,0,0,True,,,,,,,,,,,,,2021-01-01,estimee,,
503,6105C,RECBIA,L'Aigle,Orne,Normandie,Ville de L'Aigle,RECBIA (ENGIE SOLUTIONS),True,2014.0,9.5,52.0,93.2,0.019,0.042,103.18,50.0,50.0,106.77,130.47,82.0,0.0,21553.0,1245.0,0.0,0.0,0.0,0.0,20081.0,0.0,0.0,0.0,0.0,0.0,0.0,0.0,0.0,227.0,0.0,0.0,21.5,12.0,0.0,0.0,0.0,0.0,5.5,0.0,0.0,0.0,0.0,0.0,0.0,0.0,0.0,4.0,0.0,0.0,17792.0,6939.0,10853.0,0.0,0.0,0.0,100,0,0,True,,,,,,,,,,,,,2034-01-01,estimee,,
504,6109C,Alençon énergie bois,Alençon,Orne,Normandie,COMMUNAUTE URBAINE D'ALENCON,ALENCON ENERGIE BOIS (DALKIA),True,2020.0,8.0,53.0,64.6,0.083,0.108,99.75,50.0,50.0,90.52,111.85,89.0,-1.0,24511.0,1362.0,0.0,0.0,0.0,0.0,15839.0,0.0,0.0,0.0,0.0,0.0,0.0,0.0,0.0,7311.0,0.0,0.0,22.16,15.09,0.0,0.0,0.0,0.0,5.0,0.0,0.0,0.0,0.0,0.0,0.0,0.0,0.0,2.07,0.0,0.0,21734.0,4129.0,17605.0,0.0,0.0,0.0,100,0,0,True,,,,,,,,,,,,,2040-01-01,estimee,,
505,6201C,Zup du Quartier République - Avion,Avion,Pas-de-Calais,Hauts-de-France,Pas de Calais HABITAT,IDEX,False,1964.0,2.0,18.0,0.0,0.204,0.258,107.12,79.0,21.0,104.41,114.13,88.0,0.0,9254.0,9254.0,0.0,0.0,0.0,0.0,0.0,0.0,0.0,0.0,0.0,0.0,0.0,0.0,0.0,0.0,0.0,0.0,14.54,14.54,0.0,0.0,0.0,0.0,0.0,0.0,0.0,0.0,0.0,0.0,0.0,0.0,0.0,0.0,0.0,0.0,8096.0,6558.0,1538.0,0.0,0.0,0.0,100,0,0,True,Ville d'Avion,,,231.0,,matched_exact,,,,,,,1984-01-01,estimee,,
506,6202C,Réseau de Arques,Arques,Pas-de-Calais,Hauts-de-France,Ville de Arques,ENGIE SOLUTIONS VILLENEUVE D'ASCQ,True,2014.0,4.0,20.0,78.6,0.066,0.094,,,,,,79.0,0.0,5271.0,1127.0,0.0,0.0,0.0,0.0,4144.0,0.0,0.0,0.0,0.0,0.0,0.0,0.0,0.0,0.0,0.0,0.0,11.57,9.07,0.0,0.0,0.0,0.0,2.5,0.0,0.0,0.0,0.0,0.0,0.0,0.0,0.0,0.0,0.0,0.0,4167.0,917.0,3250.0,0.0,0.0,0.0,100,0,0,True,,,,,,,,,,,,,2034-01-01,estimee,,
507,6203C,Réseau de chaleur de Lens,Lens,Pas-de-Calais,Hauts-de-France,Ville de Lens,DALKIA,True,1968.0,9.0,57.0,91.6,0.021,0.045,81.97,68.0,32.0,93.34,109.59,88.0,6.0,60161.0,4730.0,0.0,42.0,0.0,0.0,0.0,0.0,0.0,0.0,0.0,0.0,0.0,55172.0,0.0,217.0,0.0,0.0,34.04,19.51,0.0,0.5,0.0,0.0,0.0,0.0,0.0,0.0,0.0,0.0,0.0,12.0,0.0,2.03,0.0,0.0,37314.0,9460.0,27854.0,0.0,0.0,0.0,100,0,0,True,,,,,,,,,,,,,1988-01-01,estimee,,
508,6204C,Réseau de chaleur de Béthune,"Annezin,Béthune,Beuvry,Chocques,Labeuvrière",Pas-de-Calais,Hauts-de-France,Ville de Béthune,DALKIA,True,1972.0,13.0,140.0,67.7,0.075,0.107,100.97,47.0,53.0,96.93,122.4,76.0,0.0,60902.0,19655.0,0.0,0.0,0.0,0.0,0.0,0.0,0.0,9171.0,0.0,0.0,0.0,32076.0,0.0,0.0,0.0,0.0,44.3,30.8,0.0,0.0,0.0,0.0,0.0,0.0,0.0,5.0,0.0,0.0,0.0,8.5,0.0,0.0,0.0,0.0,46610.0,13051.0,33559.0,0.0,0.0,0.0,100,0,0,True,,,,,,,,,,,,,1992-01-01,estimee,,
509,6205C,Le Portel-Outreau,Le Portel,Pas-de-Calais,Hauts-de-France,Pas de Calais HABITAT,ENGIE SOLUTIONS VILLENEUVE D'ASCQ,False,1975.0,1.0,6.0,0.0,0.172,0.194,,,,,,128.0,0.0,3340.0,2070.0,0.0,0.0,0.0,0.0,0.0,0.0,0.0,0.0,0.0,0.0,0.0,1270.0,0.0,0.0,0.0,0.0,5.72,5.72,0.0,0.0,0.0,0.0,0.0,0.0,0.0,0.0,0.0,0.0,0.0,0.0,0.0,0.0,0.0,0.0,4262.0,4219.0,43.0,0.0,0.0,0.0,100,0,0,True,,,,,,,,,,,,,1995-01-01,estimee,,
510,6206C,Réseau de chaleur de Liévin,Liévin,Pas-de-Calais,Hauts-de-France,Ville de Liévin,DALKIA,True,1992.0,8.0,34.0,67.3,0.086,0.099,109.04,59.0,41.0,99.31,118.47,48.0,4.0,38349.0,7267.0,0.0,3.0,0.0,0.0,0.0,0.0,0.0,0.0,0.0,0.0,0.0,0.0,0.0,31080.0,0.0,0.0,15.51,12.61,0.0,1.0,0.0,0.0,0.0,0.0,0.0,0.0,0.0,0.0,0.0,0.0,0.0,1.9,0.0,0.0,18276.0,2559.0,15717.0,0.0,0.0,0.0,100,0,0,True,,,,,,,,,,,,,2012-01-01,estimee,,
511,6207C,Réseau de Calais,Calais,Pas-de-Calais,Hauts-de-France,Ville de Calais,CALOREV (CORIANCE),True,1967.0,16.0,85.0,71.5,0.081,0.107,,,,,,80.0,0.0,58017.0,16553.0,0.0,0.0,0.0,0.0,41464.0,0.0,0.0,0.0,0.0,0.0,0.0,0.0,0.0,0.0,0.0,0.0,60.68,45.68,0.0,0.0,0.0,0.0,15.0,0.0,0.0,0.0,0.0,0.0,0.0,0.0,0.0,0.0,0.0,0.0,46167.0,21699.0,10388.0,0.0,231.0,13850.0,100,0,0,True,,,,,,,,,,,,,1987-01-01,estimee,,
512,6209C,Réseau de chaleur d'Achicourt,Achicourt,Pas-de-Calais,Hauts-de-France,Pas de Calais HABITAT,DALKIA,False,2015.0,2.0,7.0,62.7,0.088,0.105,123.54,68.0,32.0,115.32,133.29,94.0,0.0,4069.0,1565.0,0.0,0.0,0.0,0.0,1924.0,0.0,0.0,0.0,0.0,580.0,0.0,0.0,0.0,0.0,0.0,0.0,5.18,3.88,0.0,0.0,0.0,0.0,0.9,0.0,0.0,0.0,0.0,0.4,0.0,0.0,0.0,0.0,0.0,0.0,3819.0,2559.0,1260.0,0.0,0.0,0.0,100,0,0,True,,,,,,,,,,,,,2035-01-01,estimee,,
513,6210C,Réseau de chaleur d'Arras,"Arras,Dainville",Pas-de-Calais,Hauts-de-France,Communauté Urbaine d'Arras,DALKIA,True,1990.0,24.0,105.0,62.1,0.093,0.118,122.94,60.0,40.0,114.8,137.98,86.0,1.0,73081.0,6484.0,0.0,0.0,0.0,0.0,45368.0,0.0,0.0,0.0,0.0,0.0,0.0,0.0,0.0,21230.0,0.0,0.0,49.59,23.6,0.0,0.0,0.0,0.0,15.0,0.0,0.0,0.0,0.0,0.0,0.0,0.0,0.0,10.99,0.0,0.0,62930.0,21396.0,41534.0,0.0,0.0,0.0,100,0,0,True,,,,,,,,,,,,,2010-01-01,estimee,,
514,6211C,Réseau de chaleur de Boulogne sur Mer,"Boulogne-sur-Mer,Outreau",Pas-de-Calais,Hauts-de-France,Ville de Boulogne sur Mer,ECOLIANE (DALKIA),False,2015.0,12.0,89.0,41.2,0.145,0.169,110.56,56.0,44.0,108.56,132.25,92.0,9.0,41144.0,18212.0,0.0,0.0,0.0,0.0,12582.0,0.0,3776.0,0.0,0.0,904.0,0.0,5670.0,0.0,0.0,0.0,0.0,31.05,24.5,0.0,0.0,0.0,0.0,3.5,0.0,1.1,0.0,0.0,1.95,0.0,0.0,0.0,0.0,0.0,0.0,37798.0,26837.0,10961.0,0.0,0.0,0.0,100,0,0,True,,,,,,,,,,,,,2035-01-01,estimee,,
515,6212C,Réseau de chaleur Le Portel-Outreau,Outreau,Pas-de-Calais,Hauts-de-France,Pas de Calais HABITAT,DALKIA,False,2015.0,2.0,9.0,40.5,0.176,0.208,108.77,76.0,24.0,98.38,109.37,77.0,0.0,5794.0,2799.0,0.0,0.0,0.0,0.0,2347.0,0.0,0.0,0.0,0.0,0.0,0.0,648.0,0.0,0.0,0.0,0.0,10.47,6.87,0.0,0.0,0.0,0.0,3.6,0.0,0.0,0.0,0.0,0.0,0.0,0.0,0.0,0.0,0.0,0.0,4472.0,2593.0,1878.0,0.0,0.0,0.0,100,0,0,True,,,,,,,,,,,,,2035-01-01,estimee,,
516,6301C,Réseau de Riom RCBE,Riom,Puy-de-Dôme,Auvergne-Rhône-Alpes,Communauté d’agglomération Riom Limagne et Volcans,RCBE (ENGIE SOLUTIONS),True,2013.0,7.9,38.0,92.1,0.022,0.046,115.09,40.0,60.0,92.43,115.65,82.0,0.0,17198.0,1558.0,0.0,0.0,0.0,0.0,15640.0,0.0,0.0,0.0,0.0,0.0,0.0,0.0,0.0,0.0,0.0,0.0,13.1,9.1,0.0,0.0,0.0,0.0,4.0,0.0,0.0,0.0,0.0,0.0,0.0,0.0,0.0,0.0,0.0,0.0,14161.0,7222.0,6797.0,142.0,0.0,0.0,100,0,0,True,,,,,,,,,,,,,2033-01-01,estimee,,
517,6305C,Réseau de Rochefort-Montagne,Rochefort-Montagne,Puy-de-Dôme,Auvergne-Rhône-Alpes,Ville de Rochefort-Montagne,ENGIE SOLUTIONS DR RESEAUX SUD EST,True,2010.0,4.0,84.0,97.0,0.015,0.048,177.78,33.0,67.0,166.09,219.47,65.0,-6.0,4587.0,0.0,0.0,136.0,0.0,0.0,4451.0,0.0,0.0,0.0,0.0,0.0,0.0,0.0,0.0,0.0,0.0,0.0,4.1,0.0,0.0,2.5,0.0,0.0,1.6,0.0,0.0,0.0,0.0,0.0,0.0,0.0,0.0,0.0,0.0,0.0,2962.0,889.0,2073.0,0.0,0.0,0.0,100,0,0,True,,,,,,,,,,,,,2030-01-01,estimee,,
518,6306C,La Gauthière,Clermont-Ferrand,Puy-de-Dôme,Auvergne-Rhône-Alpes,Ville de Clermont Ferrand,CLERVIA (DALKIA),False,1970.0,10.0,53.0,70.7,0.07,0.098,118.8,45.0,55.0,275.3,386.05,82.0,2.0,38399.0,9103.0,0.0,0.0,0.0,0.0,19842.0,0.0,0.0,0.0,0.0,0.0,0.0,731.0,0.0,8723.0,0.0,0.0,31.75,24.05,0.0,0.0,0.0,0.0,7.7,0.0,0.0,0.0,0.0,0.0,0.0,0.0,0.0,0.0,0.0,0.0,31649.0,10128.0,16774.0,4747.0,0.0,0.0,100,0,0,True,,,,,,,,,,,,,1990-01-01,estimee,,
519,6307C,Réseau de Royat,"Chamalières,Royat",Puy-de-Dôme,Auvergne-Rhône-Alpes,Ville de Royat,STR (DALKIA),False,1970.0,1.0,7.0,0.0,0.24,0.269,132.71,78.0,22.0,119.8,127.74,91.0,0.0,7543.0,7538.0,0.0,5.0,0.0,0.0,0.0,0.0,0.0,0.0,0.0,0.0,0.0,0.0,0.0,0.0,0.0,0.0,7.0,6.0,0.0,1.0,0.0,0.0,0.0,0.0,0.0,0.0,0.0,0.0,0.0,0.0,0.0,0.0,0.0,0.0,6832.0,1025.0,5807.0,0.0,0.0,0.0,100,0,0,True,,,,,,,,,,,,,1990-01-01,estimee,,
520,6308C,Croix-de-Neyrat / Champratel / Les Vergnes,"Clermont-Ferrand,Cébazat",Puy-de-Dôme,Auvergne-Rhône-Alpes,Clermont Auvergne Métropole,ECLA (ENGIE SOLUTIONS),False,2013.0,13.8,114.0,83.8,0.041,0.063,96.78,51.0,49.0,79.79,94.97,91.0,12.0,71682.0,11608.0,0.0,0.0,0.0,0.0,58601.0,0.0,0.0,0.0,0.0,0.0,0.0,0.0,1473.0,0.0,0.0,0.0,43.0,30.0,0.0,0.0,0.0,0.0,12.0,0.0,0.0,0.0,0.0,0.0,0.0,0.0,1.0,0.0,0.0,0.0,56583.0,14948.0,7353.0,4024.0,0.0,30258.0,100,0,0,True,,,,,,,,,,,,,2033-01-01,estimee,,
521,6309C,Réseau de chaleur bois de Pontaumur,Pontaumur,Puy-de-Dôme,Auvergne-Rhône-Alpes,Chavanon Combrailles et Volcans,CHAVANON COMBRAILLES ET VOLCANS,True,2015.0,1.0,6.0,92.5,0.033,0.064,162.26,43.0,57.0,145.64,183.3,68.0,-11.0,2081.0,0.0,0.0,155.0,0.0,0.0,1926.0,0.0,0.0,0.0,0.0,0.0,0.0,0.0,0.0,0.0,0.0,0.0,3.0,0.0,0.0,2.2,0.0,0.0,0.8,0.0,0.0,0.0,0.0,0.0,0.0,0.0,0.0,0.0,0.0,0.0,1426.0,376.0,1049.0,0.0,0.0,0.0,100,0,0,True,,,,,,,,,,,,,2035-01-01,estimee,,
522,6310C,CORAL,Ambert,Puy-de-Dôme,Auvergne-Rhône-Alpes,Mairie d'Ambert,Régie communale d'Ambert,True,2012.0,3.0,32.0,66.7,0.114,0.144,153.35,65.0,35.0,126.6,139.95,74.0,-20.0,3885.0,0.0,0.0,0.0,0.0,0.0,3885.0,0.0,0.0,0.0,0.0,0.0,0.0,0.0,0.0,0.0,0.0,0.0,2.0,0.0,0.0,0.0,0.0,0.0,2.0,0.0,0.0,0.0,0.0,0.0,0.0,0.0,0.0,0.0,0.0,0.0,2859.0,304.0,2555.0,0.0,0.0,0.0,100,0,0,True,,,,,,,,,,,,,2032-01-01,estimee,,
523,6311C,Réseau de chaleur de St-Germain-l'Herm,Saint-Germain-l'Herm,Puy-de-Dôme,Auvergne-Rhône-Alpes,Régie communale de distribution de chaleur de Saint-Germain-l'Herm,REGIE COMMUNALE DE DISTRIBUTION DE CHALEUR DE ST-GERMAIN L'HERM,True,2016.0,2.0,50.0,93.0,0.029,0.059,115.09,48.0,52.0,103.89,127.71,84.0,0.0,2831.0,0.0,0.0,358.0,0.0,0.0,2474.0,0.0,0.0,0.0,0.0,0.0,0.0,0.0,0.0,0.0,0.0,0.0,1.5,0.0,0.0,0.5,0.0,0.0,1.0,0.0,0.0,0.0,0.0,0.0,0.0,0.0,0.0,0.0,0.0,0.0,2381.0,1905.0,476.0,0.0,0.0,0.0,100,0,0,True,,,,,,,,,,,,,2036-01-01,estimee,,
524,6312C,Réseau de chaleur de Ardes-sur-Couze,Ardes,Puy-de-Dôme,Auvergne-Rhône-Alpes,Commune d'Ardes-sur-Couze,WEYA,True,2013.0,1.0,7.0,100.0,0.0,0.03,174.85,30.0,70.0,107.51,134.9,85.0,0.0,1546.0,0.0,0.0,0.0,0.0,0.0,1546.0,0.0,0.0,0.0,0.0,0.0,0.0,0.0,0.0,0.0,0.0,0.0,1.75,0.0,0.0,0.0,0.0,0.0,1.75,0.0,0.0,0.0,0.0,0.0,0.0,0.0,0.0,0.0,0.0,0.0,1313.0,0.0,1313.0,0.0,0.0,0.0,100,0,0,True,,,,,,,,,,,,,2033-01-01,estimee,,
525,6315C,Réseau de chaleur d'Anzat,Anzat-le-Luguet,Puy-de-Dôme,Auvergne-Rhône-Alpes,Commune de Anzat-le-Luguet,Régie communale,True,2020.0,,26.0,100.0,0.0,0.027,147.23,83.0,17.0,131.24,135.46,63.0,0.0,493.0,0.0,0.0,0.0,0.0,0.0,493.0,0.0,0.0,0.0,0.0,0.0,0.0,0.0,0.0,0.0,0.0,0.0,0.36,0.0,0.0,0.0,0.0,0.0,0.36,0.0,0.0,0.0,0.0,0.0,0.0,0.0,0.0,0.0,0.0,0.0,311.0,202.0,109.0,0.0,0.0,0.0,100,0,0,True,,,,,,,,,,,,,2040-01-01,estimee,,
526,6317C,Réseau de chaleur Saint-Jacques (Clauvaé),"Aubière,Beaumont,Clermont-Ferrand",Puy-de-Dôme,Auvergne-Rhône-Alpes,Clermont Auvergne Métropole,CLAUVAE (IDEX),False,,,122.0,79.9,0.056,0.066,103.27,53.0,47.0,80.5,93.58,76.0,0.0,51516.0,10338.0,0.0,0.0,0.0,0.0,0.0,0.0,41178.0,0.0,0.0,0.0,0.0,0.0,0.0,0.0,0.0,0.0,55.7,42.0,0.0,0.0,0.0,0.0,0.0,0.0,13.7,0.0,0.0,0.0,0.0,0.0,0.0,0.0,0.0,0.0,39295.0,23184.0,16111.0,0.0,0.0,0.0,,,,True,,,,,,,,,,,,,,inconnue,,
527,6319C,Réseau d'Issoire - Energ'Iss,Issoire,Puy-de-Dôme,Auvergne-Rhône-Alpes,Ville d'Issoire,Energ'Iss (Dalkia),True,,,43.0,86.1,0.036,0.053,91.12,49.0,51.0,93.16,117.53,89.0,-3.0,24032.0,3336.0,0.0,0.0,0.0,0.0,12516.0,0.0,0.0,0.0,0.0,0.0,0.0,0.0,8180.0,0.0,0.0,0.0,24.75,15.0,0.0,0.0,0.0,0.0,2.75,0.0,0.0,0.0,0.0,0.0,0.0,0.0,7.0,0.0,0.0,0.0,21286.0,5534.0,15752.0,0.0,0.0,0.0,,,,True,,,,,,,COMMUNE DE ISSOIRE,,20.0,36494732.0,,matched_exact,,inconnue,,
528,6401C,Réseau de chaleur du Hameau,Pau,Pyrénées-Atlantiques,Nouvelle-Aquitaine,SPIC Communauté d'Agglomération Pau-Béarn-Pyrénées,SPIC Communauté d'Agglomération Pau-Béarn-Pyrénées,True,2013.0,,8.0,89.6,0.026,0.049,117.87,53.0,47.0,95.74,112.35,90.0,0.0,5158.0,686.0,0.0,0.0,0.0,0.0,4471.0,0.0,0.0,0.0,0.0,0.0,0.0,0.0,0.0,0.0,0.0,0.0,6.8,5.0,0.0,0.0,0.0,0.0,1.8,0.0,0.0,0.0,0.0,0.0,0.0,0.0,0.0,0.0,0.0,0.0,4637.0,1936.0,2701.0,0.0,0.0,0.0,100,0,0,True,,,,,,,,,,,,,2033-01-01,estimee,,
529,6402C,EGURRETIK,Bayonne,Pyrénées-Atlantiques,Nouvelle-Aquitaine,Ville de Bayonne,DALKIA Bayonne,True,1970.0,7.0,40.0,83.1,0.045,0.069,106.64,50.0,50.0,90.91,110.61,84.0,0.0,15785.0,2787.0,0.0,0.0,0.0,0.0,12998.0,0.0,0.0,0.0,0.0,0.0,0.0,0.0,0.0,0.0,0.0,0.0,13.3,8.0,0.0,0.0,0.0,0.0,5.3,0.0,0.0,0.0,0.0,0.0,0.0,0.0,0.0,0.0,0.0,0.0,13286.0,9300.0,3986.0,0.0,0.0,0.0,100,0,0,True,,,,,,,,,,,,,1990-01-01,estimee,,
530,6403C,Réseau de Pau Béarn Pyrénées Energies Services,"Billère,Lescar,Lons,Pau",Pyrénées-Atlantiques,Nouvelle-Aquitaine,Communauté d'Agglomération Pau-Béarn-Pyrénées,Pau Béarn Pyrénées Energies Services (ENGIE SOLUTIONS),True,2019.0,,205.0,80.8,0.051,0.063,,,,,,84.0,0.0,85619.0,16404.0,0.0,0.0,0.0,0.0,8444.0,0.0,60771.0,0.0,0.0,0.0,0.0,0.0,0.0,0.0,0.0,0.0,51.4,30.0,0.0,0.0,0.0,0.0,10.4,0.0,11.0,0.0,0.0,0.0,0.0,0.0,0.0,0.0,0.0,0.0,71501.0,41435.0,29351.0,715.0,0.0,0.0,100,0,0,True,,,,,,,,,,,,,2039-01-01,estimee,,
531,6501C,Réseau de Vic-en-Bigorre,Vic-en-Bigorre,Hautes-Pyrénées,Occitanie,Communauté des communes de Vic Montaner,Vic-Montaner Energie Bois (DALKIA),True,1970.0,5.0,46.0,89.1,0.032,0.059,170.84,43.0,57.0,110.07,139.53,73.0,12.0,9576.0,1046.0,0.0,0.0,0.0,0.0,8530.0,0.0,0.0,0.0,0.0,0.0,0.0,0.0,0.0,0.0,0.0,0.0,7.6,5.0,0.0,0.0,0.0,0.0,2.6,0.0,0.0,0.0,0.0,0.0,0.0,0.0,0.0,0.0,0.0,0.0,7009.0,4205.0,2804.0,0.0,0.0,0.0,100,0,0,True,,,,,,,,,,,,,1990-01-01,estimee,,
532,6604C,Réseau de Perpignan,Perpignan,Pyrénées-Orientales,Occitanie,Dalkia,DALKIA,False,2020.0,5.0,8.0,65.3,0.118,0.135,,,,,,89.0,,25013.0,576.0,0.0,0.0,0.0,0.0,0.0,0.0,24437.0,0.0,0.0,0.0,0.0,0.0,0.0,0.0,0.0,0.0,22.95,14.95,0.0,0.0,0.0,0.0,0.0,0.0,8.0,0.0,0.0,0.0,0.0,0.0,0.0,0.0,0.0,0.0,22376.0,0.0,16334.0,6042.0,0.0,0.0,100,0,0,True,,,,,,,,,,,,,2040-01-01,estimee,,
533,6702C,Hautepierre,Strasbourg,Bas-Rhin,Grand Est,Eurométropole de Strasbourg,EVOS (ENGIE SOLUTIONS),False,1972.0,22.0,176.0,0.0,0.238,0.268,115.64,74.0,26.0,117.68,130.06,89.0,46.0,140223.0,69561.0,0.0,0.0,0.0,0.0,0.0,0.0,0.0,0.0,0.0,0.0,0.0,70662.0,0.0,0.0,0.0,0.0,228.0,228.0,0.0,0.0,0.0,0.0,0.0,0.0,0.0,0.0,0.0,0.0,0.0,0.0,0.0,0.0,0.0,0.0,124726.0,73588.0,51138.0,0.0,0.0,0.0,oui,oui,oui,True,Ville Eurométropole de Strasbourg,,,,,matched_epci,,,,,,,1992-01-01,estimee,,
534,6703C,Strasbourg Centre Energies,Strasbourg,Bas-Rhin,Grand Est,Eurométropole de Strasbourg,Strasbourg Centre Energies,True,1960.0,20.0,478.0,72.0,0.076,0.096,137.38,49.0,51.0,116.85,141.89,85.0,21.0,234353.0,62153.0,0.0,2899.0,0.0,0.0,0.0,0.0,48333.0,0.0,0.0,0.0,0.0,0.0,0.0,120968.0,0.0,0.0,260.4,145.7,0.0,85.7,0.0,0.0,0.0,0.0,7.0,0.0,0.0,0.0,0.0,0.0,0.0,22.0,0.0,0.0,198631.0,99316.0,99316.0,0.0,0.0,0.0,32,68,0,True,Ville Eurométropole de Strasbourg,,,,,matched_epci,,,,,,,1980-01-01,estimee,,
535,6708C,Cité de l'Ill,Strasbourg,Bas-Rhin,Grand Est,HABITATION MODERNE,IDEX Strasbourg,False,1970.0,1.0,49.0,75.1,0.057,0.079,127.26,59.0,41.0,120.58,143.06,91.0,0.0,15385.0,3828.0,0.0,0.0,0.0,0.0,11557.0,0.0,0.0,0.0,0.0,0.0,0.0,0.0,0.0,0.0,0.0,0.0,13.1,10.6,0.0,0.0,0.0,0.0,2.5,0.0,0.0,0.0,0.0,0.0,0.0,0.0,0.0,0.0,0.0,0.0,13990.0,13290.0,700.0,0.0,0.0,0.0,100,0,0,True,Ville Eurométropole de Strasbourg,,,,,matched_epci,,,,,,,1990-01-01,estimee,,
536,6709C,Le Ried,"Hœnheim,Schiltigheim",Bas-Rhin,Grand Est,USEIR,COFELY Services AGENCE ALSACE (ENGIE SOLUTIONS),False,1969.0,6.0,49.0,0.0,0.228,0.292,163.29,64.0,36.0,153.79,182.68,83.0,0.0,18918.0,18918.0,0.0,0.0,0.0,0.0,0.0,0.0,0.0,0.0,0.0,0.0,0.0,0.0,0.0,0.0,0.0,0.0,21.4,21.4,0.0,0.0,0.0,0.0,0.0,0.0,0.0,0.0,0.0,0.0,0.0,0.0,0.0,0.0,0.0,0.0,15694.0,12398.0,3296.0,0.0,0.0,0.0,100,0,0,True,Ville Eurométropole de Strasbourg,,,,,matched_epci,,,,,,,1989-01-01,estimee,,
537,6710C,Réseau de Haguenau,Haguenau,Bas-Rhin,Grand Est,Ville d'Haguenau,IDEX,True,2004.0,1.0,12.0,82.7,0.036,0.057,151.89,51.0,49.0,118.75,141.2,100.0,-1.0,5594.0,967.0,0.0,0.0,0.0,0.0,4628.0,0.0,0.0,0.0,0.0,0.0,0.0,0.0,0.0,0.0,0.0,0.0,6.4,3.9,0.0,0.0,0.0,0.0,2.5,0.0,0.0,0.0,0.0,0.0,0.0,0.0,0.0,0.0,0.0,0.0,5594.0,0.0,5594.0,0.0,0.0,0.0,100,0,0,True,,,,,,,,,,,,,2024-01-01,estimee,,
538,6711C,Réseau de la Communauté de Communes Sauer-Pechelbr,"Durrenbach,Morsbronn-les-Bains",Bas-Rhin,Grand Est,Communauté de commune de Sauer Pechelbron,ES Services Energétiques,True,1970.0,2.0,8.0,61.9,0.104,0.133,,,,,,88.0,0.0,4933.0,2436.0,0.0,0.0,0.0,0.0,2118.0,0.0,0.0,0.0,0.0,0.0,0.0,379.0,0.0,0.0,0.0,0.0,4.5,3.0,0.0,0.0,0.0,0.0,1.5,0.0,0.0,0.0,0.0,0.0,0.0,0.0,0.0,0.0,0.0,0.0,4367.0,79.0,4288.0,0.0,0.0,0.0,100,0,0,True,,,,,,,,,,,,,1990-01-01,estimee,,
539,6713C,Réseau des Tanneries - Bohrie - Wihrel,"Lingolsheim,Ostwald,Strasbourg",Bas-Rhin,Grand Est,ASL,RCUA,False,2015.0,7.0,130.0,57.7,0.109,0.134,95.79,57.0,43.0,99.76,122.23,91.0,0.0,29256.0,6524.0,0.0,0.0,0.0,0.0,15183.0,0.0,0.0,0.0,0.0,0.0,0.0,7549.0,0.0,0.0,0.0,0.0,34.9,30.1,0.0,0.0,0.0,0.0,4.8,0.0,0.0,0.0,0.0,0.0,0.0,0.0,0.0,0.0,0.0,0.0,26730.0,24057.0,2138.0,535.0,0.0,0.0,100,0,0,True,Ville Eurométropole de Strasbourg,,,,,matched_epci,,,,,,,2035-01-01,estimee,,
540,6714C,Réseau MARS,"Haguenau,Schweighouse-sur-Moder",Bas-Rhin,Grand Est,ENERSICO,SUEZ,False,2015.0,1.2,2.0,100.0,0.0,0.004,,,,,,84.0,0.0,49523.0,0.0,0.0,0.0,0.0,0.0,0.0,49523.0,0.0,0.0,0.0,0.0,0.0,0.0,0.0,0.0,0.0,0.0,8.0,0.0,0.0,0.0,0.0,0.0,0.0,8.0,0.0,0.0,0.0,0.0,0.0,0.0,0.0,0.0,0.0,0.0,41501.0,0.0,0.0,41501.0,0.0,0.0,0,0,100,True,,,,,,,,,,,,,2035-01-01,estimee,,
541,6717C,Réseau de chaleur du Rebberg,La Petite-Pierre,Bas-Rhin,Grand Est,Commune de la Petite Pierre,MAIRIE,True,2016.0,3.0,22.0,100.0,0.0,0.021,109.96,66.0,34.0,140.57,174.66,90.0,25.0,1064.0,0.0,0.0,0.0,0.0,0.0,1064.0,0.0,0.0,0.0,0.0,0.0,0.0,0.0,0.0,0.0,0.0,0.0,0.65,0.0,0.0,0.0,0.0,0.0,0.65,0.0,0.0,0.0,0.0,0.0,0.0,0.0,0.0,0.0,0.0,0.0,953.0,238.0,715.0,0.0,0.0,0.0,100,0,0,True,,,,,,,,,,,,,2036-01-01,estimee,,
542,6722C,Colmar Vosges,Strasbourg,Bas-Rhin,Grand Est,Ecolya,COFELY Services AGENCE ALSACE (ENGIE SOLUTIONS),False,,0.3,2.0,73.1,0.109,0.145,,,,,,58.0,0.0,4153.0,1118.0,0.0,0.0,0.0,0.0,3036.0,0.0,0.0,0.0,0.0,0.0,0.0,0.0,0.0,0.0,0.0,0.0,6.05,4.85,0.0,0.0,0.0,0.0,1.2,0.0,0.0,0.0,0.0,0.0,0.0,0.0,0.0,0.0,0.0,0.0,2414.0,2414.0,0.0,0.0,0.0,0.0,100,0,0,True,Ville Eurométropole de Strasbourg,,,,,matched_epci,,,,,,,,inconnue,,
543,6724C,Sélestat,Sélestat,Bas-Rhin,Grand Est,Ville de Selestat,ES Services Energétiques,True,2016.0,1.0,4.0,80.8,0.048,0.07,,,,,,92.0,0.0,4346.0,1054.0,0.0,0.0,0.0,0.0,3292.0,0.0,0.0,0.0,0.0,0.0,0.0,0.0,0.0,0.0,0.0,0.0,6.24,4.74,0.0,0.0,0.0,0.0,1.5,0.0,0.0,0.0,0.0,0.0,0.0,0.0,0.0,0.0,0.0,0.0,3992.0,0.0,3992.0,0.0,0.0,0.0,100,0,0,True,,,,,,,,,,,,,2036-01-01,estimee,,
544,6725C,Réseau de Chaleur ECO2WACKEN,"Schiltigheim,Strasbourg",Bas-Rhin,Grand Est,Eurométropole de Strasbourg,ECO2WACKEN,True,2016.0,9.0,47.0,84.1,0.04,0.057,100.83,53.0,47.0,93.58,113.52,88.0,27.0,48669.0,12488.0,0.0,0.0,0.0,0.0,18944.0,0.0,0.0,0.0,0.0,0.0,0.0,0.0,0.0,17237.0,0.0,0.0,36.7,30.0,0.0,0.0,0.0,0.0,6.7,0.0,0.0,0.0,0.0,0.0,0.0,0.0,0.0,0.0,0.0,0.0,42930.0,9015.0,20606.0,0.0,0.0,13308.0,100,0,0,True,Ville Eurométropole de Strasbourg,,,,,matched_epci,,,,,,,2036-01-01,estimee,,
545,6726C,Réseau de Chaleur Quartier du Lac,Lingolsheim,Bas-Rhin,Grand Est,ASL,RCUA,False,2012.0,1.0,27.0,0.0,0.247,0.278,198.57,58.0,42.0,171.34,199.21,92.0,0.0,1566.0,782.0,0.0,0.0,0.0,0.0,0.0,0.0,0.0,0.0,0.0,0.0,0.0,783.0,0.0,0.0,0.0,0.0,2.4,2.4,0.0,0.0,0.0,0.0,0.0,0.0,0.0,0.0,0.0,0.0,0.0,0.0,0.0,0.0,0.0,0.0,1443.0,1443.0,0.0,0.0,0.0,0.0,100,0,0,True,Ville Eurométropole de Strasbourg,,,,,matched_epci,,,,,,,2032-01-01,estimee,,
546,6727C,Réseau de Chaleur Quartier des Hirondelles,Eschau,Bas-Rhin,Grand Est,ASL,RCUA,False,2013.0,1.0,10.0,0.0,0.234,0.245,219.64,63.0,37.0,195.04,223.25,95.0,0.0,619.0,174.0,0.0,0.0,0.0,0.0,0.0,0.0,0.0,0.0,0.0,86.0,0.0,359.0,0.0,0.0,0.0,0.0,0.75,0.5,0.0,0.0,0.0,0.0,0.0,0.0,0.0,0.0,0.0,0.25,0.0,0.0,0.0,0.0,0.0,0.0,586.0,586.0,0.0,0.0,0.0,0.0,100,0,0,True,Ville Eurométropole de Strasbourg,,,,,matched_epci,,,,,,,2033-01-01,estimee,,
547,6728C,Réseau de Chaleur Quartier Solaire Schiltigheim,Schiltigheim,Bas-Rhin,Grand Est,ASL,RCUA,False,2014.0,1.0,11.0,39.6,0.141,0.133,166.05,44.0,56.0,133.57,163.55,95.0,0.0,2014.0,655.0,0.0,0.0,0.0,0.0,0.0,0.0,0.0,0.0,0.0,272.0,0.0,1087.0,0.0,0.0,0.0,0.0,2.27,1.57,0.0,0.0,0.0,0.0,0.0,0.0,0.0,0.0,0.0,0.7,0.0,0.0,0.0,0.0,0.0,0.0,1906.0,1334.0,572.0,0.0,0.0,0.0,100,0,0,True,Ville Eurométropole de Strasbourg,,,,,matched_epci,,,,,,,2034-01-01,estimee,,
548,6731C,Quartier des Ecrivains,"Bischheim,Schiltigheim",Bas-Rhin,Grand Est,Alsace Habitat,ES Services Energétiques,False,2020.0,2.0,27.0,24.9,0.156,0.167,,,,,,112.0,0.0,6415.0,2643.0,0.0,0.0,0.0,0.0,0.0,0.0,0.0,0.0,0.0,1587.0,0.0,2185.0,0.0,0.0,0.0,0.0,7.79,5.99,0.0,0.0,0.0,0.0,0.0,0.0,0.0,0.0,0.0,1.8,0.0,0.0,0.0,0.0,0.0,0.0,7219.0,7140.0,79.0,0.0,0.0,0.0,100,0,0,True,Ville Eurométropole de Strasbourg,,,,,matched_epci,,,,,,,2040-01-01,estimee,,
549,6732C,Réseau de chaleur Cogénération Sarre-Union,Sarre-Union,Bas-Rhin,Grand Est,Réseaux de Chaleur Urbains de l’Est,RCUE,False,2020.0,1.0,3.0,0.0,0.184,0.225,29.43,100.0,0.0,29.42,29.42,100.0,0.0,10038.0,10038.0,0.0,0.0,0.0,0.0,0.0,0.0,0.0,0.0,0.0,0.0,0.0,0.0,0.0,0.0,0.0,0.0,2.52,2.52,0.0,0.0,0.0,0.0,0.0,0.0,0.0,0.0,0.0,0.0,0.0,0.0,0.0,0.0,0.0,0.0,10038.0,0.0,0.0,10038.0,0.0,0.0,71,0,29,True,,,,,,,,,,,,,2040-01-01,estimee,,
550,6733C,Réseau de Chaleur SPL - QPR - RCUA,Strasbourg,Bas-Rhin,Grand Est,RCUA,RCUA,False,2019.0,3.0,19.0,95.5,0.01,0.018,78.04,52.0,48.0,71.57,87.15,91.0,12.0,42471.0,602.0,0.0,0.0,0.0,0.0,0.0,0.0,0.0,0.0,0.0,0.0,0.0,0.0,0.0,41869.0,0.0,0.0,12.0,12.0,0.0,0.0,0.0,0.0,0.0,0.0,0.0,0.0,0.0,0.0,0.0,0.0,0.0,0.0,0.0,0.0,9004.0,2251.0,2251.0,4502.0,0.0,0.0,100,0,0,True,Ville Eurométropole de Strasbourg,,,,,matched_epci,,,,,,,2039-01-01,estimee,,
551,6735C,ALSACEHABITAT-STRASBOURG-MEINAU,Strasbourg,Bas-Rhin,Grand Est,Alsace Habitat,Alsace Habitat,False,1976.0,4.0,26.0,100.0,0.0,0.018,,,,57.23,57.23,105.0,6.0,8617.0,0.0,0.0,0.0,0.0,0.0,8617.0,0.0,0.0,0.0,0.0,0.0,0.0,0.0,0.0,0.0,0.0,0.0,5.5,0.0,0.0,0.0,0.0,0.0,5.5,0.0,0.0,0.0,0.0,0.0,0.0,0.0,0.0,0.0,0.0,0.0,9020.0,8749.0,271.0,0.0,0.0,0.0,100,0,0,True,Ville Eurométropole de Strasbourg,,,,,matched_epci,,,,,,,1996-01-01,estimee,,
552,6738C,Réseau de Chaleur du Port Autonome de Strasbourg,Strasbourg,Bas-Rhin,Grand Est,RCUA,R-PAS,False,2021.0,4.0,2.0,96.9,0.006,0.009,54.82,54.0,46.0,79.16,104.05,100.0,67.0,45401.0,0.0,0.0,0.0,0.0,0.0,0.0,0.0,0.0,0.0,0.0,4612.0,0.0,8622.0,32167.0,0.0,0.0,0.0,15.0,0.0,0.0,0.0,0.0,0.0,0.0,0.0,0.0,0.0,0.0,6.0,0.0,3.0,6.0,0.0,0.0,0.0,0.0,,,,,,100,0,0,True,Ville Eurométropole de Strasbourg,,,,,matched_epci,,,,,,,2041-01-01,estimee,,
553,6739C,Réseau de Chaleur Les Prairies du Canal,Illkirch-Graffenstaden,Bas-Rhin,Grand Est,RCUA,RCUA,False,2018.0,2.0,16.0,0.0,0.231,0.259,155.99,84.0,16.0,143.2,149.18,99.0,0.0,3240.0,1619.0,0.0,0.0,0.0,0.0,0.0,0.0,0.0,0.0,0.0,0.0,0.0,1621.0,0.0,0.0,0.0,0.0,8.0,8.0,0.0,0.0,0.0,0.0,0.0,0.0,0.0,0.0,0.0,0.0,0.0,0.0,0.0,0.0,0.0,0.0,3199.0,3199.0,0.0,0.0,0.0,0.0,100,0,0,True,Ville Eurométropole de Strasbourg,,,,,matched_epci,,,,,,,2038-01-01,estimee,,
554,6741C,Réseau de chaleur ZAC des Vergers,Reichstett,Bas-Rhin,Grand Est,RCUA,RCUA,False,,,5.0,36.0,0.198,0.23,178.37,60.0,40.0,161.99,189.4,74.0,0.0,1791.0,859.0,0.0,0.0,0.0,0.0,644.0,0.0,0.0,0.0,0.0,0.0,0.0,288.0,0.0,0.0,0.0,0.0,1.7,1.4,0.0,0.0,0.0,0.0,0.3,0.0,0.0,0.0,0.0,0.0,0.0,0.0,0.0,0.0,0.0,0.0,1319.0,1319.0,0.0,0.0,0.0,0.0,100,0,0,True,Ville Eurométropole de Strasbourg,,,,,matched_epci,,,,,,,,inconnue,,
555,6742C,Réseau de Bischwiller,Bischwiller,Bas-Rhin,Grand Est,Ville de Bischwiller,Serec Bischwiller (IDEX),False,,,72.0,96.0,0.011,0.034,104.8,35.0,65.0,94.54,123.27,89.0,0.0,18677.0,741.0,0.0,0.0,0.0,0.0,17936.0,0.0,0.0,0.0,0.0,0.0,0.0,0.0,0.0,0.0,0.0,0.0,19.71,10.0,0.0,0.0,0.0,0.0,9.71,0.0,0.0,0.0,0.0,0.0,0.0,0.0,0.0,0.0,0.0,0.0,16655.0,4663.0,11992.0,0.0,0.0,0.0,,,,True,,,,,,,,,,,,,,inconnue,,
556,6801C,Réseau de Colmar,Colmar,Haut-Rhin,Grand Est,Ville de Colmar,Société Colmarienne de Chauffage Urbain (SCCU),True,1962.0,40.0,377.0,87.4,0.035,0.045,86.76,52.0,48.0,87.0,108.12,82.0,2.0,170182.0,21486.0,0.0,0.0,0.0,0.0,22487.0,126210.0,0.0,0.0,0.0,0.0,0.0,0.0,0.0,0.0,0.0,0.0,80.5,52.0,0.0,0.0,0.0,0.0,8.5,20.0,0.0,0.0,0.0,0.0,0.0,0.0,0.0,0.0,0.0,0.0,140266.0,63877.0,70961.0,5428.0,0.0,0.0,45,43,11,True,,,,,,,,,,,,,1982-01-01,estimee,,
557,6802C,L'Illberg,"Brunstatt-Didenheim,Mulhouse",Haut-Rhin,Grand Est,Mulhouse Alsace Agglomération,Mulhouse Alsace Agglomération,True,1962.0,14.0,72.0,57.8,0.084,0.112,97.29,76.0,24.0,102.3,113.24,92.0,-7.0,110029.0,46440.0,0.0,0.0,0.0,0.0,63589.0,0.0,0.0,0.0,0.0,0.0,0.0,0.0,0.0,0.0,0.0,0.0,65.0,53.0,0.0,0.0,0.0,0.0,12.0,0.0,0.0,0.0,0.0,0.0,0.0,0.0,0.0,0.0,0.0,0.0,101032.0,38392.0,62640.0,0.0,0.0,0.0,50,50,0,True,,,,,,,,,,,,,1982-01-01,estimee,,
558,6804C,Réseau de la ville de Saint Louis,"Hésingue,Saint-Louis",Haut-Rhin,Grand Est,Ville de Saint Louis,RCUE,True,1963.0,13.0,141.0,90.1,0.0,0.057,91.24,38.0,62.0,78.67,100.47,83.0,6.0,63484.0,12156.0,0.0,44.0,0.0,0.0,50495.0,0.0,0.0,0.0,0.0,0.0,0.0,789.0,0.0,0.0,0.0,0.0,54.55,23.0,0.0,12.25,0.0,0.0,17.3,0.0,0.0,0.0,0.0,0.0,0.0,2.0,0.0,0.0,0.0,0.0,52599.0,29455.0,16306.0,2630.0,0.0,4208.0,100,0,0,True,,,,,,,,,,,,,1983-01-01,estimee,,
559,6806C,Réseau de Cernay,Cernay,Haut-Rhin,Grand Est,Ville de Cernay,COFELY Services AGENCE ALSACE (ENGIE SOLUTIONS),True,1994.0,9.0,55.0,81.3,0.064,0.091,,,,,,77.0,0.0,17131.0,3209.0,0.0,0.0,0.0,0.0,13922.0,0.0,0.0,0.0,0.0,0.0,0.0,0.0,0.0,0.0,0.0,0.0,17.8,12.8,0.0,0.0,0.0,0.0,5.0,0.0,0.0,0.0,0.0,0.0,0.0,0.0,0.0,0.0,0.0,0.0,13129.0,4464.0,8665.0,0.0,0.0,0.0,100,0,0,True,,,,,,,,,,,,,2014-01-01,estimee,,
560,6809C,Réseau d'Heimersdorf,Heimersdorf,Haut-Rhin,Grand Est,Commune de HEIMERSDORF,Commune de HEIMERSDORF,False,2002.0,1.0,15.0,100.0,0.0,0.025,,,,,,73.0,0.0,258.0,0.0,0.0,0.0,0.0,0.0,258.0,0.0,0.0,0.0,0.0,0.0,0.0,0.0,0.0,0.0,0.0,0.0,0.32,0.0,0.0,0.0,0.0,0.0,0.32,0.0,0.0,0.0,0.0,0.0,0.0,0.0,0.0,0.0,0.0,0.0,188.0,56.0,132.0,0.0,0.0,0.0,100,0,0,True,,,,,,,,,,,,,2022-01-01,estimee,,
561,6810C,Réseau de chaleur Biomasse de l'Aérodrome,Rixheim,Haut-Rhin,Grand Est,Mulhouse Alsace Agglomération,VALORIM,True,2009.0,12.0,246.0,83.8,0.047,0.073,122.71,53.0,47.0,102.83,121.55,73.0,0.0,13078.0,3378.0,0.0,0.0,0.0,0.0,9700.0,0.0,0.0,0.0,0.0,0.0,0.0,0.0,0.0,0.0,0.0,0.0,9.92,7.3,0.0,0.0,0.0,0.0,2.62,0.0,0.0,0.0,0.0,0.0,0.0,0.0,0.0,0.0,0.0,0.0,9552.0,8597.0,955.0,0.0,0.0,0.0,100,0,0,True,,,,,,,,,,,,,2029-01-01,estimee,,
562,6812C,Réseau de Bernwiller,Bernwiller,Haut-Rhin,Grand Est,Mairie Bernwiller,Mairie Bernwiller,False,2008.0,,22.0,100.0,0.0,0.004,93.64,63.0,37.0,86.2,99.97,100.0,0.0,412.0,0.0,0.0,0.0,0.0,0.0,0.0,0.0,0.0,0.0,0.0,0.0,0.0,412.0,0.0,0.0,0.0,0.0,0.4,0.0,0.0,0.0,0.0,0.0,0.0,0.0,0.0,0.0,0.0,0.0,0.0,0.4,0.0,0.0,0.0,0.0,411.0,164.0,0.0,0.0,0.0,247.0,100,0,0,True,,,,,,,,,,,,,2028-01-01,estimee,,
563,6813C,Réseau de chaleur de Feldbach,Feldbach,Haut-Rhin,Grand Est,Mairie de Feldbach,Mairie de Feldbach,False,2016.0,,12.0,32.8,0.213,0.259,126.14,82.0,18.0,142.54,148.4,112.0,0.0,100.0,0.0,66.0,34.0,0.0,0.0,0.0,0.0,0.0,0.0,0.0,0.0,0.0,0.0,0.0,0.0,0.0,0.0,0.4,0.0,0.14,0.26,0.0,0.0,0.0,0.0,0.0,0.0,0.0,0.0,0.0,0.0,0.0,0.0,0.0,0.0,112.0,90.0,22.0,0.0,0.0,0.0,100,0,0,True,,,,,,,,,,,,,2036-01-01,estimee,,
564,6814C,Réseau de chaleur de Kaysersberg,Kaysersberg Vignoble,Haut-Rhin,Grand Est,Commune de Kayserberg Vignoble,Commune de Kayserberg Vignoble,True,2016.0,,11.0,75.1,0.074,0.101,202.55,51.0,49.0,165.57,196.99,77.0,0.0,458.0,114.0,0.0,0.0,0.0,0.0,343.0,0.0,0.0,0.0,0.0,0.0,0.0,0.0,0.0,0.0,0.0,0.0,0.57,0.35,0.0,0.0,0.0,0.0,0.22,0.0,0.0,0.0,0.0,0.0,0.0,0.0,0.0,0.0,0.0,0.0,351.0,49.0,302.0,0.0,0.0,0.0,100,0,0,True,,,,,,,,,,,,,2036-01-01,estimee,,
565,6815C,Réseau d'Ammerzwiller,Bernwiller,Haut-Rhin,Grand Est,Mairie Bernwiller,Commune de Bernwiller,False,2016.0,,53.0,100.0,0.0,0.004,94.83,56.0,44.0,80.22,94.0,100.0,0.0,793.0,0.0,0.0,0.0,0.0,0.0,0.0,0.0,0.0,0.0,0.0,0.0,0.0,793.0,0.0,0.0,0.0,0.0,0.4,0.0,0.0,0.0,0.0,0.0,0.0,0.0,0.0,0.0,0.0,0.0,0.0,0.4,0.0,0.0,0.0,0.0,792.0,475.0,0.0,0.0,0.0,317.0,100,0,0,True,,,,,,,,,,,,,2036-01-01,estimee,,
566,6816C,Réseau de chaleur de Thann,Thann,Haut-Rhin,Grand Est,Communauté de Communes Thann Cernay,Communauté de Communes Thann Cernay,True,2005.0,1.0,6.0,92.0,0.02,0.04,,,,,,92.0,0.0,2935.0,236.0,0.0,0.0,0.0,0.0,2699.0,0.0,0.0,0.0,0.0,0.0,0.0,0.0,0.0,0.0,0.0,0.0,2.0,1.0,0.0,0.0,0.0,0.0,1.0,0.0,0.0,0.0,0.0,0.0,0.0,0.0,0.0,0.0,0.0,0.0,2699.0,0.0,2699.0,0.0,0.0,0.0,100,0,0,True,,,,,,,,,,,,,2025-01-01,estimee,,
567,6819C,Réseau Val d'Argent,Sainte-Marie-aux-Mines,Haut-Rhin,Grand Est,Ecolya,COFELY Services AGENCE ALSACE (ENGIE SOLUTIONS),False,,0.5,3.0,70.6,0.114,0.148,,,,,,62.0,0.0,1718.0,505.0,0.0,0.0,0.0,0.0,1213.0,0.0,0.0,0.0,0.0,0.0,0.0,0.0,0.0,0.0,0.0,0.0,2.4,0.4,0.0,0.0,0.0,0.0,2.0,0.0,0.0,0.0,0.0,0.0,0.0,0.0,0.0,0.0,0.0,0.0,1070.0,,,,,,100,0,0,True,,,,,,,,,,,,,,inconnue,,
568,6822C,Réseau de chaleur de la Hardt,"Illzach,Mulhouse,Riedisheim,Rixheim,Sausheim",Haut-Rhin,Grand Est,Mulhouse Alsace Agglomération,VALORIM,True,,,38.0,89.1,0.03,0.038,111.67,46.0,54.0,88.38,106.76,82.0,12.0,22312.0,2440.0,0.0,0.0,0.0,0.0,0.0,0.0,19872.0,0.0,0.0,0.0,0.0,0.0,0.0,0.0,0.0,0.0,35.8,27.8,0.0,0.0,0.0,0.0,0.0,0.0,8.0,0.0,0.0,0.0,0.0,0.0,0.0,0.0,0.0,0.0,18262.0,9131.0,9131.0,0.0,0.0,0.0,100,0,0,True,,,,,,,,,,,,,,inconnue,,
569,6901C,Vénissieux énergies,"Saint-Fons,Vénissieux",Rhône,Auvergne-Rhône-Alpes,Ville de Venissieux,Vénissieux énergies (DALKIA),True,1970.0,34.0,213.0,52.6,0.118,0.138,86.74,51.0,49.0,81.76,100.54,89.0,3.0,156436.0,70774.0,0.0,196.0,0.0,0.0,68386.0,0.0,0.0,0.0,0.0,0.0,0.0,0.0,0.0,17080.0,0.0,0.0,116.77,40.6,0.0,48.8,0.0,0.0,27.37,0.0,0.0,0.0,0.0,0.0,0.0,0.0,0.0,0.0,0.0,0.0,138591.0,105329.0,33262.0,0.0,0.0,0.0,100,0,0,True,Métropole de Lyon,,,,,matched_epci,,,,,,,1990-01-01,estimee,,
570,6904C,Quartier La Duchère et Lyon 9e,"Champagne-au-Mont-d'Or,Écully,Lyon",Rhône,Auvergne-Rhône-Alpes,Lyon Metropole,ECLYDE (DALKIA),True,1970.0,10.0,134.0,71.2,0.073,0.097,96.82,56.0,44.0,83.1,97.27,91.0,34.0,68573.0,19760.0,0.0,0.0,0.0,0.0,48813.0,0.0,0.0,0.0,0.0,0.0,0.0,0.0,0.0,0.0,0.0,0.0,86.0,52.0,0.0,13.0,0.0,0.0,21.0,0.0,0.0,0.0,0.0,0.0,0.0,0.0,0.0,0.0,0.0,0.0,62277.0,46708.0,15569.0,0.0,0.0,0.0,100,0,0,True,Métropole de Lyon,,,,,matched_epci,,,,,,,1990-01-01,estimee,,
571,6905C,Réseau de Lyon,"Bron,Lyon,Saint-Priest,Vaulx-en-Velin,Vénissieux,Villeurbanne",Rhône,Auvergne-Rhône-Alpes,Lyon Metropole,ELM (DALKIA),True,1970.0,131.0,963.0,62.6,0.094,0.112,123.93,49.0,51.0,101.12,121.4,85.0,2.0,704477.0,236275.0,0.0,761.0,0.0,0.0,136237.0,0.0,304565.0,0.0,0.0,0.0,0.0,0.0,0.0,26639.0,0.0,0.0,439.89,290.29,0.0,39.1,0.0,0.0,51.0,0.0,52.0,0.0,0.0,0.0,0.0,0.0,0.0,7.5,0.0,0.0,582269.0,269569.0,126997.0,0.0,0.0,185703.0,18,82,0,True,Métropole de Lyon,,,,,matched_epci,,,,,,,1990-01-01,estimee,,
572,6906C,Réseau de Vaulx en Velin,"Vaulx-en-Velin,Villeurbanne",Rhône,Auvergne-Rhône-Alpes,Métropole de Lyon,V3E (DALKIA),True,1970.0,20.0,153.0,70.7,0.072,0.095,99.4,44.0,56.0,81.2,99.91,85.0,5.0,95801.0,26427.0,0.0,830.0,0.0,0.0,65999.0,0.0,0.0,0.0,0.0,2128.0,0.0,0.0,0.0,0.0,417.0,0.0,71.6,45.0,0.0,1.0,0.0,0.0,21.0,0.0,0.0,0.0,0.0,4.6,0.0,0.0,0.0,0.0,0.0,0.0,81590.0,51402.0,29372.0,816.0,0.0,0.0,100,0,0,True,Métropole de Lyon,,,,,matched_epci,,,,,,,1990-01-01,estimee,,
573,6912C,Réseau de Givors,Givors,Rhône,Auvergne-Rhône-Alpes,Métropole de Lyon,EGMI (IDEX),True,1970.0,9.0,44.0,75.1,0.061,0.082,93.44,64.0,36.0,77.75,88.83,87.0,20.0,23832.0,8220.0,0.0,0.0,0.0,0.0,14877.0,0.0,0.0,0.0,0.0,736.0,0.0,0.0,0.0,0.0,0.0,0.0,19.37,14.4,0.0,0.0,0.0,0.0,4.2,0.0,0.0,0.0,0.0,0.77,0.0,0.0,0.0,0.0,0.0,0.0,20762.0,14118.0,6644.0,0.0,0.0,0.0,100,0,0,True,Métropole de Lyon,,,,,matched_epci,,,,,,,1990-01-01,estimee,,
574,6915C,ZH Champvert,Lyon,Rhône,Auvergne-Rhône-Alpes,ZH Champvert,DALKIA Centre Est,False,1970.0,2.0,10.0,0.0,0.207,0.233,60.02,84.0,16.0,58.97,63.3,100.0,-50.0,2810.0,852.0,0.0,0.0,0.0,0.0,0.0,0.0,0.0,0.0,0.0,0.0,0.0,0.0,0.0,1958.0,0.0,0.0,6.5,3.0,0.0,0.0,0.0,0.0,0.0,0.0,0.0,0.0,0.0,0.0,0.0,0.0,0.0,3.5,0.0,0.0,2809.0,2809.0,0.0,0.0,0.0,0.0,100,0,0,True,Métropole de Lyon,,,,,matched_epci,,,,,,,1990-01-01,estimee,,
575,6923C,Réseau de chaleur de La Tour-de-Salvagny,La Tour-de-Salvagny,Rhône,Auvergne-Rhône-Alpes,Métropole de Lyon,Métropole de Lyon,False,2009.0,1.0,4.0,75.7,0.071,0.098,,,,,,78.0,0.0,1168.0,284.0,0.0,0.0,0.0,0.0,884.0,0.0,0.0,0.0,0.0,0.0,0.0,0.0,0.0,0.0,0.0,0.0,0.93,0.3,0.0,0.0,0.0,0.0,0.63,0.0,0.0,0.0,0.0,0.0,0.0,0.0,0.0,0.0,0.0,0.0,909.0,909.0,0.0,0.0,0.0,0.0,100,0,0,True,Métropole de Lyon,,,,,matched_epci,,,,,,,2029-01-01,estimee,,
576,6928C,Réseau chauffage Centre Hospitalier Villefranche,"Arnas,Gleizé",Rhône,Auvergne-Rhône-Alpes,Centre Hospitalier Villefranche,ENGIE SOLUTIONS LYON,False,2017.0,1.5,1.0,80.2,0.053,0.076,,,,,,99.0,0.0,11014.0,2178.0,0.0,0.0,0.0,0.0,8836.0,0.0,0.0,0.0,0.0,0.0,0.0,0.0,0.0,0.0,0.0,0.0,3.8,2.0,0.0,0.0,0.0,0.0,1.8,0.0,0.0,0.0,0.0,0.0,0.0,0.0,0.0,0.0,0.0,0.0,10903.0,0.0,10903.0,0.0,0.0,0.0,100,0,0,True,,,,,,,,,,,,,2037-01-01,estimee,,
577,6930C,Plateau Nord,"Caluire-et-Cuire,Fontaines-sur-Saône,Lyon,Rillieux-la-Pape,Sathonay-Camp",Rhône,Auvergne-Rhône-Alpes,Métropole de Lyon,PLATEAU NORD ENERGIE (ENGIE SOLUTIONS),True,2020.0,27.0,254.0,89.8,0.027,0.037,,,,,,83.0,0.0,190712.0,29216.0,0.0,0.0,0.0,0.0,19078.0,0.0,140798.0,0.0,0.0,0.0,0.0,1620.0,0.0,0.0,0.0,0.0,122.5,85.5,0.0,0.0,0.0,0.0,9.0,0.0,28.0,0.0,0.0,0.0,0.0,0.0,0.0,0.0,0.0,0.0,158376.0,120366.0,36426.0,1584.0,0.0,0.0,100,0,0,True,Métropole de Lyon,,,,,matched_epci,,,,,,,2040-01-01,estimee,,
578,6931C,Réseau Sytraival,Villefranche-sur-Saône,Rhône,Auvergne-Rhône-Alpes,SYTRAIVAL,DALKIA Centre Est,True,2020.0,13.0,39.0,,,,25.14,52.0,48.0,24.76,30.6,85.0,42.0,36715.0,2814.0,0.0,0.0,0.0,0.0,4190.0,0.0,29711.0,0.0,0.0,0.0,0.0,0.0,0.0,0.0,0.0,0.0,17.0,10.0,0.0,0.0,0.0,0.0,2.0,0.0,5.0,0.0,0.0,0.0,0.0,0.0,0.0,0.0,0.0,0.0,31140.0,15570.0,15570.0,0.0,0.0,0.0,100,0,0,True,,,,,,,,,,,,,2040-01-01,estimee,,
579,6932C,Réseau chaleur bois de Thizy-les-Bourgs,Thizy-les-Bourgs,Rhône,Auvergne-Rhône-Alpes,Communauté d'agglomération de l'Ouest Rhodanien,Communauté d'agglomération de l'Ouest Rhodanien,True,2021.0,1.0,12.0,95.3,0.013,0.036,136.22,64.0,36.0,125.04,143.46,82.0,0.0,3970.0,188.0,0.0,0.0,0.0,0.0,3782.0,0.0,0.0,0.0,0.0,0.0,0.0,0.0,0.0,0.0,0.0,0.0,3.8,2.5,0.0,0.0,0.0,0.0,1.3,0.0,0.0,0.0,0.0,0.0,0.0,0.0,0.0,0.0,0.0,0.0,3241.0,0.0,3241.0,0.0,0.0,0.0,100,0,0,True,,,,,,,,,,,,,2041-01-01,estimee,,
580,6933C,Réseau de chaleur bois Cours-la-Ville,Cours,Rhône,Auvergne-Rhône-Alpes,Communauté d'agglomération de l'Ouest Rhodanien,Communauté d'agglomération de l'Ouest Rhodanien,True,2021.0,,3.0,84.1,0.04,0.062,179.02,49.0,51.0,125.04,143.46,98.0,6.0,1023.0,192.0,0.0,0.0,0.0,0.0,831.0,0.0,0.0,0.0,0.0,0.0,0.0,0.0,0.0,0.0,0.0,0.0,1.76,1.1,0.0,0.0,0.0,0.0,0.66,0.0,0.0,0.0,0.0,0.0,0.0,0.0,0.0,0.0,0.0,0.0,1001.0,0.0,1001.0,0.0,0.0,0.0,100,0,0,True,,,,,,,,,,,,,2041-01-01,estimee,,
581,6934C,Longes,Longes,Rhône,Auvergne-Rhône-Alpes,SYDER,SYDER,False,2011.0,,3.0,97.4,0.01,0.033,127.64,50.0,50.0,125.31,156.18,80.0,0.0,382.0,0.0,0.0,11.0,0.0,0.0,371.0,0.0,0.0,0.0,0.0,0.0,0.0,0.0,0.0,0.0,0.0,0.0,0.35,0.0,0.0,0.15,0.0,0.0,0.2,0.0,0.0,0.0,0.0,0.0,0.0,0.0,0.0,0.0,0.0,0.0,305.0,0.0,305.0,0.0,0.0,0.0,100,0,0,True,,,,,,,,,,,,,2031-01-01,estimee,,
582,6935C,Larajasse,Larajasse,Rhône,Auvergne-Rhône-Alpes,SYDER,SYDER,True,2015.0,,11.0,100.0,0.0,0.023,139.32,42.0,58.0,123.56,155.97,78.0,0.0,1056.0,0.0,0.0,0.0,0.0,0.0,1056.0,0.0,0.0,0.0,0.0,0.0,0.0,0.0,0.0,0.0,0.0,0.0,0.55,0.0,0.0,0.0,0.0,0.0,0.55,0.0,0.0,0.0,0.0,0.0,0.0,0.0,0.0,0.0,0.0,0.0,823.0,444.0,379.0,0.0,0.0,0.0,100,0,0,True,,,,,,,,,,,,,2035-01-01,estimee,,
583,6936C,Monsols,Deux-Grosnes,Rhône,Auvergne-Rhône-Alpes,SYDER,SYDER,False,2015.0,,3.0,88.0,0.045,0.076,172.22,38.0,62.0,135.67,170.48,67.0,0.0,1076.0,0.0,0.0,0.0,0.0,150.0,926.0,0.0,0.0,0.0,0.0,0.0,0.0,0.0,0.0,0.0,0.0,0.0,0.74,0.0,0.0,0.0,0.0,0.44,0.3,0.0,0.0,0.0,0.0,0.0,0.0,0.0,0.0,0.0,0.0,0.0,718.0,239.0,479.0,0.0,0.0,0.0,100,0,0,True,,,,,,,,,,,,,2035-01-01,estimee,,
584,6937C,Ronno,Ronno,Rhône,Auvergne-Rhône-Alpes,SYDER,SYDER,True,2020.0,,10.0,87.1,0.039,0.068,181.53,41.0,59.0,137.33,169.14,104.0,0.0,199.0,0.0,0.0,63.0,0.0,0.0,136.0,0.0,0.0,0.0,0.0,0.0,0.0,0.0,0.0,0.0,0.0,0.0,0.34,0.0,0.0,0.22,0.0,0.0,0.12,0.0,0.0,0.0,0.0,0.0,0.0,0.0,0.0,0.0,0.0,0.0,208.0,104.0,104.0,0.0,0.0,0.0,100,0,0,True,,,,,,,,,,,,,2040-01-01,estimee,,
585,6938C,Saint Martin en Haut,Saint-Martin-en-Haut,Rhône,Auvergne-Rhône-Alpes,SYDER,SYDER,True,2021.0,,16.0,81.4,0.051,0.075,138.82,42.0,58.0,123.41,155.78,83.0,0.0,2490.0,462.0,0.0,0.0,0.0,0.0,2028.0,0.0,0.0,0.0,0.0,0.0,0.0,0.0,0.0,0.0,0.0,0.0,1.6,0.8,0.0,0.0,0.0,0.0,0.8,0.0,0.0,0.0,0.0,0.0,0.0,0.0,0.0,0.0,0.0,0.0,2076.0,1038.0,1038.0,0.0,0.0,0.0,100,0,0,True,,,,,,,,,,,,,2041-01-01,estimee,,
586,6939C,Longessaigne,Longessaigne,Rhône,Auvergne-Rhône-Alpes,SYDER,SYDER,False,2017.0,,5.0,95.6,0.026,0.062,224.76,34.0,66.0,120.05,141.82,52.0,0.0,334.0,0.0,0.0,15.0,0.0,0.0,320.0,0.0,0.0,0.0,0.0,0.0,0.0,0.0,0.0,0.0,0.0,0.0,0.47,0.0,0.0,0.32,0.0,0.0,0.15,0.0,0.0,0.0,0.0,0.0,0.0,0.0,0.0,0.0,0.0,0.0,174.0,0.0,174.0,0.0,0.0,0.0,100,0,0,True,,,,,,,,,,,,,2037-01-01,estimee,,
587,6940C,Chénas,Chénas,Rhône,Auvergne-Rhône-Alpes,SYDER,SYDER,False,2019.0,,2.0,100.0,0.0,0.023,274.7,31.0,69.0,158.47,195.45,81.0,0.0,130.0,0.0,0.0,0.0,0.0,0.0,130.0,0.0,0.0,0.0,0.0,0.0,0.0,0.0,0.0,0.0,0.0,0.0,0.13,0.0,0.0,0.0,0.0,0.0,0.13,0.0,0.0,0.0,0.0,0.0,0.0,0.0,0.0,0.0,0.0,0.0,105.0,0.0,105.0,0.0,0.0,0.0,100,0,0,True,,,,,,,,,,,,,2039-01-01,estimee,,
588,6941C,Rontalon,Rontalon,Rhône,Auvergne-Rhône-Alpes,SYDER,SYDER,False,2019.0,,5.0,100.0,0.0,0.021,281.9,37.0,63.0,171.39,205.39,90.0,0.0,111.0,0.0,0.0,0.0,0.0,0.0,111.0,0.0,0.0,0.0,0.0,0.0,0.0,0.0,0.0,0.0,0.0,0.0,0.11,0.0,0.0,0.06,0.0,0.0,0.05,0.0,0.0,0.0,0.0,0.0,0.0,0.0,0.0,0.0,0.0,0.0,100.0,0.0,100.0,0.0,0.0,0.0,100,0,0,True,,,,,,,,,,,,,2039-01-01,estimee,,
589,6942C,Colombier Saugnieu,Colombier-Saugnieu,Rhône,Auvergne-Rhône-Alpes,SYDER,SYDER,False,2022.0,,4.0,82.0,0.057,0.086,110.18,35.0,65.0,73.67,91.22,95.0,0.0,513.0,0.0,0.0,92.0,0.0,0.0,421.0,0.0,0.0,0.0,0.0,0.0,0.0,0.0,0.0,0.0,0.0,0.0,0.66,0.0,0.0,0.46,0.0,0.0,0.2,0.0,0.0,0.0,0.0,0.0,0.0,0.0,0.0,0.0,0.0,0.0,489.0,0.0,489.0,0.0,0.0,0.0,,,,True,,,,,,,,,,,,,2042-01-01,estimee,,
590,6943C,Réseau de Montrottier,Montrottier,Rhône,Auvergne-Rhône-Alpes,SYDER,SYDER,False,,,16.0,92.2,0.038,0.075,311.64,20.0,80.0,253.41,348.48,53.0,0.0,1143.0,0.0,0.0,0.0,0.0,89.0,1054.0,0.0,0.0,0.0,0.0,0.0,0.0,0.0,0.0,0.0,0.0,0.0,2.0,0.0,0.0,0.0,0.0,0.6,0.8,0.0,0.0,0.0,0.0,0.0,0.6,0.0,0.0,0.0,0.0,0.0,604.0,302.0,302.0,0.0,0.0,0.0,,,,True,,,,,,,,,,,,,,inconnue,,
591,7002C,Réseau de Saulnot,Saulnot,Haute-Saône,Bourgogne-Franche-Comté,Mairie de Saulnot,MAIRIE DE SAULNOT,True,1970.0,,24.0,78.5,0.087,0.124,134.45,81.0,19.0,124.36,132.09,72.0,0.0,382.0,0.0,0.0,150.0,0.0,0.0,232.0,0.0,0.0,0.0,0.0,0.0,0.0,0.0,0.0,0.0,0.0,0.0,1.39,0.0,0.0,0.2,0.0,0.0,1.19,0.0,0.0,0.0,0.0,0.0,0.0,0.0,0.0,0.0,0.0,0.0,275.0,160.0,116.0,0.0,0.0,0.0,100,0,0,True,,,,,,,,,,,,,1990-01-01,estimee,,
592,7003C,Réseau de Breurey les Faverney,Breurey-lès-Faverney,Haute-Saône,Bourgogne-Franche-Comté,MAIRIE DE BREUREY,MAIRIE DE BREUREY,True,2000.0,,8.0,100.0,0.0,0.027,148.11,87.0,13.0,132.96,135.21,65.0,0.0,383.0,0.0,0.0,0.0,0.0,0.0,383.0,0.0,0.0,0.0,0.0,0.0,0.0,0.0,0.0,0.0,0.0,0.0,0.16,0.0,0.0,0.0,0.0,0.0,0.16,0.0,0.0,0.0,0.0,0.0,0.0,0.0,0.0,0.0,0.0,0.0,248.0,248.0,0.0,0.0,0.0,0.0,100,0,0,True,,,,,,,,,,,,,2020-01-01,estimee,,
593,7004C,Réseau de Dampierre sur Linotte,Dampierre-sur-Linotte,Haute-Saône,Bourgogne-Franche-Comté,Dampierre-sur-Linotte,Dampierre-sur-Linotte,True,2008.0,,,53.7,0.188,0.237,,,,,,58.0,,156.0,0.0,0.0,0.0,0.0,0.0,156.0,0.0,0.0,0.0,0.0,0.0,0.0,0.0,0.0,0.0,0.0,0.0,0.14,0.0,0.0,0.0,0.0,0.0,0.14,0.0,0.0,0.0,0.0,0.0,0.0,0.0,0.0,0.0,0.0,0.0,,,,,,,100,0,0,True,,,,,,,,,,,,,2028-01-01,estimee,,
594,7006C,Réseau de la chaufferie de Champey,Champey,Haute-Saône,Bourgogne-Franche-Comté,Commune de Champey,Commune de Champey,True,2010.0,1.0,35.0,100.0,0.0,0.02,71.82,57.0,43.0,76.64,94.61,92.0,0.0,1192.0,0.0,0.0,0.0,0.0,0.0,1192.0,0.0,0.0,0.0,0.0,0.0,0.0,0.0,0.0,0.0,0.0,0.0,0.57,0.0,0.0,0.0,0.0,0.0,0.57,0.0,0.0,0.0,0.0,0.0,0.0,0.0,0.0,0.0,0.0,0.0,1100.0,715.0,385.0,0.0,0.0,0.0,100,0,0,True,,,,,,,,,,,,,2030-01-01,estimee,,
595,7007C,Chaufferie de SCEY/SAONE,Scey-sur-Saône-et-Saint-Albin,Haute-Saône,Bourgogne-Franche-Comté,SIED 70,SIED 70,True,2016.0,,11.0,37.1,0.274,0.341,156.42,65.0,35.0,125.2,137.1,69.0,0.0,1412.0,0.0,0.0,1412.0,0.0,0.0,0.0,0.0,0.0,0.0,0.0,0.0,0.0,0.0,0.0,0.0,0.0,0.0,1.55,0.0,0.0,1.0,0.0,0.0,0.55,0.0,0.0,0.0,0.0,0.0,0.0,0.0,0.0,0.0,0.0,0.0,978.0,20.0,958.0,0.0,0.0,0.0,100,0,0,True,,,,,,,,,,,,,2036-01-01,estimee,,
596,7008C,Chaufferie de Marnay,Marnay,Haute-Saône,Bourgogne-Franche-Comté,SIED 70,SIED 70,True,2015.0,2.0,21.0,76.8,0.103,0.145,159.88,55.0,45.0,135.5,159.56,65.0,0.0,1743.0,0.0,0.0,430.0,0.0,0.0,1313.0,0.0,0.0,0.0,0.0,0.0,0.0,0.0,0.0,0.0,0.0,0.0,1.4,0.0,0.0,0.8,0.0,0.0,0.6,0.0,0.0,0.0,0.0,0.0,0.0,0.0,0.0,0.0,0.0,0.0,1135.0,420.0,715.0,0.0,0.0,0.0,100,0,0,True,,,,,,,,,,,,,2035-01-01,estimee,,
597,7009C,Chaufferie de GY,Gy,Haute-Saône,Bourgogne-Franche-Comté,SIED 70,SIED 70,True,2014.0,,5.0,98.3,0.013,0.036,159.96,40.0,60.0,121.65,150.1,84.0,140.0,657.0,0.0,0.0,34.0,0.0,0.0,623.0,0.0,0.0,0.0,0.0,0.0,0.0,0.0,0.0,0.0,0.0,0.0,0.67,0.0,0.0,0.25,0.0,0.0,0.42,0.0,0.0,0.0,0.0,0.0,0.0,0.0,0.0,0.0,0.0,0.0,554.0,155.0,399.0,0.0,0.0,0.0,100,0,0,True,,,,,,,,,,,,,2034-01-01,estimee,,
598,7011C,Réseau d'Héricourt - Quartier Maunoury,Héricourt,Haute-Saône,Bourgogne-Franche-Comté,Mairie de Hericourt,COFELY SERVICES hericourt (ENGIE SOLUTIONS),True,2004.0,5.0,46.0,86.0,0.048,0.078,,,,,,66.0,0.0,5282.0,865.0,0.0,0.0,0.0,0.0,4417.0,0.0,0.0,0.0,0.0,0.0,0.0,0.0,0.0,0.0,0.0,0.0,4.3,2.8,0.0,0.0,0.0,0.0,1.5,0.0,0.0,0.0,0.0,0.0,0.0,0.0,0.0,0.0,0.0,0.0,3460.0,2422.0,1038.0,0.0,0.0,0.0,100,0,0,True,Ville d'Héricourt,ENGIE COFELY,2019-09-27,72.0,2304567.0,matched_exact,,,,,,,2025-09-27,confirmee_boamp,ENGIE COFELY,BOAMP
599,7101C,Réseau de Chalon,Chalon-sur-Saône,Saône-et-Loire,Bourgogne-Franche-Comté,Ville De Chalon Sur Saone,CHALON'ENERGIE (ENGIE SOLUTIONS),True,1970.0,34.0,306.0,70.4,0.069,0.094,143.35,39.0,61.0,132.69,171.13,89.0,9.0,113586.0,33377.0,0.0,0.0,0.0,0.0,79955.0,0.0,0.0,0.0,0.0,254.0,0.0,0.0,0.0,0.0,0.0,0.0,102.5,77.0,0.0,0.0,0.0,0.0,25.0,0.0,0.0,0.0,0.0,0.5,0.0,0.0,0.0,0.0,0.0,0.0,101486.0,65966.0,32476.0,3045.0,0.0,0.0,36.2,63.8,0,True,,,,,,,,,,,,,1990-01-01,estimee,,
600,7102C,Réseau de Montceau les mines,"Blanzy,Montceau-les-Mines,Saint-Vallier",Saône-et-Loire,Bourgogne-Franche-Comté,Ville de Montceau-les-Mines,MONCIA (ENGIE SOLUTIONS),True,1970.0,20.5,118.0,61.6,0.082,0.117,139.1,38.0,62.0,110.12,141.82,81.0,0.0,41634.0,15970.0,0.0,0.0,0.0,0.0,25664.0,0.0,0.0,0.0,0.0,0.0,0.0,0.0,0.0,0.0,0.0,0.0,44.8,36.0,0.0,0.0,0.0,0.0,8.8,0.0,0.0,0.0,0.0,0.0,0.0,0.0,0.0,0.0,0.0,0.0,33545.0,12076.0,21469.0,0.0,0.0,0.0,100,0,,True,,,,,,,,,,,,,1990-01-01,estimee,,
601,7104C,Réseau d'Autun,Autun,Saône-et-Loire,Bourgogne-Franche-Comté,Ville d'Autun,SECUA (DALKIA),False,1970.0,14.0,59.0,49.7,0.112,0.152,127.75,50.0,50.0,132.44,167.0,78.0,0.0,37952.0,18937.0,0.0,0.0,0.0,0.0,18865.0,0.0,0.0,0.0,0.0,0.0,0.0,150.0,0.0,0.0,0.0,0.0,35.5,26.0,0.0,0.0,0.0,0.0,9.5,0.0,0.0,0.0,0.0,0.0,0.0,0.0,0.0,0.0,0.0,0.0,29772.0,19352.0,7443.0,0.0,2977.0,0.0,100,0,0,True,,,,,,,,,,,,,1990-01-01,estimee,,
602,7107C,Mâcon Energies Services,"Charnay-lès-Mâcon,Mâcon,Sancé",Saône-et-Loire,Bourgogne-Franche-Comté,Ville De Mâcon,MACON ENERGIES SERVICES (ENGIE SOLUTIONS),True,,42.0,322.0,61.9,0.079,0.119,129.88,47.0,53.0,116.3,145.71,79.0,0.0,122334.0,48872.0,0.0,807.0,0.0,0.0,72655.0,0.0,0.0,0.0,0.0,0.0,0.0,0.0,0.0,0.0,0.0,0.0,165.0,101.0,0.0,46.0,0.0,0.0,18.0,0.0,0.0,0.0,0.0,0.0,0.0,0.0,0.0,0.0,0.0,0.0,96919.0,53305.0,43614.0,0.0,0.0,0.0,100,0,0,True,Ville de Mâcon,,,,,matched_exact,,,,,,,,inconnue,,
603,7108C,Réseau de Matour,Matour,Saône-et-Loire,Bourgogne-Franche-Comté,Mairie de Matour,Mairie de Matour,True,2012.0,1.0,13.0,85.4,0.068,0.105,148.37,45.0,55.0,112.33,135.11,65.0,0.0,1435.0,0.0,0.0,209.0,0.0,0.0,1226.0,0.0,0.0,0.0,0.0,0.0,0.0,0.0,0.0,0.0,0.0,0.0,1.18,0.0,0.0,0.7,0.0,0.0,0.48,0.0,0.0,0.0,0.0,0.0,0.0,0.0,0.0,0.0,0.0,0.0,938.0,75.0,863.0,0.0,0.0,0.0,100,0,0,True,,,,,,,,,,,,,2032-01-01,estimee,,
604,7202C,Percée Centrale,Le Mans,Sarthe,Pays de la Loire,Union des syndicats Chaufferie Percée centrale,Dalkia,False,1973.0,2.0,37.0,4.1,0.261,0.297,,,,,,87.0,,12619.0,10538.0,0.0,344.0,0.0,0.0,0.0,0.0,0.0,0.0,0.0,0.0,0.0,0.0,0.0,1738.0,0.0,0.0,12.6,12.6,0.0,0.0,0.0,0.0,0.0,0.0,0.0,0.0,0.0,0.0,0.0,0.0,0.0,0.0,0.0,0.0,10983.0,9555.0,1428.0,0.0,0.0,0.0,100,0,0,True,Le Mans Métropole,,,,,matched_epci,,,,,,,1993-01-01,estimee,,
605,7203C,SYNER'GIE (ALLONNES- BDH),"Allonnes,Le Mans",Sarthe,Pays de la Loire,Le Mans Métropole,SYNER'GIE (DALKIA),True,1984.0,41.0,172.0,87.7,0.034,0.041,85.81,53.0,47.0,89.82,111.87,84.0,19.0,188281.0,25479.0,0.0,0.0,0.0,0.0,0.0,0.0,162802.0,0.0,0.0,0.0,0.0,0.0,0.0,0.0,0.0,0.0,93.0,76.0,0.0,0.0,0.0,0.0,0.0,0.0,17.0,0.0,0.0,0.0,0.0,0.0,0.0,0.0,0.0,0.0,149877.0,132523.0,9466.0,1578.0,0.0,6311.0,100,0,0,True,Le Mans Métropole,,,,,matched_epci,,,,,,,2004-01-01,estimee,,
606,7204C,Bellevue,"Coulaines,Le Mans",Sarthe,Pays de la Loire,Mancelle d'habitation,IDEX TERRITOIRES,False,1970.0,6.0,18.0,0.0,0.26,0.288,69.37,70.0,30.0,67.87,77.54,86.0,0.0,14679.0,14679.0,0.0,0.0,0.0,0.0,0.0,0.0,0.0,0.0,0.0,0.0,0.0,0.0,0.0,0.0,0.0,0.0,16.17,16.17,0.0,0.0,0.0,0.0,0.0,0.0,0.0,0.0,0.0,0.0,0.0,0.0,0.0,0.0,0.0,0.0,12547.0,0.0,12547.0,0.0,0.0,0.0,100,0,0,True,Le Mans Métropole,,,,,matched_epci,,,,,,,1990-01-01,estimee,,
607,7206C,Réseau de chaleur du Grand-Lucé,Le Grand-Lucé,Sarthe,Pays de la Loire,Lucea (publique),Lucea (publique),False,2020.0,,18.0,94.1,0.017,0.042,126.55,41.0,59.0,111.19,140.59,72.0,3.0,4792.0,284.0,0.0,0.0,0.0,0.0,4508.0,0.0,0.0,0.0,0.0,0.0,0.0,0.0,0.0,0.0,0.0,0.0,2.98,1.8,0.0,0.0,0.0,0.0,1.18,0.0,0.0,0.0,0.0,0.0,0.0,0.0,0.0,0.0,0.0,0.0,3468.0,2393.0,1075.0,0.0,0.0,0.0,100,0,0,True,,,,,,,,,,,,,2040-01-01,estimee,,
608,7301C,Réseau de Chaleur de la Cluse de Chambéry (R3C),"Bassens,Chambéry,Cognin,La Motte-Servolex",Savoie,Auvergne-Rhône-Alpes,Ville de Chambéry,R3C (DALKIA),True,1949.0,57.0,859.0,69.3,0.088,0.107,141.11,54.0,46.0,120.17,142.03,77.0,0.0,229859.0,65104.0,0.0,0.0,0.0,0.0,51544.0,0.0,107789.0,0.0,0.0,0.0,0.0,5422.0,0.0,0.0,0.0,0.0,204.0,159.0,0.0,0.0,0.0,0.0,23.0,0.0,22.0,0.0,0.0,0.0,0.0,0.0,0.0,0.0,0.0,0.0,177908.0,86285.0,64225.0,27398.0,0.0,0.0,7,91.2,1.8,True,BORDEAUX METROPOLE,,,,,matched_epci,,,,,,,1969-01-01,estimee,,
609,7306C,Réseau de Notre Dame des Millières,Notre-Dame-des-Millières,Savoie,Auvergne-Rhône-Alpes,,,True,,,,32.8,0.23,0.267,,,,,,0.0,,,,,,,,,,,,,,,,,,,,,,,,,,,,,,,,,,,,,,,,,,,,,,,True,,,,,,,,,,,,,,inconnue,,
610,7307C,Réseau de Saint Etienne de Cuines,Saint-Étienne-de-Cuines,Savoie,Auvergne-Rhône-Alpes,Commune de Saint étienne de Cuines,MAIRIE DE St ETIENNE DE CUISNES,True,1996.0,1.0,14.0,79.6,0.058,0.087,128.3,45.0,55.0,98.97,119.31,75.0,-10.0,1568.0,320.0,0.0,0.0,0.0,0.0,1248.0,0.0,0.0,0.0,0.0,0.0,0.0,0.0,0.0,0.0,0.0,0.0,1.4,0.8,0.0,0.0,0.0,0.0,0.6,0.0,0.0,0.0,0.0,0.0,0.0,0.0,0.0,0.0,0.0,0.0,1181.0,543.0,579.0,59.0,0.0,0.0,100,0,0,True,,,,,,,,,,,,,2016-01-01,estimee,,
611,7308C,Réseau de Beaufort,Beaufort,Savoie,Auvergne-Rhône-Alpes,Commune de Beaufort,Commune de Beaufort,True,1999.0,1.0,19.0,92.6,0.027,0.053,111.59,55.0,45.0,96.47,113.88,82.0,0.0,2799.0,0.0,0.0,248.0,0.0,0.0,2551.0,0.0,0.0,0.0,0.0,0.0,0.0,0.0,0.0,0.0,0.0,0.0,2.7,0.0,0.0,1.8,0.0,0.0,0.9,0.0,0.0,0.0,0.0,0.0,0.0,0.0,0.0,0.0,0.0,0.0,2285.0,800.0,1485.0,0.0,0.0,0.0,100,0,0,True,,,,,,,,,,,,,2019-01-01,estimee,,
612,7311C,Gilly-sur-Isère,Gilly-sur-Isère,Savoie,Auvergne-Rhône-Alpes,Mairie de Gilly-sur-Isère,Commune de Gilly sur Isère,True,2011.0,1.0,10.0,68.5,0.103,0.134,245.74,70.0,30.0,213.21,233.59,56.0,0.0,1579.0,639.0,0.0,0.0,0.0,0.0,940.0,0.0,0.0,0.0,0.0,0.0,0.0,0.0,0.0,0.0,0.0,0.0,0.9,0.5,0.0,0.0,0.0,0.0,0.4,0.0,0.0,0.0,0.0,0.0,0.0,0.0,0.0,0.0,0.0,0.0,885.0,628.0,257.0,0.0,0.0,0.0,100,0,0,True,,,,,,,,,,,,,2031-01-01,estimee,,
613,7312C,Yenne,Yenne,Savoie,Auvergne-Rhône-Alpes,Commune de Yenne,Commune de Yenne,True,2011.0,1.0,11.0,66.7,0.168,0.206,166.68,62.0,38.0,134.58,150.02,77.0,0.0,916.0,0.0,916.0,0.0,0.0,0.0,0.0,0.0,0.0,0.0,0.0,0.0,0.0,0.0,0.0,0.0,0.0,0.0,0.96,0.0,0.96,0.0,0.0,0.0,0.0,0.0,0.0,0.0,0.0,0.0,0.0,0.0,0.0,0.0,0.0,0.0,706.0,81.0,625.0,0.0,0.0,0.0,100,0,0,True,,,,,,,,,,,,,2031-01-01,estimee,,
614,7314C,La Bauche,La Bauche,Savoie,Auvergne-Rhône-Alpes,Mairie de La Bauche,Mairie de La Bauche,True,2009.0,,12.0,100.0,0.0,0.041,175.09,60.0,40.0,142.48,161.05,41.0,0.0,710.0,0.0,0.0,0.0,0.0,0.0,710.0,0.0,0.0,0.0,0.0,0.0,0.0,0.0,0.0,0.0,0.0,0.0,169.32,0.0,0.0,0.0,0.0,0.0,169.32,0.0,0.0,0.0,0.0,0.0,0.0,0.0,0.0,0.0,0.0,0.0,290.0,290.0,0.0,0.0,0.0,0.0,100,0,0,True,,,,,,,,,,,,,2029-01-01,estimee,,
615,7315C,AIX ENERGIES NOUVELLES,Aix-les-Bains,Savoie,Auvergne-Rhône-Alpes,Ville d'Aix les Bains,AIX ENERGIES NOUVELLES (IDEX),True,2016.0,7.0,48.0,82.5,0.053,0.077,120.38,52.0,48.0,103.21,123.01,85.0,0.0,18805.0,3299.0,0.0,0.0,0.0,0.0,15506.0,0.0,0.0,0.0,0.0,0.0,0.0,0.0,0.0,0.0,0.0,0.0,14.9,10.9,0.0,0.0,0.0,0.0,4.0,0.0,0.0,0.0,0.0,0.0,0.0,0.0,0.0,0.0,0.0,0.0,15964.0,11175.0,4789.0,0.0,0.0,0.0,100,0,0,True,,,,,,,,,,,,,2036-01-01,estimee,,
616,7318C,Réseau d'Ugine,Ugine,Savoie,Auvergne-Rhône-Alpes,ville d'Ugine,DALKIA Centre Est,True,2018.0,7.0,48.0,76.1,0.069,0.093,104.34,62.0,38.0,93.61,108.23,82.0,1.0,17424.0,5138.0,0.0,0.0,0.0,0.0,9261.0,0.0,0.0,0.0,0.0,0.0,0.0,0.0,3025.0,0.0,0.0,0.0,11.5,6.0,0.0,0.0,0.0,0.0,3.5,0.0,0.0,0.0,0.0,0.0,0.0,0.0,2.0,0.0,0.0,0.0,14225.0,7824.0,6401.0,0.0,0.0,0.0,100,0,0,True,,,,,,,,,,,,,2038-01-01,estimee,,
617,7319C,Réseau d'Albertville,Albertville,Savoie,Auvergne-Rhône-Alpes,Ville d'Albertville,DALKIA LYON,True,,12.0,56.0,95.6,0.012,0.036,118.79,47.0,53.0,100.12,122.27,82.0,7.0,30523.0,1779.0,0.0,0.0,0.0,0.0,28744.0,0.0,0.0,0.0,0.0,0.0,0.0,0.0,0.0,0.0,0.0,0.0,24.7,15.0,0.0,0.0,0.0,0.0,9.7,0.0,0.0,0.0,0.0,0.0,0.0,0.0,0.0,0.0,0.0,0.0,25063.0,12532.0,12532.0,0.0,0.0,0.0,100,0,0,True,,,,,,,,,,,,,,inconnue,,
618,7320C,Réseau de chaleur de Barby,"Barby,La Ravoire",Savoie,Auvergne-Rhône-Alpes,Commune De Barby,ENGIE SOLUTIONS DR Savoie Dauphiné,True,2020.0,3.0,54.0,94.3,0.014,0.035,117.58,43.0,57.0,108.36,138.71,92.0,8.0,10853.0,623.0,0.0,0.0,0.0,0.0,10230.0,0.0,0.0,0.0,0.0,0.0,0.0,0.0,0.0,0.0,0.0,0.0,8.34,5.5,0.0,0.0,0.0,0.0,2.84,0.0,0.0,0.0,0.0,0.0,0.0,0.0,0.0,0.0,0.0,0.0,9979.0,6486.0,0.0,3493.0,0.0,0.0,100,0,0,True,,,,,,,,,,,,,2040-01-01,estimee,,
619,7402C,"Réseau de chaleur de Seynod, Fier et Thiou",Annecy,Haute-Savoie,Auvergne-Rhône-Alpes,Ville de Seynod,DALKIA Centre Est,True,1970.0,10.0,73.0,90.4,0.025,0.031,55.87,62.0,38.0,46.7,52.86,88.0,0.0,49615.0,4740.0,0.0,21.0,0.0,0.0,0.0,0.0,44854.0,0.0,0.0,0.0,0.0,0.0,0.0,0.0,0.0,0.0,46.3,25.3,0.0,1.0,0.0,0.0,0.0,0.0,20.0,0.0,0.0,0.0,0.0,0.0,0.0,0.0,0.0,0.0,43605.0,35320.0,8285.0,0.0,0.0,0.0,100,0,0,True,,,,,,,,,,,,,1990-01-01,estimee,,
620,7403C,Bois Energies Annemasse,Annemasse,Haute-Savoie,Auvergne-Rhône-Alpes,Ville Annemasse,BOIS ENERGIES ANNEMASSE (ENGIE SOLUTIONS),True,2013.0,4.0,76.0,86.3,0.035,0.058,,,,,,87.0,0.0,18531.0,3037.0,0.0,0.0,0.0,0.0,15494.0,0.0,0.0,0.0,0.0,0.0,0.0,0.0,0.0,0.0,0.0,0.0,11.5,8.0,0.0,0.0,0.0,0.0,3.5,0.0,0.0,0.0,0.0,0.0,0.0,0.0,0.0,0.0,0.0,0.0,16145.0,0.0,0.0,0.0,0.0,16145.0,100,0,0,True,,,,,,,,,,,,,2033-01-01,estimee,,
621,7407C,Quartier de la Rénovation,Thonon-les-Bains,Haute-Savoie,Auvergne-Rhône-Alpes,Résidence rénovation,DALKIA Centre Est,False,1970.0,2.0,32.0,0.0,0.231,0.26,99.25,89.0,11.0,102.6,109.53,92.0,1.0,10323.0,10323.0,0.0,0.0,0.0,0.0,0.0,0.0,0.0,0.0,0.0,0.0,0.0,0.0,0.0,0.0,0.0,0.0,12.5,12.5,0.0,0.0,0.0,0.0,0.0,0.0,0.0,0.0,0.0,0.0,0.0,0.0,0.0,0.0,0.0,0.0,9484.0,8536.0,948.0,0.0,0.0,0.0,100,0,0,True,,,,,,,,,,,,,1990-01-01,estimee,,
622,7408C,Quartier Les Ewues,"Cluses,Marignier,Marnaz,Scionzier,Vougy",Haute-Savoie,Auvergne-Rhône-Alpes,Ville de Cluses,Cluses énergies (DALKIA),True,1970.0,4.0,80.0,88.0,0.035,0.043,101.98,41.0,59.0,96.85,124.38,80.0,1.0,34578.0,4161.0,0.0,0.0,0.0,0.0,0.0,0.0,30417.0,0.0,0.0,0.0,0.0,0.0,0.0,0.0,0.0,0.0,23.5,16.5,0.0,0.0,0.0,0.0,0.0,0.0,7.0,0.0,0.0,0.0,0.0,0.0,0.0,0.0,0.0,0.0,27778.0,20556.0,7222.0,0.0,0.0,0.0,100,0,0,True,,,,,,,,,,,,,1990-01-01,estimee,,
623,7410C,Quartier La Cudray,Faverges-Seythenex,Haute-Savoie,Auvergne-Rhône-Alpes,Ville de Faverges,DALKIA Centre Est,True,1970.0,5.0,30.0,91.4,0.023,0.049,93.31,46.0,54.0,85.0,106.19,86.0,0.0,17666.0,0.0,0.0,0.0,0.0,1914.0,15752.0,0.0,0.0,0.0,0.0,0.0,0.0,0.0,0.0,0.0,0.0,0.0,18.35,0.0,0.0,0.0,0.0,7.0,4.35,0.0,0.0,0.0,0.0,0.0,7.0,0.0,0.0,0.0,0.0,0.0,15201.0,11582.0,0.0,3619.0,0.0,0.0,100,0,0,True,,,,,,,,,,,,,1990-01-01,estimee,,
624,7411C,Quartier du Crozets,Scionzier,Haute-Savoie,Auvergne-Rhône-Alpes,Ville de Scionzier,DALKIA Centre Est,False,1970.0,1.0,18.0,87.5,0.041,0.054,155.31,80.0,20.0,144.31,154.76,89.0,0.0,4147.0,24.0,0.0,0.0,0.0,0.0,0.0,0.0,0.0,0.0,0.0,0.0,0.0,0.0,0.0,4123.0,0.0,0.0,7.5,7.5,0.0,0.0,0.0,0.0,0.0,0.0,0.0,0.0,0.0,0.0,0.0,0.0,0.0,0.0,0.0,0.0,3679.0,3679.0,0.0,0.0,0.0,0.0,100,0,0,True,,,,,,,,,,,,,1990-01-01,estimee,,
625,7412C,Réseau d'Avoriaz,Morzine,Haute-Savoie,Auvergne-Rhône-Alpes,Pierre et Vacances,DALKIA Paris la Defense,True,1970.0,2.0,13.0,59.7,0.097,0.068,167.74,86.0,14.0,185.43,205.85,78.0,0.0,6754.0,0.0,0.0,274.0,0.0,0.0,3808.0,0.0,0.0,0.0,0.0,0.0,0.0,0.0,0.0,0.0,2672.0,0.0,6.79,0.0,0.0,1.99,0.0,0.0,2.0,0.0,0.0,0.0,0.0,0.0,0.0,0.0,0.0,0.0,2.8,0.0,5292.0,0.0,5292.0,0.0,0.0,0.0,100,0,0,True,,,,,,,,,,,,,1990-01-01,estimee,,
626,7416C,Réseau de Viry,Viry,Haute-Savoie,Auvergne-Rhône-Alpes,CHALEUR DES ALPES,IDEX ENERGIES,True,2010.0,3.0,21.0,98.1,0.009,0.035,155.58,34.0,66.0,138.1,176.71,81.0,0.0,6076.0,0.0,0.0,183.0,0.0,0.0,5894.0,0.0,0.0,0.0,0.0,0.0,0.0,0.0,0.0,0.0,0.0,0.0,5.58,0.0,0.0,3.6,0.0,0.0,1.98,0.0,0.0,0.0,0.0,0.0,0.0,0.0,0.0,0.0,0.0,0.0,4930.0,3845.0,1085.0,0.0,0.0,0.0,100,0,0,True,,,,,,,,,,,,,2030-01-01,estimee,,
627,7419C,Réseau Serres Municipales du STOC,Thonon-les-Bains,Haute-Savoie,Auvergne-Rhône-Alpes,STOC,IDEX Environnement,True,2016.0,,1.0,100.0,0.0,0.004,,,,,,,43.0,0.0,0.0,0.0,0.0,0.0,0.0,0.0,0.0,0.0,0.0,0.0,0.0,0.0,0.0,0.0,0.0,0.0,0.0,0.0,0.0,0.0,0.0,0.0,0.0,0.0,0.0,0.0,0.0,0.0,0.0,0.0,0.0,0.0,0.0,0.0,0.0,0.0,,,,,,100,0,0,True,,,,,,,,,,,,,2036-01-01,estimee,,
628,7421C,Annecy Bio chaleur,Annecy,Haute-Savoie,Auvergne-Rhône-Alpes,Ville d'Annecy,Annecy BIO-CHALEUR (IDEX),True,1963.0,8.0,71.0,77.8,0.05,0.073,100.67,43.0,57.0,272.75,386.76,93.0,0.0,45463.0,11135.0,0.0,0.0,0.0,0.0,34328.0,0.0,0.0,0.0,0.0,0.0,0.0,0.0,0.0,0.0,0.0,0.0,41.25,29.25,0.0,0.0,0.0,0.0,12.0,0.0,0.0,0.0,0.0,0.0,0.0,0.0,0.0,0.0,0.0,0.0,42366.0,35164.0,4237.0,2966.0,0.0,0.0,100,0,0,True,,,,,,,,,,,,,1983-01-01,estimee,,
629,7422C,Thorens Glières,Fillière,Haute-Savoie,Auvergne-Rhône-Alpes,Commune de Fillière,IDEX TERRITOIRES,True,2017.0,2.0,26.0,80.7,0.067,0.106,157.83,32.0,68.0,135.5,173.76,81.0,0.0,4162.0,0.0,0.0,801.0,0.0,0.0,3361.0,0.0,0.0,0.0,0.0,0.0,0.0,0.0,0.0,0.0,0.0,0.0,3.15,0.0,0.0,1.65,0.0,0.0,1.5,0.0,0.0,0.0,0.0,0.0,0.0,0.0,0.0,0.0,0.0,0.0,3355.0,2348.0,1006.0,0.0,0.0,0.0,100,0,0,True,,,,,,,,,,,,,2037-01-01,estimee,,
630,7423C,Réseau de Reignier,Reignier-Ésery,Haute-Savoie,Auvergne-Rhône-Alpes,Ville de Reignier,DALKIA Centre Est,True,2018.0,2.0,29.0,82.2,0.048,0.072,108.31,64.0,36.0,103.98,121.15,80.0,0.0,7007.0,1763.0,0.0,0.0,0.0,0.0,5244.0,0.0,0.0,0.0,0.0,0.0,0.0,0.0,0.0,0.0,0.0,0.0,6.4,4.0,0.0,0.0,0.0,0.0,2.4,0.0,0.0,0.0,0.0,0.0,0.0,0.0,0.0,0.0,0.0,0.0,5594.0,3468.0,2126.0,0.0,0.0,0.0,100,0,0,True,,,,,,,,,,,,,2038-01-01,estimee,,
631,7424C,Cran Gevrier - Les Passerelles,Annecy,Haute-Savoie,Auvergne-Rhône-Alpes,DALKIA,DALKIA Centre Est,False,2018.0,2.0,12.0,55.5,0.117,0.146,104.32,67.0,33.0,98.88,113.3,107.0,0.0,2840.0,1219.0,0.0,0.0,0.0,0.0,284.0,0.0,0.0,0.0,0.0,0.0,0.0,1337.0,0.0,0.0,0.0,0.0,2.7,1.5,0.0,0.0,0.0,0.0,1.2,0.0,0.0,0.0,0.0,0.0,0.0,0.0,0.0,0.0,0.0,0.0,3029.0,3029.0,0.0,0.0,0.0,0.0,100,0,0,True,,,,,,,,,,,,,2038-01-01,estimee,,
632,7426C,Réseau bois énergie et citoyen de Lucinges,Lucinges,Haute-Savoie,Auvergne-Rhône-Alpes,commune de Lucinges,Forestener,True,2018.0,1.0,29.0,98.0,0.007,0.031,179.87,35.0,65.0,146.6,188.19,81.0,-9.0,1133.0,0.0,0.0,22.0,0.0,0.0,1111.0,0.0,0.0,0.0,0.0,0.0,0.0,0.0,0.0,0.0,0.0,0.0,0.98,0.0,0.0,0.5,0.0,0.0,0.48,0.0,0.0,0.0,0.0,0.0,0.0,0.0,0.0,0.0,0.0,0.0,915.0,778.0,137.0,0.0,0.0,0.0,100,0,0,True,,,,,,,,,,,,,2038-01-01,estimee,,
633,7428C,Réseau Saint-Jeoire en Faucigny,Saint-Jeoire,Haute-Savoie,Auvergne-Rhône-Alpes,SYAN CHALEUR,SYAN CHALEUR,False,2020.0,1.0,9.0,83.3,0.059,0.089,106.83,62.0,38.0,108.38,129.54,86.0,-2.0,2180.0,0.0,0.0,489.0,0.0,0.0,1692.0,0.0,0.0,0.0,0.0,0.0,0.0,0.0,0.0,0.0,0.0,0.0,1.44,0.0,0.0,0.94,0.0,0.0,0.5,0.0,0.0,0.0,0.0,0.0,0.0,0.0,0.0,0.0,0.0,0.0,1876.0,694.0,1182.0,0.0,0.0,0.0,100,0,0,True,,,,,,,,,,,,,2040-01-01,estimee,,
634,7429C,Réseau de chaleur d’Ambilly Ville-la-Grand,Ambilly,Haute-Savoie,Auvergne-Rhône-Alpes,SYAN CHALEUR,SYAN CHALEUR,False,2023.0,,24.0,74.8,0.06,0.084,108.67,53.0,47.0,112.31,139.57,78.0,10.0,6057.0,1529.0,0.0,0.0,0.0,0.0,4528.0,0.0,0.0,0.0,0.0,0.0,0.0,0.0,0.0,0.0,0.0,0.0,7.45,5.2,0.0,0.0,0.0,0.0,2.25,0.0,0.0,0.0,0.0,0.0,0.0,0.0,0.0,0.0,0.0,0.0,4742.0,3002.0,1740.0,0.0,0.0,0.0,,,,True,,,,,,,,,,,,,2043-01-01,estimee,,
635,7434C,Réseau de chaleur bois et citoyen de Habere Poche,Habère-Poche,Haute-Savoie,Auvergne-Rhône-Alpes,Forestener,Forestener,False,2023.0,,10.0,100.0,0.0,0.024,186.48,34.0,66.0,166.17,217.32,77.0,10.0,537.0,0.0,0.0,0.0,0.0,0.0,537.0,0.0,0.0,0.0,0.0,0.0,0.0,0.0,0.0,0.0,0.0,0.0,0.3,0.0,0.0,0.0,0.0,0.0,0.3,0.0,0.0,0.0,0.0,0.0,0.0,0.0,0.0,0.0,0.0,0.0,413.0,33.0,380.0,0.0,0.0,0.0,,,,True,,,,,,,,,,,,,2043-01-01,estimee,,
636,7475C,Réseau d'Annemasse Le Livron,Annemasse,Haute-Savoie,Auvergne-Rhône-Alpes,Ville d'Annemasse,DALKIA Centre Est,False,,2.0,16.0,0.0,0.2,0.233,83.61,89.0,11.0,98.82,110.99,100.0,3.0,6380.0,6380.0,0.0,0.0,0.0,0.0,0.0,0.0,0.0,0.0,0.0,0.0,0.0,0.0,0.0,0.0,0.0,0.0,5.9,5.9,0.0,0.0,0.0,0.0,0.0,0.0,0.0,0.0,0.0,0.0,0.0,0.0,0.0,0.0,0.0,0.0,6387.0,6387.0,0.0,0.0,0.0,0.0,100,0,0,True,,,,,,,,,,,,,,inconnue,,
637,7476C,Réseau d'Annemasse Perrier,Annemasse,Haute-Savoie,Auvergne-Rhône-Alpes,VILLE ANNEMASSE,DALKIA Centre Est,False,,2.0,22.0,0.0,0.186,0.233,108.39,87.0,13.0,140.35,163.53,79.0,0.0,13439.0,13439.0,0.0,0.0,0.0,0.0,0.0,0.0,0.0,0.0,0.0,0.0,0.0,0.0,0.0,0.0,0.0,0.0,5.0,5.0,0.0,0.0,0.0,0.0,0.0,0.0,0.0,0.0,0.0,0.0,0.0,0.0,0.0,0.0,0.0,0.0,10626.0,10626.0,0.0,0.0,0.0,0.0,100,0,0,True,,,,,,,,,,,,,,inconnue,,
638,7477C,Annecy - ZAC des Trésums,Annecy,Haute-Savoie,Auvergne-Rhône-Alpes,IDEX TERRITOIRES,ALIEnergie (IDEX),True,,,5.0,72.5,0.072,0.039,187.46,48.0,52.0,141.62,172.28,70.0,0.0,4588.0,66.0,0.0,0.0,0.0,0.0,0.0,0.0,0.0,0.0,0.0,4522.0,0.0,0.0,0.0,0.0,0.0,0.0,6.16,3.02,0.0,0.0,0.0,0.0,0.0,0.0,0.0,0.0,0.0,3.14,0.0,0.0,0.0,0.0,0.0,0.0,3191.0,3191.0,0.0,0.0,0.0,0.0,,,,True,,,,,,,,,,,,,,inconnue,,
639,7501C,Paris et communes limitrophes,"Asnières-sur-Seine,Boulogne-Billancourt,Charenton-le-Pont,Clichy,Gennevilliers,Gentilly,Issy-les-Moulineaux,Ivry-sur-Seine,L'Île-Saint-Denis,Le Kremlin-Bicêtre,Paris,Saint-Ouen-sur-Seine,Vitry-sur-Seine","Hauts-de-Seine, Paris, Seine-Saint-Denis, Val-de-Marne",Île-de-France,Ville de Paris,CPCU (ENGIE SOLUTIONS),True,1927.0,515.0,6042.0,50.3,0.149,0.171,118.68,76.0,24.0,108.91,118.37,71.0,9.0,6031398.0,2840300.0,122136.0,0.0,0.0,0.0,385178.0,0.0,2631559.0,0.0,0.0,22231.0,0.0,29994.0,0.0,0.0,0.0,0.0,3675.1,2344.1,119.0,0.0,0.0,0.0,376.6,0.0,397.0,0.0,0.0,13.4,0.0,425.0,0.0,0.0,0.0,0.0,3783313.0,2135470.0,1639436.0,8407.0,0.0,0.0,7.55306958767892,0,92.4469304123211,True,,,,,,,,,,,,,1947-01-01,estimee,,
640,7601C,Réseau Petite Bouverie,"Bihorel,Bois-Guillaume,Darnétal,Rouen",Seine-Maritime,Normandie,Métropole Normandie Rouen,Chaleur Métropole Rouen Normandie Reseau Petite Bouverie (DALKIA),True,1967.0,29.0,298.0,60.0,0.087,0.117,97.34,48.0,52.0,102.77,130.02,88.0,5.0,155006.0,56231.0,0.0,0.0,0.0,0.0,91664.0,0.0,0.0,0.0,0.0,1832.0,0.0,0.0,0.0,5279.0,0.0,0.0,100.41,63.22,0.0,0.0,0.0,0.0,28.65,0.0,0.0,0.0,0.0,3.65,0.0,0.0,0.0,4.89,0.0,0.0,135998.0,92478.0,43519.0,0.0,0.0,0.0,100,0,0,True,,,,,,,,,,,,,1987-01-01,estimee,,
641,7602C,ZAC du Mont Gaillard,Le Havre,Seine-Maritime,Normandie,Le Havre Seine Métropole,SDCMG (ENGIE SOLUTIONS),True,1970.0,20.0,124.0,40.9,0.133,0.172,95.48,39.0,61.0,79.5,102.24,86.0,0.0,83602.0,33118.0,0.0,0.0,0.0,0.0,34198.0,0.0,0.0,0.0,0.0,0.0,0.0,9547.0,0.0,6739.0,0.0,0.0,105.0,90.0,0.0,0.0,0.0,0.0,12.0,0.0,0.0,0.0,0.0,0.0,0.0,0.0,0.0,3.0,0.0,0.0,72110.0,57688.0,14422.0,0.0,0.0,0.0,100,0,0,True,,,,,,,,,,,,,1990-01-01,estimee,,
642,7603C,ResOcéane,"Gonfreville-l'Orcher,Harfleur,Le Havre,Montivilliers",Seine-Maritime,Normandie,Le Havre Seine Métropole,Resocéane (DALKIA),False,1970.0,19.0,189.0,14.0,0.212,0.234,89.61,59.0,41.0,96.78,115.23,92.0,62.0,109711.0,94343.0,0.0,0.0,0.0,0.0,0.0,0.0,0.0,0.0,0.0,0.0,0.0,0.0,15368.0,0.0,0.0,0.0,103.33,53.33,0.0,0.0,0.0,0.0,0.0,0.0,0.0,0.0,0.0,0.0,0.0,0.0,50.0,0.0,0.0,0.0,85194.0,64146.0,21048.0,0.0,0.0,0.0,0,100,0,True,,,,,,,,,,,,,1990-01-01,estimee,,
643,7605C,Réseau de Mont-Saint-Aignan,Mont-Saint-Aignan,Seine-Maritime,Normandie,Métropole Normandie Rouen,Mont-Saint-Aignan Energie Verte (CORIANCE),True,1959.0,14.0,88.0,74.8,0.066,0.088,,,,,,86.0,0.0,71927.0,19926.0,0.0,0.0,0.0,0.0,52001.0,0.0,0.0,0.0,0.0,0.0,0.0,0.0,0.0,0.0,0.0,0.0,41.61,25.61,0.0,0.0,0.0,0.0,16.0,0.0,0.0,0.0,0.0,0.0,0.0,0.0,0.0,0.0,0.0,0.0,61930.0,22889.0,35517.0,0.0,0.0,3524.0,100,0,0,True,,,,,,,,,,,,,1979-01-01,estimee,,
644,7606C,CANTELEU ENERGIE,Canteleu,Seine-Maritime,Normandie,Ville de Canteleu,CANTELEU ENERGIE (DALKIA),True,1970.0,15.0,106.0,86.8,0.034,0.057,89.4,54.0,46.0,80.81,96.82,89.0,0.0,51469.0,6787.0,0.0,0.0,0.0,0.0,44677.0,0.0,0.0,0.0,0.0,0.0,0.0,0.0,0.0,5.0,0.0,0.0,28.77,11.11,0.0,0.0,0.0,0.0,14.0,0.0,0.0,0.0,0.0,0.0,0.0,0.0,0.0,3.66,0.0,0.0,45974.0,32182.0,13792.0,0.0,0.0,0.0,100,0,0,True,,,,,,,,,,,,,1990-01-01,estimee,,
645,7607C,ZAC Nobel Bozel,"Le Petit-Quevilly,Rouen",Seine-Maritime,Normandie,Métropole Normandie Rouen,Métropole Rouen Normandie,True,1970.0,9.0,79.0,70.3,0.065,0.086,101.32,40.0,60.0,88.96,113.04,87.0,100.0,45258.0,13424.0,0.0,0.0,0.0,0.0,0.0,0.0,0.0,0.0,0.0,0.0,0.0,0.0,0.0,31834.0,0.0,0.0,23.4,23.4,0.0,0.0,0.0,0.0,0.0,0.0,0.0,0.0,0.0,0.0,0.0,0.0,0.0,0.0,0.0,0.0,39483.0,29478.0,10005.0,0.0,0.0,0.0,100,0,0,True,,,,,,,,,,,,,1990-01-01,estimee,,
646,7608C,Château Blanc,"Saint-Étienne-du-Rouvray,Sotteville-lès-Rouen",Seine-Maritime,Normandie,MADRILLET ENERGIE,MADRILLET ENERGIE (IDEX),False,1970.0,6.0,51.0,95.6,0.011,0.034,100.06,44.0,56.0,123.95,163.94,79.0,0.0,37440.0,2076.0,0.0,0.0,0.0,0.0,33116.0,0.0,0.0,0.0,0.0,2248.0,0.0,0.0,0.0,0.0,0.0,0.0,23.6,8.1,0.0,0.0,0.0,0.0,11.0,0.0,0.0,0.0,0.0,4.5,0.0,0.0,0.0,0.0,0.0,0.0,29626.0,0.0,0.0,0.0,0.0,29626.0,100,0,0,True,,,,,,,,,,,,,1990-01-01,estimee,,
647,7609C,SODINEUF,Dieppe,Seine-Maritime,Normandie,DALKIA SAINT-ANDRE-LEZ-LILLE,DALKIA Paris la Defense,False,1970.0,4.0,34.0,0.0,0.223,0.25,122.39,84.0,16.0,120.39,124.72,99.0,-12.0,11278.0,7538.0,0.0,0.0,0.0,0.0,0.0,0.0,0.0,0.0,0.0,0.0,0.0,0.0,0.0,3740.0,0.0,0.0,18.67,16.38,0.0,0.0,0.0,0.0,0.0,0.0,0.0,0.0,0.0,0.0,0.0,0.0,0.0,2.29,0.0,0.0,11160.0,10044.0,1116.0,0.0,0.0,0.0,100,0,0,True,,,,,,,,,,,,,1990-01-01,estimee,,
648,7610C,SECGO,Gonfreville-l'Orcher,Seine-Maritime,Normandie,Le Havre Seine Métropole,SECGO,True,2008.0,6.0,42.0,94.2,0.019,0.043,109.62,50.0,50.0,102.22,125.66,80.0,0.0,16317.0,859.0,0.0,336.0,0.0,0.0,15121.0,0.0,0.0,0.0,0.0,0.0,0.0,0.0,0.0,0.0,0.0,0.0,10.0,1.5,0.0,4.5,0.0,0.0,4.0,0.0,0.0,0.0,0.0,0.0,0.0,0.0,0.0,0.0,0.0,0.0,12996.0,6368.0,6628.0,0.0,0.0,0.0,100,0,0,True,,,,,,,,,,,,,2028-01-01,estimee,,
649,7612C,Reseau rouen martainville,Rouen,Seine-Maritime,Normandie,Métropole Normandie Rouen,Métropole Rouen Normandie,True,1970.0,2.0,10.0,60.0,0.094,0.13,90.96,45.0,55.0,89.36,113.62,93.0,0.0,13698.0,0.0,0.0,0.0,0.0,0.0,0.0,0.0,0.0,0.0,0.0,0.0,0.0,0.0,0.0,13698.0,0.0,0.0,0.0,0.0,0.0,0.0,0.0,0.0,0.0,0.0,0.0,0.0,0.0,0.0,0.0,0.0,0.0,0.0,0.0,0.0,12735.0,8125.0,4610.0,0.0,0.0,0.0,100,0,0,True,,,,,,,,,,,,,1990-01-01,estimee,,
650,7613C,La Côte Brulée,Le Havre,Seine-Maritime,Normandie,DALKIA SAINT-ANDRE-LEZ-LILLE,DALKIA,False,1970.0,4.0,7.0,13.5,0.236,0.265,118.89,61.0,39.0,125.12,152.55,90.0,0.0,15984.0,578.0,0.0,0.0,0.0,0.0,0.0,0.0,0.0,0.0,0.0,0.0,0.0,0.0,0.0,15406.0,0.0,0.0,13.37,12.2,0.0,0.0,0.0,0.0,0.0,0.0,0.0,0.0,0.0,0.0,0.0,0.0,0.0,1.17,0.0,0.0,14360.0,13355.0,1005.0,0.0,0.0,0.0,100,0,0,True,,,,,,,,,,,,,1990-01-01,estimee,,
651,7614C,Chaufferie bois Grammont,"Rouen,Sotteville-lès-Rouen",Seine-Maritime,Normandie,Métropole Normandie Rouen,ROUEN GRAMMONT ENERGIE (DALKIA),True,2008.0,3.0,27.0,93.7,0.015,0.036,99.14,46.0,54.0,79.9,100.84,96.0,2.0,13619.0,1110.0,0.0,0.0,0.0,0.0,12508.0,0.0,0.0,0.0,0.0,0.0,0.0,0.0,0.0,0.0,0.0,0.0,18.31,13.51,0.0,0.0,0.0,0.0,4.8,0.0,0.0,0.0,0.0,0.0,0.0,0.0,0.0,0.0,0.0,0.0,13047.0,9655.0,3392.0,0.0,0.0,0.0,100,0,0,True,,,,,,,,,,,,,2028-01-01,estimee,,
652,7615C,Réseau de Maromme,"Déville-lès-Rouen,Maromme",Seine-Maritime,Normandie,Ville De Maromme,MBES (ENGIE SOLUTIONS),True,2013.0,24.4,352.0,90.5,0.027,0.05,104.9,37.0,63.0,90.87,116.55,84.0,0.0,43812.0,5913.0,0.0,0.0,0.0,0.0,37899.0,0.0,0.0,0.0,0.0,0.0,0.0,0.0,0.0,0.0,0.0,0.0,26.9,17.2,0.0,0.0,0.0,0.0,9.7,0.0,0.0,0.0,0.0,0.0,0.0,0.0,0.0,0.0,0.0,0.0,36889.0,28036.0,8853.0,0.0,0.0,0.0,100,0,0,True,,,,,,,,,,,,,2033-01-01,estimee,,
653,7616C,SRGB,Port-Jérôme-sur-Seine,Seine-Maritime,Normandie,Ville de Notre Dame de Gravenchon,SRBG,True,2013.0,7.0,42.0,89.8,0.034,0.062,110.28,47.0,53.0,101.97,127.11,75.0,0.0,18450.0,1054.0,0.0,850.0,0.0,0.0,16546.0,0.0,0.0,0.0,0.0,0.0,0.0,0.0,0.0,0.0,0.0,0.0,12.0,2.0,0.0,6.0,0.0,0.0,4.0,0.0,0.0,0.0,0.0,0.0,0.0,0.0,0.0,0.0,0.0,0.0,13837.0,6642.0,7195.0,0.0,0.0,0.0,100,0,0,True,,,,,,,,,,,,,2033-01-01,estimee,,
654,7618C,Réseau de Semedi-Sedibex,"Oudalle,Rogerville,Sandouville",Seine-Maritime,Normandie,SEMEDI,SEDIBEX,False,1977.0,7.0,8.0,100.0,0.0,0.004,,,,,,100.0,0.0,147700.0,0.0,0.0,0.0,0.0,0.0,0.0,0.0,0.0,0.0,0.0,0.0,0.0,0.0,147700.0,0.0,0.0,0.0,100.0,0.0,0.0,0.0,0.0,0.0,0.0,0.0,0.0,0.0,0.0,0.0,0.0,100.0,0.0,0.0,0.0,0.0,147700.0,0.0,0.0,147700.0,0.0,0.0,0,0,100,True,,,,,,,,,,,,,1997-01-01,estimee,,
655,7619C,BET ZAC Luciline chaud,Rouen,Seine-Maritime,Normandie,Métropole Normandie Rouen,ENGIE COFELY Agence Normandie (ENGIE SOLUTIONS),True,2017.0,1.4,13.0,51.6,0.111,0.102,148.16,54.0,46.0,138.05,168.5,91.0,0.0,3871.0,1536.0,0.0,0.0,0.0,0.0,0.0,0.0,0.0,0.0,0.0,2335.0,0.0,0.0,0.0,0.0,0.0,0.0,6.08,5.24,0.0,0.0,0.0,0.0,0.0,0.0,0.0,0.0,0.0,0.84,0.0,0.0,0.0,0.0,0.0,0.0,3539.0,2831.0,708.0,0.0,0.0,0.0,100,0,0,True,,,,,,,,,,,,,2037-01-01,estimee,,
656,7620C,VESUVE,"Le Grand-Quevilly,Le Petit-Quevilly",Seine-Maritime,Normandie,Métropole Normandie Rouen,Métropole Rouen Normandie,False,2013.0,12.0,20.0,100.0,0.0,0.004,55.05,58.0,42.0,57.99,71.43,92.0,2.0,81317.0,0.0,0.0,0.0,0.0,0.0,0.0,81317.0,0.0,0.0,0.0,0.0,0.0,0.0,0.0,0.0,0.0,0.0,38.0,0.0,0.0,0.0,0.0,0.0,0.0,38.0,0.0,0.0,0.0,0.0,0.0,0.0,0.0,0.0,0.0,0.0,42959.0,36759.0,5751.0,449.0,0.0,0.0,100,0,0,True,,,,,,,,,,,,,2033-01-01,estimee,,
657,7621C,Réseau vapeur SEVEDE,"Lillebonne,Saint-Jean-de-Folleville",Seine-Maritime,Normandie,SEVEDE,OREADE SAS (SUEZ),True,2015.0,,1.0,100.0,0.0,0.004,,,,,,95.0,0.0,333334.0,0.0,0.0,0.0,0.0,0.0,0.0,333334.0,0.0,0.0,0.0,0.0,0.0,0.0,0.0,0.0,0.0,0.0,69.4,0.0,0.0,0.0,0.0,0.0,0.0,69.4,0.0,0.0,0.0,0.0,0.0,0.0,0.0,0.0,0.0,0.0,317537.0,0.0,0.0,317537.0,0.0,0.0,0,0,100,True,,,,,,,,,,,,,2035-01-01,estimee,,
658,7701C,Réseaux de Meaux,"Chauconin-Neufmontiers,Meaux",Seine-et-Marne,Île-de-France,SMGM,Énergie Verte de Meaux (CORIANCE),True,1970.0,33.0,178.0,68.5,0.081,0.098,,,,,,88.0,0.0,150171.0,44467.0,0.0,314.0,0.0,0.0,0.0,0.0,0.0,0.0,96199.0,9191.0,0.0,0.0,0.0,0.0,0.0,0.0,163.44,94.6,0.0,43.3,0.0,0.0,0.0,0.0,0.0,0.0,21.8,3.74,0.0,0.0,0.0,0.0,0.0,0.0,132821.0,92935.0,25369.0,0.0,0.0,14517.0,55,45,0,True,,,,,,,,,,,,,1990-01-01,estimee,,
659,7703C,Almont - Montaigu,"Melun,Vaux-le-Pénil",Seine-et-Marne,Île-de-France,Ville de Melun,DALKIA Paris la Defense,True,1968.0,25.0,90.0,78.1,0.05,0.064,68.44,49.0,51.0,83.28,103.69,92.0,1.0,101874.0,9250.0,0.0,0.0,0.0,0.0,0.0,0.0,42078.0,0.0,35799.0,0.0,0.0,0.0,0.0,14747.0,0.0,0.0,49.3,24.0,0.0,0.0,0.0,0.0,0.0,0.0,12.5,0.0,9.0,0.0,0.0,0.0,0.0,3.8,0.0,0.0,94226.0,65857.0,28369.0,0.0,0.0,0.0,100,0,0,True,,,,,,,,,,,,,1988-01-01,estimee,,
660,7704C,Réseau CDC HABITAT anciennement OSICA,Ozoir-la-Ferrière,Seine-et-Marne,Île-de-France,ENGIE SOLUTIONS,ENGIE SOLUTIONS Ile de France,False,,1.8,25.0,29.7,0.134,0.156,96.45,77.0,23.0,120.47,144.79,100.0,0.0,6355.0,4467.0,0.0,0.0,0.0,0.0,1888.0,0.0,0.0,0.0,0.0,0.0,0.0,0.0,0.0,0.0,0.0,0.0,3.5,2.25,0.0,0.0,0.0,0.0,1.25,0.0,0.0,0.0,0.0,0.0,0.0,0.0,0.0,0.0,0.0,0.0,6355.0,6355.0,0.0,0.0,0.0,0.0,100,0,0,True,,,,,,,,,,,,,,inconnue,,
661,7705C,Zup du Mont Saint Martin,Nemours,Seine-et-Marne,Île-de-France,Ville de Nemours,NEO-NEMOURS ENERGIE ORGANISATION (Dalkia),True,1971.0,5.0,32.0,62.1,0.103,0.13,119.63,59.0,41.0,116.82,139.32,84.0,50.0,20826.0,9311.0,0.0,0.0,0.0,0.0,11515.0,0.0,0.0,0.0,0.0,0.0,0.0,0.0,0.0,0.0,0.0,0.0,17.3,14.0,0.0,0.0,0.0,0.0,3.3,0.0,0.0,0.0,0.0,0.0,0.0,0.0,0.0,0.0,0.0,0.0,17408.0,8704.0,8704.0,0.0,0.0,0.0,100,0,0,True,,,,,,,,,,,,,1991-01-01,estimee,,
662,7706C,Réseau de Dammarie les Lys,Dammarie-les-Lys,Seine-et-Marne,Île-de-France,GEODALYS,GEODALYS (ENGIE SOLUTIONS),False,1970.0,7.0,39.0,93.9,0.011,0.027,117.47,14.0,86.0,117.88,168.69,90.0,0.0,36433.0,2207.0,0.0,0.0,0.0,0.0,0.0,0.0,0.0,0.0,34226.0,0.0,0.0,0.0,0.0,0.0,0.0,0.0,254.0,244.0,0.0,0.0,0.0,0.0,0.0,0.0,0.0,0.0,10.0,0.0,0.0,0.0,0.0,0.0,0.0,0.0,32661.0,25933.0,6728.0,0.0,0.0,0.0,100,0,0,True,Ville de Dammarie-Lès-Lys,,,,,matched_exact,,,,,,,1990-01-01,estimee,,
663,7707C,Centrale de la Butte Monceau,Avon,Seine-et-Marne,Île-de-France,ASSOCIATION FONCIERE URBAINE DE LA BUTTE MONTCEAU,DALKIA,False,1960.0,6.0,23.0,0.0,0.228,0.256,153.17,79.0,21.0,168.72,190.94,90.0,24.0,16177.0,16177.0,0.0,0.0,0.0,0.0,0.0,0.0,0.0,0.0,0.0,0.0,0.0,0.0,0.0,0.0,0.0,0.0,10.05,10.05,0.0,0.0,0.0,0.0,0.0,0.0,0.0,0.0,0.0,0.0,0.0,0.0,0.0,0.0,0.0,0.0,14609.0,13586.0,1023.0,0.0,0.0,0.0,100,0,0,True,,,,,,,,,,,,,1980-01-01,estimee,,
664,7708C,Réseau du Mee sur Seine,Le Mée-sur-Seine,Seine-et-Marne,Île-de-France,CGCU Boulogne,CGCU (IDEX),False,1970.0,9.0,77.0,70.1,0.077,0.097,,,,,,100.0,0.0,61718.0,19166.0,0.0,108.0,0.0,0.0,0.0,0.0,0.0,0.0,42444.0,0.0,0.0,0.0,0.0,0.0,0.0,0.0,70.1,31.6,0.0,26.6,0.0,0.0,0.0,0.0,0.0,0.0,11.9,0.0,0.0,0.0,0.0,0.0,0.0,0.0,61895.0,55706.0,6190.0,0.0,0.0,0.0,100,0,0,True,,,,,,,,,,,,,1990-01-01,estimee,,
665,7710C,Réseau de Vaux le Penil,Vaux-le-Pénil,Seine-et-Marne,Île-de-France,Ville de Vaux le Penil,DALKIA Paris la Defense,True,1983.0,8.0,16.0,75.8,0.083,0.11,120.86,63.0,37.0,127.41,152.68,80.0,0.0,16129.0,600.0,0.0,0.0,0.0,0.0,0.0,0.0,0.0,0.0,0.0,0.0,0.0,0.0,0.0,15529.0,0.0,0.0,3.3,3.3,0.0,0.0,0.0,0.0,0.0,0.0,0.0,0.0,0.0,0.0,0.0,0.0,0.0,0.0,0.0,0.0,12867.0,10036.0,1544.0,1287.0,0.0,0.0,100,0,0,True,,,,,,,,,,,,,2003-01-01,estimee,,
666,7711C,Réseau de Coulommiers,Coulommiers,Seine-et-Marne,Île-de-France,SMGC,DALKIA Paris la Defense,True,1983.0,8.0,49.0,94.0,0.015,0.031,59.58,24.0,47.0,77.36,105.91,88.0,4.0,38581.0,2875.0,0.0,0.0,0.0,0.0,0.0,0.0,0.0,0.0,35706.0,0.0,0.0,0.0,0.0,0.0,0.0,0.0,24.5,13.5,0.0,0.0,0.0,0.0,0.0,0.0,0.0,0.0,11.0,0.0,0.0,0.0,0.0,0.0,0.0,0.0,33930.0,14590.0,19340.0,0.0,0.0,0.0,100,0,0,True,,,,,,,,,,,,,2003-01-01,estimee,,
667,7715C,Réseau de Montereau - ZUP de Surville,Montereau-Fault-Yonne,Seine-et-Marne,Île-de-France,Ville de Montereau-Fault-Yonne,ERIVA (CORIANCE),True,1962.0,7.0,32.0,96.2,0.01,0.022,,,,,,83.0,0.0,36230.0,1360.0,0.0,0.0,0.0,0.0,11796.0,0.0,23074.0,0.0,0.0,0.0,0.0,0.0,0.0,0.0,0.0,0.0,21.0,10.0,0.0,0.0,0.0,0.0,6.0,0.0,5.0,0.0,0.0,0.0,0.0,0.0,0.0,0.0,0.0,0.0,30226.0,23821.0,5779.0,0.0,0.0,626.0,100,0,0,True,,,,,,,,,,,,,1982-01-01,estimee,,
668,7716C,Réseau de Marne la Vallée,"Lognes,Torcy",Seine-et-Marne,Île-de-France,SYNDICAT AGGLOMERATION NOUVELLE DE MARNE LA VALLEE,GEOVAL (DALKIA),True,2009.0,9.0,113.0,85.4,0.039,0.056,122.6,31.0,69.0,112.94,150.57,90.0,10.0,53385.0,9882.0,0.0,0.0,0.0,0.0,0.0,0.0,0.0,0.0,43503.0,0.0,0.0,0.0,0.0,0.0,0.0,0.0,35.4,25.4,0.0,0.0,0.0,0.0,0.0,0.0,0.0,0.0,10.0,0.0,0.0,0.0,0.0,0.0,0.0,0.0,47758.0,34386.0,13372.0,0.0,0.0,0.0,100,0,0,True,,,,,,,,,,,,,2029-01-01,estimee,,
669,7717C,Réseau de Chelles,Chelles,Seine-et-Marne,Île-de-France,SMGC,CHELLES CHALEUR (CORIANCE),True,1987.0,14.0,88.0,55.3,0.102,0.129,,,,,,85.0,0.0,61329.0,28699.0,0.0,0.0,0.0,0.0,0.0,0.0,0.0,0.0,32630.0,0.0,0.0,0.0,0.0,0.0,0.0,0.0,35.94,25.14,0.0,0.0,0.0,0.0,0.0,0.0,0.0,0.0,10.8,0.0,0.0,0.0,0.0,0.0,0.0,0.0,52222.0,37642.0,14100.0,0.0,0.0,480.0,100,0,0,True,,,,,,,,,,,,,2007-01-01,estimee,,
670,7718C,La renardière,Roissy-en-Brie,Seine-et-Marne,Île-de-France,CDC HABITAT SOCIAL,CRAM SAS,False,,1.0,3.0,69.5,0.081,0.105,60.01,58.0,42.0,60.61,73.51,86.0,0.0,6072.0,1853.0,0.0,0.0,0.0,0.0,4218.0,0.0,0.0,0.0,0.0,0.0,0.0,0.0,0.0,0.0,0.0,0.0,5.7,3.2,0.0,0.0,0.0,0.0,2.5,0.0,0.0,0.0,0.0,0.0,0.0,0.0,0.0,0.0,0.0,0.0,5234.0,4292.0,942.0,0.0,0.0,0.0,100,0,0,True,,,,,,,,,,,,,,inconnue,,
671,7721C,Réseau de Bailly Romainvilliers,"Bailly-Romainvilliers,Serris",Seine-et-Marne,Île-de-France,DALKIA Paris la Défense,DALKIA SAINT-ANDRE-LEZ-LILLE,False,2010.0,3.0,3.0,78.4,0.078,0.091,159.51,47.0,53.0,89.27,109.64,59.0,0.0,3352.0,970.0,0.0,0.0,0.0,0.0,0.0,0.0,0.0,0.0,0.0,0.0,0.0,0.0,2382.0,0.0,0.0,0.0,11.39,9.39,0.0,0.0,0.0,0.0,0.0,0.0,0.0,0.0,0.0,0.0,0.0,0.0,2.0,0.0,0.0,0.0,1971.0,0.0,1971.0,0.0,0.0,0.0,100,0,0,True,CA VAL D EUROPE AGGLOMERATION,,,,,matched_epci,,,,,,,2030-01-01,estimee,,
672,7722C,Réseau de Village Nature,"Bailly-Romainvilliers,Chessy,Coupvray,Serris,Villeneuve-le-Comte",Seine-et-Marne,Île-de-France,Village Nature Tourisme Sas,SGVE (ENGIE SOLUTIONS),False,2017.0,26.0,15.0,99.9,0.0,0.016,42.02,32.0,68.0,,,88.0,0.0,66442.0,75.0,0.0,0.0,0.0,0.0,0.0,0.0,0.0,0.0,66367.0,0.0,0.0,0.0,0.0,0.0,0.0,0.0,64.0,48.0,0.0,0.0,0.0,0.0,0.0,0.0,0.0,0.0,16.0,0.0,0.0,0.0,0.0,0.0,0.0,0.0,58424.0,11685.0,46739.0,0.0,0.0,0.0,100,0,0,True,CA VAL D EUROPE AGGLOMERATION,,,,,matched_epci,,,,,,,2037-01-01,estimee,,
673,7723C,Réseau de Val d'Europe,"Chessy,Serris",Seine-et-Marne,Île-de-France,Val d'Europe Agglomération,EVVE (CORIANCE),False,2018.0,3.0,23.0,33.7,0.168,0.194,,,,,,90.0,0.0,12357.0,6072.0,0.0,0.0,0.0,0.0,0.0,0.0,0.0,0.0,4159.0,0.0,0.0,2125.0,0.0,0.0,0.0,0.0,5.94,5.44,0.0,0.0,0.0,0.0,0.0,0.0,0.0,0.0,0.5,0.0,0.0,0.0,0.0,0.0,0.0,0.0,11099.0,9095.0,2003.0,0.0,0.0,0.0,100,0,0,True,CA VAL D EUROPE AGGLOMERATION,,,,,matched_epci,,,,,,,2038-01-01,estimee,,
674,7724C,BUSSYCOMORE,"Bussy-Saint-Georges,Lagny-sur-Marne",Seine-et-Marne,Île-de-France,CC MARNE ET GONDOIRE,BUSSYCOMORE ENERGIE (IDEX),True,2020.0,3.0,22.0,74.0,0.07,0.091,,,,,,84.0,0.0,19253.0,5015.0,0.0,0.0,0.0,0.0,9756.0,4482.0,0.0,0.0,0.0,0.0,0.0,0.0,0.0,0.0,0.0,0.0,23.5,16.0,0.0,0.0,0.0,0.0,1.5,6.0,0.0,0.0,0.0,0.0,0.0,0.0,0.0,0.0,0.0,0.0,16234.0,14611.0,1623.0,0.0,0.0,0.0,100,0,0,True,,,,,,,,,,,,,2040-01-01,estimee,,
675,7726C,RCU Lizy-sur-Ourcq,Lizy-sur-Ourcq,Seine-et-Marne,Île-de-France,Agronergy,Lizynergie Renouvelable SAS,False,2021.0,,7.0,76.3,0.05,0.072,98.63,49.0,51.0,74.27,87.33,100.0,-25.0,2717.0,643.0,0.0,0.0,0.0,0.0,2074.0,0.0,0.0,0.0,0.0,0.0,0.0,0.0,0.0,0.0,0.0,0.0,3.5,2.5,0.0,0.0,0.0,0.0,1.0,0.0,0.0,0.0,0.0,0.0,0.0,0.0,0.0,0.0,0.0,0.0,2717.0,2391.0,326.0,0.0,0.0,0.0,100,0,0,True,,,,,,,,,,,,,2041-01-01,estimee,,
676,7727C,Champs sur Marne,"Champs-sur-Marne,Noisiel",Seine-et-Marne,Île-de-France,communauté d'agglomération de Paris Vallée de la Marne,Géomarne (ENGIE SOLUTIONS),True,,,100.0,85.0,0.035,0.046,98.26,29.0,71.0,101.15,137.31,92.0,1.0,79017.0,11711.0,0.0,0.0,0.0,0.0,0.0,0.0,0.0,0.0,64811.0,2495.0,0.0,0.0,0.0,0.0,0.0,0.0,40.5,19.5,0.0,0.0,0.0,0.0,0.0,0.0,0.0,0.0,12.0,9.0,0.0,0.0,0.0,0.0,0.0,0.0,73105.0,0.0,0.0,0.0,0.0,73105.0,100,0,0,True,,,,,,,,,,,,,,inconnue,,
677,7729C,Coupvray - Zac Trois Ormes,Coupvray,Seine-et-Marne,Île-de-France,Agronergy Solutions,Agronergy Solutions,False,,,1.0,100.0,0.0,0.019,115.77,42.0,58.0,110.64,141.58,100.0,0.0,693.0,0.0,0.0,0.0,0.0,0.0,693.0,0.0,0.0,0.0,0.0,0.0,0.0,0.0,0.0,0.0,0.0,0.0,0.5,0.0,0.0,0.0,0.0,0.0,0.5,0.0,0.0,0.0,0.0,0.0,0.0,0.0,0.0,0.0,0.0,0.0,693.0,693.0,0.0,0.0,0.0,0.0,,,,True,CA VAL D EUROPE AGGLOMERATION,,,,,matched_epci,,,,,,,,inconnue,,
678,7802C,Le Val Fourré,Mantes-la-Jolie,Yvelines,Île-de-France,Ville de Mantes la Jolie,SOMEC (DALKIA),True,1998.0,14.0,89.0,53.1,0.104,0.137,102.07,41.0,59.0,81.65,100.72,88.0,0.0,92315.0,43960.0,0.0,0.0,0.0,0.0,48355.0,0.0,0.0,0.0,0.0,0.0,0.0,0.0,0.0,0.0,0.0,0.0,80.0,64.0,0.0,0.0,0.0,0.0,16.0,0.0,0.0,0.0,0.0,0.0,0.0,0.0,0.0,0.0,0.0,0.0,81042.0,58026.0,23016.0,0.0,0.0,0.0,0,100,0,True,,,,,,,,,,,,,2018-01-01,estimee,,
679,7803C,Réseau de Versailles,Versailles,Yvelines,Île-de-France,Ville de Versailles,VERSEO (ENGIE SOLUTIONS),False,1970.0,22.0,94.0,0.0,0.255,0.31,105.11,64.0,36.0,98.22,113.69,81.0,0.0,96980.0,44863.0,0.0,0.0,0.0,0.0,0.0,0.0,0.0,0.0,0.0,0.0,0.0,52117.0,0.0,0.0,0.0,0.0,210.0,105.0,0.0,0.0,0.0,0.0,0.0,0.0,0.0,0.0,0.0,0.0,0.0,105.0,0.0,0.0,0.0,0.0,78532.0,23560.0,54972.0,0.0,0.0,0.0,32.0493273542601,67.9506726457399,0,True,,,,,,,,,,,,,1990-01-01,estimee,,
680,7804C,Parly II,Le Chesnay-Rocquencourt,Yvelines,Île-de-France,Société Des Centres Commerciaux Scc,ENGIE SOLUTIONS Ile de France,False,1970.0,7.5,33.0,0.0,0.235,0.259,140.32,60.0,40.0,113.58,131.57,93.0,0.0,82072.0,82072.0,0.0,0.0,0.0,0.0,0.0,0.0,0.0,0.0,0.0,0.0,0.0,0.0,0.0,0.0,0.0,0.0,86.6,86.6,0.0,0.0,0.0,0.0,0.0,0.0,0.0,0.0,0.0,0.0,0.0,0.0,0.0,0.0,0.0,0.0,76295.0,60273.0,16022.0,0.0,0.0,0.0,100,0,0,True,,,,,,,,,,,,,1990-01-01,estimee,,
681,7805C,Réseau de Saint Germain en Laye,Saint-Germain-en-Laye,Yvelines,Île-de-France,Ville de Saint Germain en Laye,ENERLAY (Dalkia),True,1974.0,6.0,71.0,60.2,0.092,0.122,146.88,41.0,59.0,115.02,141.95,85.0,10.0,57280.0,24673.0,0.0,0.0,0.0,0.0,22157.0,0.0,0.0,0.0,0.0,0.0,0.0,0.0,10450.0,0.0,0.0,0.0,28.0,19.0,0.0,0.0,0.0,0.0,6.0,0.0,0.0,0.0,0.0,0.0,0.0,0.0,3.0,0.0,0.0,0.0,48943.0,36707.0,9299.0,2937.0,0.0,0.0,100,0,0,True,,,,,,,,,,,,,1994-01-01,estimee,,
682,7806C,DOMNIS ACHERES Champs Villars,Achères,Yvelines,Île-de-France,DOMNIS,DOMNIS (ENGIE SOLUTIONS),False,,2.0,9.0,52.0,0.092,0.113,91.54,68.0,32.0,77.83,85.43,118.0,0.0,9537.0,4574.0,0.0,0.0,0.0,0.0,4963.0,0.0,0.0,0.0,0.0,0.0,0.0,0.0,0.0,0.0,0.0,0.0,14.3,11.9,0.0,0.0,0.0,0.0,2.4,0.0,0.0,0.0,0.0,0.0,0.0,0.0,0.0,0.0,0.0,0.0,11278.0,10150.0,1128.0,0.0,0.0,0.0,100,0,0,True,,,,,,,,,,,,,,inconnue,,
683,7807C,Zac de la Noe,Chanteloup-les-Vignes,Yvelines,Île-de-France,O.P.I.E.VO.Y,DALKIA Paris la Defense,False,1974.0,,21.0,0.0,0.427,0.419,101.03,64.0,36.0,,,73.0,0.0,13223.0,13223.0,0.0,0.0,0.0,0.0,0.0,0.0,0.0,0.0,0.0,0.0,0.0,0.0,0.0,0.0,0.0,0.0,11.9,11.9,0.0,0.0,0.0,0.0,0.0,0.0,0.0,0.0,0.0,0.0,0.0,0.0,0.0,0.0,0.0,0.0,9711.0,7866.0,1845.0,0.0,0.0,0.0,100,0,0,True,,,,,,,,,,,,,1994-01-01,estimee,,
684,7808C,Réseau des Mureaux,Les Mureaux,Yvelines,Île-de-France,Communaute urbaine Grand Paris Seine et Oise,MUREAUX BOIS ENERGIE (CORIANCE),True,1972.0,10.0,53.0,64.6,0.096,0.124,,,,,,82.0,0.0,44406.0,15700.0,0.0,0.0,0.0,0.0,28707.0,0.0,0.0,0.0,0.0,0.0,0.0,0.0,0.0,0.0,0.0,0.0,16.57,10.77,0.0,0.0,0.0,0.0,5.8,0.0,0.0,0.0,0.0,0.0,0.0,0.0,0.0,0.0,0.0,0.0,36383.0,25577.0,6221.0,0.0,0.0,4584.0,100,0,0,True,,,,,,,,,,,,,1992-01-01,estimee,,
685,7809C,Réseau de Vélizy,"Meudon,Vélizy-Villacoublay","Hauts-de-Seine, Yvelines",Île-de-France,Ville de Vélizy,VELIDIS (ENGIE SOLUTIONS),False,1963.0,17.6,142.0,52.4,0.101,0.11,134.68,35.0,65.0,,,89.0,0.0,104543.0,39493.0,0.0,0.0,0.0,0.0,0.0,0.0,0.0,0.0,0.0,0.0,0.0,0.0,0.0,65050.0,0.0,0.0,97.0,97.0,0.0,0.0,0.0,0.0,0.0,0.0,0.0,0.0,0.0,0.0,0.0,0.0,0.0,0.0,0.0,0.0,93387.0,48561.0,14942.0,29884.0,0.0,0.0,0,100,0,True,,,,,,,,,,,,,1983-01-01,estimee,,
686,7811C,Réseau de Carrières - Chatou,"Carrières-sur-Seine,Chatou,Houilles,Montesson,Sartrouville",Yvelines,Île-de-France,SITRU,CRISTAL ECO CHALEUR (ENGIE SOLUTIONS),True,1986.0,20.3,129.0,94.6,0.013,0.019,85.18,28.0,72.0,80.48,108.87,88.0,-45.0,88052.0,5618.0,0.0,0.0,0.0,0.0,0.0,0.0,0.0,0.0,0.0,0.0,0.0,0.0,82434.0,0.0,0.0,0.0,77.0,53.0,0.0,0.0,0.0,0.0,0.0,0.0,0.0,0.0,0.0,0.0,0.0,0.0,24.0,0.0,0.0,0.0,76401.0,0.0,0.0,0.0,0.0,76401.0,0,100,0,True,,,,,,,,,,,,,2006-01-01,estimee,,
687,7812C,Réseau de Plaisir - Resop,"Plaisir,Thiverval-Grignon",Yvelines,Île-de-France,Ville de Plaisir,RESOP (DALKIA),True,1984.0,6.0,40.0,85.5,0.037,0.046,72.29,57.0,43.0,67.02,79.82,85.0,8.0,74205.0,10602.0,0.0,124.0,0.0,0.0,0.0,0.0,63479.0,0.0,0.0,0.0,0.0,0.0,0.0,0.0,0.0,0.0,51.5,28.5,0.0,3.0,0.0,0.0,0.0,0.0,20.0,0.0,0.0,0.0,0.0,0.0,0.0,0.0,0.0,0.0,63268.0,46186.0,17082.0,0.0,0.0,0.0,100,0,0,True,,,,,,,,,,,,,2004-01-01,estimee,,
688,7816C,Carrière sous Poissy,Carrières-sous-Poissy,Yvelines,Île-de-France,Ville de Carrière sous Poissy,DALKIA Paris la Defense,False,2019.0,1.0,8.0,19.7,0.187,0.214,218.35,81.0,19.0,229.04,254.94,94.0,0.0,4427.0,2077.0,0.0,0.0,0.0,0.0,302.0,0.0,0.0,0.0,0.0,0.0,0.0,2048.0,0.0,0.0,0.0,0.0,2.15,1.55,0.0,0.0,0.0,0.0,0.6,0.0,0.0,0.0,0.0,0.0,0.0,0.0,0.0,0.0,0.0,0.0,4165.0,4165.0,0.0,0.0,0.0,0.0,100,0,0,True,,,,,,,,,,,,,2039-01-01,estimee,,
689,7901C,Le Clou Bouchet,Niort,Deux-Sèvres,Nouvelle-Aquitaine,Ville de Niort,DALKIA Poitiers,False,1970.0,,33.0,0.0,0.277,0.309,128.85,76.0,24.0,82.05,89.89,78.0,0.0,10831.0,10831.0,0.0,0.0,0.0,0.0,0.0,0.0,0.0,0.0,0.0,0.0,0.0,0.0,0.0,0.0,0.0,0.0,12.94,12.94,0.0,0.0,0.0,0.0,0.0,0.0,0.0,0.0,0.0,0.0,0.0,0.0,0.0,0.0,0.0,0.0,8436.0,5483.0,2953.0,0.0,0.0,0.0,100,0,0,True,Mairie de Niort,,,,,matched_exact,,,,,,,1990-01-01,estimee,,
690,7905C,Quartier Les Brizeaux,Niort,Deux-Sèvres,Nouvelle-Aquitaine,Ville de Niort,ENGIE Solutions Agence Atlantique Limousin,True,2016.0,,50.0,83.8,0.053,0.081,,,,,,73.0,0.0,1686.0,273.0,0.0,0.0,0.0,0.0,1413.0,0.0,0.0,0.0,0.0,0.0,0.0,0.0,0.0,0.0,0.0,0.0,1.7,1.0,0.0,0.0,0.0,0.0,0.7,0.0,0.0,0.0,0.0,0.0,0.0,0.0,0.0,0.0,0.0,0.0,1236.0,865.0,371.0,0.0,0.0,0.0,,,,True,Mairie de Niort,,,,,matched_exact,,,,,,,2036-01-01,estimee,,
691,7906C,Réseau de chaleur CC Mellois en Poitou,Lezay,Deux-Sèvres,Nouvelle-Aquitaine,Communauté de Communes Mellois en Poitou,Communauté de Communes Mellois en Poitou,False,2007.0,3.0,36.0,93.1,0.048,0.093,243.08,51.0,49.0,166.32,187.26,44.0,0.0,2325.0,0.0,0.0,482.0,0.0,0.0,1842.0,0.0,0.0,0.0,0.0,0.0,0.0,0.0,0.0,0.0,0.0,0.0,2.8,0.0,0.0,1.4,0.0,0.0,1.4,0.0,0.0,0.0,0.0,0.0,0.0,0.0,0.0,0.0,0.0,0.0,1022.0,420.0,602.0,0.0,0.0,0.0,100,0,0,True,,,,,,,,,,,,,2027-01-01,estimee,,
692,8001C,Etouvie,Amiens,Somme,Hauts-de-France,Sociète Immobilière Picarde,ENGIE COFELY Agence Picardie (ENGIE SOLUTIONS),False,1968.0,4.0,28.0,74.6,0.051,0.073,,,,,,97.0,0.0,23098.0,5867.0,0.0,0.0,0.0,0.0,17231.0,0.0,0.0,0.0,0.0,0.0,0.0,0.0,0.0,0.0,0.0,0.0,27.7,22.2,0.0,0.0,0.0,0.0,5.5,0.0,0.0,0.0,0.0,0.0,0.0,0.0,0.0,0.0,0.0,0.0,22495.0,19571.0,2924.0,0.0,0.0,0.0,100,0,0,True,Amiens Métropole,,,,,matched_epci,,,,,,,1988-01-01,estimee,,
693,8002C,Réseau de la ville d'Amiens,"Amiens,Salouël",Somme,Hauts-de-France,Amiens Energies,Amiens Energies (ENGIE SOLUTIONS),True,1965.0,48.8,304.0,53.4,0.101,0.124,,,,,,90.0,0.0,178333.0,66145.0,0.0,0.0,0.0,0.0,57224.0,0.0,0.0,0.0,0.0,46906.0,0.0,8058.0,0.0,0.0,0.0,0.0,239.85,214.6,0.0,0.0,0.0,0.0,12.0,0.0,0.0,0.0,0.0,13.25,0.0,0.0,0.0,0.0,0.0,0.0,159995.0,81597.0,78398.0,0.0,0.0,0.0,100,0,0,True,Amiens Métropole,,,,,matched_epci,,,,,,,1985-01-01,estimee,,
694,8004C,Rodolphe BRAL,Montdidier,Somme,Hauts-de-France,Régie Communale de MONTDIDIER,Régie Communale de MONTDIDIER,True,2008.0,4.0,32.0,66.7,0.114,0.144,116.22,52.0,48.0,90.53,105.87,80.0,19.0,12808.0,0.0,0.0,0.0,0.0,0.0,12808.0,0.0,0.0,0.0,0.0,0.0,0.0,0.0,0.0,0.0,0.0,0.0,3.5,0.0,0.0,0.0,0.0,0.0,3.5,0.0,0.0,0.0,0.0,0.0,0.0,0.0,0.0,0.0,0.0,0.0,10203.0,0.0,0.0,0.0,0.0,10203.0,100,0,0,True,,,,,,,,,,,,,2028-01-01,estimee,,
695,8005C,Abbeville Energie,Abbeville,Somme,Hauts-de-France,VILLE ABBEVILLE,DALKIA,True,1970.0,,31.0,61.6,0.1,0.128,104.55,64.0,36.0,99.43,120.05,83.0,33.0,27527.0,5711.0,0.0,0.0,0.0,0.0,16950.0,0.0,0.0,0.0,0.0,0.0,0.0,0.0,0.0,4866.0,0.0,0.0,19.35,12.94,0.0,0.0,0.0,0.0,5.0,0.0,0.0,0.0,0.0,0.0,0.0,0.0,0.0,1.41,0.0,0.0,22927.0,8024.0,14903.0,0.0,0.0,0.0,100,0,0,True,Ville d'ABBEVILLE,DALKIA,2023-06-14,240.0,50000000.0,matched_exact,,,,,,,2043-06-14,confirmee_boamp,DALKIA,BOAMP
696,8006C,Réseau de chaleur de Corbie,Corbie,Somme,Hauts-de-France,Territoire d'Energie Somme,Territoire d'Energie Somme,True,2021.0,2.0,26.0,94.2,0.014,0.037,108.44,43.0,57.0,103.78,132.41,88.0,10.0,8179.0,919.0,0.0,0.0,0.0,0.0,7260.0,0.0,0.0,0.0,0.0,0.0,0.0,0.0,0.0,0.0,0.0,0.0,4.96,2.8,0.0,0.0,0.0,0.0,2.16,0.0,0.0,0.0,0.0,0.0,0.0,0.0,0.0,0.0,0.0,0.0,7236.0,0.0,7236.0,0.0,0.0,0.0,100,0,0,True,,,,,,,,,,,,,2041-01-01,estimee,,
697,8013C,Réseau de chaleur de Roye,Roye,Somme,Hauts-de-France,Territoire d'Energie Somme,Territoire d’Energie Somme,True,2023.0,,11.0,65.3,0.094,0.121,97.74,54.0,46.0,108.04,135.74,85.0,0.0,5650.0,1988.0,0.0,0.0,0.0,0.0,3662.0,0.0,0.0,0.0,0.0,0.0,0.0,0.0,0.0,0.0,0.0,0.0,5.1,3.8,0.0,0.0,0.0,0.0,1.3,0.0,0.0,0.0,0.0,0.0,0.0,0.0,0.0,0.0,0.0,0.0,4801.0,240.0,4561.0,0.0,0.0,0.0,,,,True,,,,,,,,,,,,,2043-01-01,estimee,,
698,8101C,Reseau de Carmaux,"Blaye-les-Mines,Carmaux",Tarn,Occitanie,ENE'O ENERGIES SERVICES OCCITANS,ENE'O ENERGIES SERVICES OCCITANS,False,1960.0,4.0,22.0,0.0,0.184,0.252,62.44,71.0,29.0,62.95,72.39,84.0,0.0,6663.0,6663.0,0.0,0.0,0.0,0.0,0.0,0.0,0.0,0.0,0.0,0.0,0.0,0.0,0.0,0.0,0.0,0.0,5.2,5.2,0.0,0.0,0.0,0.0,0.0,0.0,0.0,0.0,0.0,0.0,0.0,0.0,0.0,0.0,0.0,0.0,5626.0,0.0,0.0,0.0,0.0,5626.0,100,0,0,True,,,,,,,,,,,,,1980-01-01,estimee,,
699,8102C,Chauffage urbain de Mazamet,Mazamet,Tarn,Occitanie,Ville de Mazamet,SCUM (DALKIA),True,2009.0,3.0,14.0,84.5,0.045,0.069,120.28,37.0,63.0,86.78,109.31,80.0,0.0,6252.0,970.0,0.0,0.0,0.0,0.0,5282.0,0.0,0.0,0.0,0.0,0.0,0.0,0.0,0.0,0.0,0.0,0.0,8.28,5.78,0.0,0.0,0.0,0.0,2.5,0.0,0.0,0.0,0.0,0.0,0.0,0.0,0.0,0.0,0.0,0.0,5017.0,4264.0,753.0,0.0,0.0,0.0,100,0,0,True,,,,,,,,,,,,,2029-01-01,estimee,,
700,8103C,Réseau de Chauffage Urbain Castres Lameilhé,Castres,Tarn,Occitanie,Ville de Castres,Castres Energie Services (CORIANCE),True,2009.0,6.0,15.0,96.1,0.011,0.035,,,,,,81.0,0.0,12999.0,510.0,0.0,0.0,0.0,0.0,12489.0,0.0,0.0,0.0,0.0,0.0,0.0,0.0,0.0,0.0,0.0,0.0,13.21,7.71,0.0,0.0,0.0,0.0,5.5,0.0,0.0,0.0,0.0,0.0,0.0,0.0,0.0,0.0,0.0,0.0,10555.0,3099.0,874.0,0.0,0.0,6582.0,100,0,0,True,,,,,,,,,,,,,2029-01-01,estimee,,
701,8104C,Gaillac - ZAC de Pouille,Gaillac,Tarn,Occitanie,Syndicat Mixte TRIFYL,Syndicat Mixte TRIFYL,False,2011.0,,6.0,77.5,0.057,0.08,131.84,48.0,52.0,109.86,133.27,89.0,0.0,607.0,180.0,0.0,0.0,0.0,0.0,426.0,0.0,0.0,0.0,0.0,0.0,0.0,0.0,0.0,0.0,0.0,0.0,0.6,0.4,0.0,0.0,0.0,0.0,0.2,0.0,0.0,0.0,0.0,0.0,0.0,0.0,0.0,0.0,0.0,0.0,540.0,200.0,340.0,0.0,0.0,0.0,100,0,0,True,,,,,,,,,,,,,2031-01-01,estimee,,
702,8105C,Reseau de chaleur de Graulhet,Graulhet,Tarn,Occitanie,Syndicat Mixte TRIFYL,Syndicat Mixte TRIFYL,True,2012.0,2.0,15.0,89.7,0.026,0.048,120.91,44.0,56.0,85.97,104.39,86.0,0.0,4450.0,567.0,0.0,0.0,0.0,0.0,3883.0,0.0,0.0,0.0,0.0,0.0,0.0,0.0,0.0,0.0,0.0,0.0,6.4,4.0,0.0,0.0,0.0,0.0,2.4,0.0,0.0,0.0,0.0,0.0,0.0,0.0,0.0,0.0,0.0,0.0,3848.0,1770.0,2078.0,0.0,0.0,0.0,100,0,0,True,,,,,,,,,,,,,2032-01-01,estimee,,
703,8106C,Réseau de chaleur d'ALBAN,Alban,Tarn,Occitanie,Syndicat Mixte TRIFYL,Syndicat Mixte TRIFYL,False,2013.0,,8.0,96.3,0.014,0.038,146.27,40.0,60.0,96.54,115.68,82.0,0.0,738.0,0.0,0.0,27.0,0.0,0.0,711.0,0.0,0.0,0.0,0.0,0.0,0.0,0.0,0.0,0.0,0.0,0.0,0.86,0.0,0.0,0.56,0.0,0.0,0.3,0.0,0.0,0.0,0.0,0.0,0.0,0.0,0.0,0.0,0.0,0.0,609.0,18.0,590.0,0.0,0.0,0.0,100,0,0,True,,,,,,,,,,,,,2033-01-01,estimee,,
704,8112C,Réseau de chaleur de Lacaune,Lacaune,Tarn,Occitanie,Syndicat Mixte TRIFYL,Syndicat Mixte TRIFYL,False,2018.0,,4.0,96.4,0.012,0.034,125.71,49.0,51.0,124.66,155.93,94.0,0.0,1168.0,0.0,0.0,80.0,0.0,0.0,1087.0,0.0,0.0,0.0,0.0,0.0,0.0,0.0,0.0,0.0,0.0,0.0,1.23,0.0,0.0,0.63,0.0,0.0,0.6,0.0,0.0,0.0,0.0,0.0,0.0,0.0,0.0,0.0,0.0,0.0,1092.0,0.0,1092.0,0.0,0.0,0.0,100,0,0,True,,,,,,,,,,,,,2038-01-01,estimee,,
705,8113C,Réseau de chaleur de Saint-Pierre-de-Trivisy,Saint-Pierre-de-Trivisy,Tarn,Occitanie,Syndicat Mixte TRIFYL,Syndicat Mixte TRIFYL,False,2021.0,,4.0,95.1,0.022,0.051,156.25,39.0,61.0,114.87,142.01,67.0,0.0,828.0,0.0,0.0,44.0,0.0,0.0,785.0,0.0,0.0,0.0,0.0,0.0,0.0,0.0,0.0,0.0,0.0,0.0,1.04,0.0,0.0,0.74,0.0,0.0,0.3,0.0,0.0,0.0,0.0,0.0,0.0,0.0,0.0,0.0,0.0,0.0,558.0,0.0,558.0,0.0,0.0,0.0,100,0,0,True,,,,,,,,,,,,,2041-01-01,estimee,,
706,8201C,Réseaux Sud Ouest Energies Services,Montauban,Tarn-et-Garonne,Occitanie,Ville de Montauban,RESEAUX SUD OUEST ENERGIES SERVICES (ENGIE SOLUTIONS),True,1970.0,8.1,59.0,81.5,0.054,0.064,,,,,,78.0,0.0,42466.0,0.0,0.0,0.0,0.0,0.0,0.0,0.0,34262.0,0.0,0.0,0.0,0.0,8204.0,0.0,0.0,0.0,0.0,18.5,13.0,0.0,0.0,0.0,0.0,0.0,0.0,5.5,0.0,0.0,0.0,0.0,0.0,0.0,0.0,0.0,0.0,32993.0,9238.0,23095.0,660.0,0.0,0.0,100,0,0,True,,,,,,,COMMUNE DE MONTAUBAN,,204.0,38900000.0,,matched_exact,1990-01-01,estimee,,
707,8202C,Réseau de Caylus,Caylus,Tarn-et-Garonne,Occitanie,Mairie de Caylus,MAIRIE DE CAYLUS,True,2004.0,,4.0,100.0,0.0,0.02,162.41,79.0,21.0,153.47,166.91,94.0,0.0,439.0,0.0,0.0,0.0,0.0,0.0,439.0,0.0,0.0,0.0,0.0,0.0,0.0,0.0,0.0,0.0,0.0,0.0,0.84,0.0,0.0,0.0,0.0,0.0,0.84,0.0,0.0,0.0,0.0,0.0,0.0,0.0,0.0,0.0,0.0,0.0,411.0,82.0,329.0,0.0,0.0,0.0,100,0,0,True,,,,,,,,,,,,,2024-01-01,estimee,,
708,8204C,Villebrumier,Villebrumier,Tarn-et-Garonne,Occitanie,MAirie de Villebrumier,MAirie de Villebrumier,True,2009.0,2.0,31.0,100.0,0.0,0.023,122.03,68.0,32.0,106.05,117.37,78.0,0.0,920.0,0.0,0.0,0.0,0.0,0.0,920.0,0.0,0.0,0.0,0.0,0.0,0.0,0.0,0.0,0.0,0.0,0.0,0.4,0.0,0.0,0.0,0.0,0.0,0.4,0.0,0.0,0.0,0.0,0.0,0.0,0.0,0.0,0.0,0.0,0.0,721.0,47.0,674.0,0.0,0.0,0.0,100,0,0,True,,,,,,,,,,,,,2029-01-01,estimee,,
709,8205C,Réseau de chaleur de Nègrepelisse,Nègrepelisse,Tarn-et-Garonne,Occitanie,Chaufferie et réseau chaleur Bois,CHAUFFERIE ET RESEAU CHALEUR BOIS,False,,,95.0,97.8,0.009,0.034,87.92,80.0,20.0,84.4,91.43,67.0,0.0,4500.0,0.0,0.0,100.0,0.0,0.0,4400.0,0.0,0.0,0.0,0.0,0.0,0.0,0.0,0.0,0.0,0.0,0.0,,,,,,,,,,,,,,,,,,,3000.0,0.0,3000.0,0.0,0.0,0.0,,,,True,,,,,,,,,,,,,,inconnue,,
710,8206C,Réseau de chaleur de Lafrancaise,Lafrançaise,Tarn-et-Garonne,Occitanie,Régie de chauffage bois de Lafrançaise,Régie de chauffage bois de Lafrançaise,False,,,5.0,100.0,0.0,0.019,85.12,76.0,24.0,73.14,77.47,99.0,0.0,413.0,0.0,0.0,0.0,0.0,0.0,413.0,0.0,0.0,0.0,0.0,0.0,0.0,0.0,0.0,0.0,0.0,0.0,,,,,,,,,,,,,,,,,,,409.0,0.0,409.0,0.0,0.0,0.0,,,,True,,,,,,,,,,,,,,inconnue,,
711,8301C,La Beaucaire,"Ollioules,Toulon",Var,Provence-Alpes-Côte d'Azur,SITTOMAT,Zephire (Idex),True,1970.0,3.0,2.0,100.0,0.0,0.004,61.96,75.0,25.0,73.36,86.79,90.0,0.0,12545.0,0.0,0.0,0.0,0.0,0.0,0.0,12545.0,0.0,0.0,0.0,0.0,0.0,0.0,0.0,0.0,0.0,0.0,10.0,0.0,0.0,0.0,0.0,0.0,0.0,10.0,0.0,0.0,0.0,0.0,0.0,0.0,0.0,0.0,0.0,0.0,11255.0,11130.0,125.0,0.0,0.0,0.0,100,0,0,True,,,,,,,,,,,,,1990-01-01,estimee,,
712,8304C,Berthe,"La Seyne-sur-Mer,Ollioules",Var,Provence-Alpes-Côte d'Azur,SITTOMAT,Zéphire (IDEX),True,2015.0,8.0,25.0,97.5,0.007,0.012,125.25,38.0,62.0,95.93,119.87,77.0,0.0,21051.0,1138.0,0.0,0.0,0.0,0.0,0.0,19913.0,0.0,0.0,0.0,0.0,0.0,0.0,0.0,0.0,0.0,0.0,27.0,9.0,0.0,0.0,0.0,0.0,0.0,18.0,0.0,0.0,0.0,0.0,0.0,0.0,0.0,0.0,0.0,0.0,16181.0,11896.0,4285.0,0.0,0.0,0.0,100,0,0,True,,,,,,,,,,,,,2035-01-01,estimee,,
713,8307C,reseau thalasso thermie la SEYNE,La Seyne-sur-Mer,Var,Provence-Alpes-Côte d'Azur,Metropole Toulon,DALKIA SAINT-ANDRE-LEZ-LILLE,True,,,15.0,55.5,0.074,0.048,225.71,79.0,78.0,168.35,195.63,89.0,0.0,2925.0,323.0,0.0,0.0,0.0,0.0,0.0,0.0,0.0,0.0,0.0,2602.0,0.0,0.0,0.0,0.0,0.0,0.0,4.68,1.13,0.0,0.0,0.0,0.0,0.0,0.0,0.0,0.0,0.0,3.55,0.0,0.0,0.0,0.0,0.0,0.0,2602.0,2264.0,338.0,0.0,0.0,0.0,100,0,0,True,,,,,,,,,,,,,,inconnue,,
714,8401C,AVIGNON ENERGIES,Avignon,Vaucluse,Provence-Alpes-Côte d'Azur,Ville d'Avignon,DALKIA LYON,True,1975.0,2.0,10.0,0.0,0.206,0.238,79.66,74.0,26.0,68.79,73.67,96.0,0.0,8974.0,4427.0,0.0,0.0,0.0,0.0,0.0,0.0,0.0,0.0,0.0,0.0,0.0,4547.0,0.0,0.0,0.0,0.0,9.0,9.0,0.0,0.0,0.0,0.0,0.0,0.0,0.0,0.0,0.0,0.0,0.0,0.0,0.0,0.0,0.0,0.0,8607.0,8607.0,0.0,0.0,0.0,0.0,100,0,0,True,,,,,,,,,,,,,1995-01-01,estimee,,
715,8404C,Réseaux vapeur verte  GB Foods,"Le Pontet,Vedène",Vaucluse,Provence-Alpes-Côte d'Azur,ENGIE Solutions Ouest Provence,ENGIE Solutions DR INDUSTRIES,False,2018.0,2.2,1.0,100.0,0.0,0.004,,,,,,80.0,0.0,21731.0,0.0,0.0,0.0,0.0,0.0,0.0,0.0,21731.0,0.0,0.0,0.0,0.0,0.0,0.0,0.0,0.0,0.0,10.4,0.0,0.0,0.0,0.0,0.0,0.0,0.0,10.4,0.0,0.0,0.0,0.0,0.0,0.0,0.0,0.0,0.0,17342.0,0.0,0.0,17342.0,0.0,0.0,0,0,100,True,,,,,,,,,,,,,2038-01-01,estimee,,
716,8502C,Réseau les Herbiers,Les Herbiers,Vendée,Pays de la Loire,Ville des Herbiers,DALKIA TOURS,True,2008.0,3.0,10.0,76.2,0.078,0.111,118.69,54.0,46.0,104.82,125.03,70.0,0.0,2535.0,604.0,0.0,0.0,0.0,0.0,1931.0,0.0,0.0,0.0,0.0,0.0,0.0,0.0,0.0,0.0,0.0,0.0,1.8,0.8,0.0,0.0,0.0,0.0,1.0,0.0,0.0,0.0,0.0,0.0,0.0,0.0,0.0,0.0,0.0,0.0,1769.0,177.0,0.0,0.0,0.0,1592.0,100,0,0,True,,,,,,,,,,,,,2028-01-01,estimee,,
717,8503C,Réseau de chaleur Saint-pierre-du-chemin,Saint-Pierre-du-Chemin,Vendée,Pays de la Loire,Mairie de Saint Pierre du Chemin,Mairie de Saint Pierre du chemin,True,2015.0,2.0,18.0,100.0,0.0,0.022,132.98,56.0,44.0,143.5,177.95,85.0,0.0,1517.0,0.0,0.0,0.0,0.0,0.0,1517.0,0.0,0.0,0.0,0.0,0.0,0.0,0.0,0.0,0.0,0.0,0.0,0.73,0.0,0.0,0.0,0.0,0.0,0.73,0.0,0.0,0.0,0.0,0.0,0.0,0.0,0.0,0.0,0.0,0.0,1294.0,1113.0,181.0,0.0,0.0,0.0,100,0,0,True,,,,,,,,,,,,,2035-01-01,estimee,,
718,8601C,GPCU - Poitiers Saint Benoit-Buxerolles ,"Buxerolles,Poitiers",Vienne,Nouvelle-Aquitaine,Ville de Poitiers,Grand Poitiers Chauffage Urbain - Poitiers Saint B (DALKIA),True,1967.0,30.0,158.0,73.2,0.07,0.092,92.23,56.0,44.0,88.92,107.32,77.0,0.0,123073.0,33029.0,0.0,0.0,0.0,0.0,19304.0,0.0,70740.0,0.0,0.0,0.0,0.0,0.0,0.0,0.0,0.0,0.0,76.1,58.9,0.0,0.0,0.0,0.0,7.7,0.0,9.5,0.0,0.0,0.0,0.0,0.0,0.0,0.0,0.0,0.0,94484.0,54801.0,39683.0,0.0,0.0,0.0,oui,oui,non,True,,,,,,,,,,,,,1987-01-01,estimee,,
719,8605C,Réseau Lusignan,Lusignan,Vienne,Nouvelle-Aquitaine,Grand Poitiers Communauté Urbaine,Grand Poitiers,True,2015.0,1.0,7.0,97.8,0.008,0.031,136.35,40.0,60.0,95.76,116.14,86.0,0.0,1592.0,0.0,0.0,35.0,0.0,0.0,1557.0,0.0,0.0,0.0,0.0,0.0,0.0,0.0,0.0,0.0,0.0,0.0,1.37,0.0,0.0,0.63,0.0,0.0,0.74,0.0,0.0,0.0,0.0,0.0,0.0,0.0,0.0,0.0,0.0,0.0,1362.0,0.0,1362.0,0.0,0.0,0.0,100,0,0,True,,,,,,,,,,,,,2035-01-01,estimee,,
720,8606C,Réseau de Chaleur Ozon Sud,Châtellerault,Vienne,Nouvelle-Aquitaine,Commune de Châtellerault,SPL CHATELLERAULT ENERGIES,False,,2.0,14.0,0.0,0.329,0.369,124.1,80.0,20.0,120.89,131.97,69.0,0.0,7361.0,3681.0,0.0,0.0,0.0,0.0,0.0,0.0,0.0,0.0,0.0,0.0,0.0,3681.0,0.0,0.0,0.0,0.0,7.76,7.76,0.0,0.0,0.0,0.0,0.0,0.0,0.0,0.0,0.0,0.0,0.0,0.0,0.0,0.0,0.0,0.0,5089.0,3511.0,1578.0,0.0,0.0,0.0,100,0,0,True,,,,,,,,,,,,,,inconnue,,
721,8607C,Réseau de Civaux,Civaux,Vienne,Nouvelle-Aquitaine,Ville de Civaux,ECOLIANE (DALKIA),False,2004.0,1.0,3.0,12.8,0.228,0.234,103.55,52.0,48.0,70.01,78.35,123.0,0.0,1361.0,0.0,0.0,71.0,0.0,0.0,0.0,0.0,0.0,0.0,0.0,1290.0,0.0,0.0,0.0,0.0,0.0,0.0,4.3,0.0,0.0,2.5,0.0,0.0,0.0,0.0,0.0,0.0,0.0,1.8,0.0,0.0,0.0,0.0,0.0,0.0,1676.0,201.0,1475.0,0.0,0.0,0.0,100,0,0,True,,,,,,,,,,,,,2024-01-01,estimee,,
722,8610C,Réseau chaleur université de Poitiers,Poitiers,Vienne,Nouvelle-Aquitaine,Université de Poitiers,Université de Poitiers,False,2015.0,,48.0,88.0,0.03,0.052,,,,,,91.0,0.0,18488.0,2224.0,0.0,0.0,0.0,0.0,16264.0,0.0,0.0,0.0,0.0,0.0,0.0,0.0,0.0,0.0,0.0,0.0,13.1,6.8,0.0,0.0,0.0,0.0,6.3,0.0,0.0,0.0,0.0,0.0,0.0,0.0,0.0,0.0,0.0,0.0,16779.0,5034.0,10067.0,0.0,0.0,1678.0,100,0,0,True,,,,,,,,,,,,,2035-01-01,estimee,,
723,8611C,Réseau de Chaleur Parc du FUTUROSCOPE,"Chasseneuil-du-Poitou,Jaunay-Marigny",Vienne,Nouvelle-Aquitaine,Dikeos,DIKEOS,False,,,5.0,20.6,0.16,0.135,4.02,0.0,46.0,46.43,51.18,100.0,0.0,13112.0,0.0,0.0,0.0,0.0,0.0,2704.0,0.0,0.0,0.0,0.0,5353.0,0.0,5055.0,0.0,0.0,0.0,0.0,5.05,1.8,0.0,0.0,0.0,0.0,2.55,0.0,0.0,0.0,0.0,0.7,0.0,0.0,0.0,0.0,0.0,0.0,13112.0,0.0,1311.0,11801.0,0.0,0.0,,,,True,,,,,,,,,,,,,,inconnue,,
724,8701C,Zup Val de l'Aurence,"Isle,Limoges",Haute-Vienne,Nouvelle-Aquitaine,Ville de Limoges,SDCL (DALKIA),True,1968.0,21.0,121.0,73.8,0.034,0.089,84.17,78.0,22.0,101.3,108.19,74.0,0.0,160721.0,41034.0,0.0,0.0,0.0,0.0,84937.0,0.0,0.0,0.0,0.0,0.0,0.0,0.0,0.0,34750.0,0.0,0.0,92.0,65.0,0.0,10.0,0.0,0.0,17.0,0.0,0.0,0.0,0.0,0.0,0.0,0.0,0.0,0.0,0.0,0.0,119477.0,90803.0,28674.0,0.0,0.0,0.0,100,0,0,True,Ville de Limoges,,,60.0,,matched_exact,,,,,,,1988-01-01,estimee,,
725,8702C,Zac de Beaubreuil,Limoges,Haute-Vienne,Nouvelle-Aquitaine,Ville de Limoges,SDCLB (DALKIA),True,1972.0,9.0,36.0,90.8,0.027,0.035,36.43,57.0,43.0,63.41,76.19,85.0,0.0,48669.0,8190.0,0.0,1411.0,0.0,0.0,0.0,0.0,39068.0,0.0,0.0,0.0,0.0,0.0,0.0,0.0,0.0,0.0,29.9,4.6,0.0,9.3,0.0,0.0,0.0,0.0,16.0,0.0,0.0,0.0,0.0,0.0,0.0,0.0,0.0,0.0,41268.0,21459.0,19809.0,0.0,0.0,0.0,100,0,0,True,Ville de Limoges,,,60.0,,matched_exact,,,,,,,1992-01-01,estimee,,
726,8703C,Réseau de Bellac,Bellac,Haute-Vienne,Nouvelle-Aquitaine,ODHAC87,ODHAC87,False,1976.0,2.0,19.0,0.0,0.284,0.318,61.65,100.0,0.0,147.7,147.7,80.0,-3.0,3925.0,3925.0,0.0,0.0,0.0,0.0,0.0,0.0,0.0,0.0,0.0,0.0,0.0,0.0,0.0,0.0,0.0,0.0,4.2,4.2,0.0,0.0,0.0,0.0,0.0,0.0,0.0,0.0,0.0,0.0,0.0,0.0,0.0,0.0,0.0,0.0,3148.0,2833.0,315.0,0.0,0.0,0.0,100,0,0,True,,,,,,,,,,,,,1996-01-01,estimee,,
727,8704C,Limoges Centre,Limoges,Haute-Vienne,Nouvelle-Aquitaine,Ville De Limoges,LIMOGES CENTRES ENERGIES SERVICES (ENGIE SOLUTIONS),False,1990.0,0.6,11.0,0.0,0.363,0.406,,,,,,63.0,0.0,5079.0,3468.0,0.0,0.0,0.0,0.0,0.0,0.0,0.0,0.0,0.0,0.0,0.0,1611.0,0.0,0.0,0.0,0.0,10.4,10.4,0.0,0.0,0.0,0.0,0.0,0.0,0.0,0.0,0.0,0.0,0.0,0.0,0.0,0.0,0.0,0.0,3201.0,576.0,2625.0,0.0,0.0,0.0,100,0,0,True,Ville de Limoges,,,60.0,,matched_exact,,,,,,,2010-01-01,estimee,,
728,8707C,Réseau de chaleur Saint Yrieix la Perche,Saint-Yrieix-la-Perche,Haute-Vienne,Nouvelle-Aquitaine,Ville De Saint Yrieix La Perche,ENGIE SOLUTIONS Agence Atlantique Limousin,True,2018.0,4.5,25.0,88.4,0.034,0.058,,,,,,77.0,0.0,10421.0,1089.0,0.0,0.0,0.0,0.0,9208.0,0.0,0.0,0.0,0.0,0.0,0.0,0.0,0.0,124.0,0.0,0.0,7.8,2.5,0.0,0.0,0.0,0.0,2.8,0.0,0.0,0.0,0.0,0.0,0.0,0.0,0.0,2.5,0.0,0.0,8060.0,1290.0,6770.0,0.0,0.0,0.0,100,0,0,True,,,,,,,,,,,,,2038-01-01,estimee,,
729,8801C,Plateau de la Justice,Épinal,Vosges,Grand Est,Ville d'Epinal,COFELY SERVICES Agence Lorraine (ENGIE SOLUTIONS),True,1964.0,32.0,174.0,87.8,0.0,0.062,,,,,,79.0,0.0,99499.0,13645.0,0.0,0.0,0.0,0.0,85854.0,0.0,0.0,0.0,0.0,0.0,0.0,0.0,0.0,0.0,0.0,0.0,90.89,62.29,0.0,0.0,0.0,0.0,28.6,0.0,0.0,0.0,0.0,0.0,0.0,0.0,0.0,0.0,0.0,0.0,78693.0,26756.0,51937.0,0.0,0.0,0.0,100,0,0,True,,,,,,,,,,,,,1984-01-01,estimee,,
730,8802C,Quartier Kellerman,Saint-Dié-des-Vosges,Vosges,Grand Est,Ville de Saint Die,DALKIA,True,1965.0,9.0,63.0,52.8,0.101,0.14,120.39,54.0,46.0,120.18,148.07,82.0,0.0,29371.0,14460.0,0.0,0.0,0.0,0.0,11851.0,0.0,0.0,0.0,0.0,0.0,0.0,3060.0,0.0,0.0,0.0,0.0,30.48,24.48,0.0,0.0,0.0,0.0,6.0,0.0,0.0,0.0,0.0,0.0,0.0,0.0,0.0,0.0,0.0,0.0,24207.0,8715.0,9683.0,0.0,0.0,5810.0,100,0,0,True,,,,,,,,,,,,,1985-01-01,estimee,,
731,8806C,Réseau de Monthureux-sur-Saône,Monthureux-sur-Saône,Vosges,Grand Est,Communauté de commune Les Vosges côté Sud-Ouest,Communauté de communes de Vosges Côté Sud-Ouest (CCVCSO),True,2015.0,1.0,7.0,88.2,0.037,0.063,,,,,,69.0,0.0,863.0,162.0,0.0,0.0,0.0,0.0,701.0,0.0,0.0,0.0,0.0,0.0,0.0,0.0,0.0,0.0,0.0,0.0,1.55,0.8,0.0,0.0,0.0,0.0,0.75,0.0,0.0,0.0,0.0,0.0,0.0,0.0,0.0,0.0,0.0,0.0,595.0,0.0,595.0,0.0,0.0,0.0,100,0,0,True,,,,,,,,,,,,,2035-01-01,estimee,,
732,8807C,Chauffage urbain Fraize,Fraize,Vosges,Grand Est,Mairie de fraize,ENGIE SOLUTIONS LA DEFENSE,True,2004.0,2.0,13.0,73.3,0.088,0.12,181.61,32.0,68.0,123.66,156.19,69.0,0.0,1853.0,495.0,0.0,0.0,0.0,0.0,1358.0,0.0,0.0,0.0,0.0,0.0,0.0,0.0,0.0,0.0,0.0,0.0,0.98,0.48,0.0,0.0,0.0,0.0,0.5,0.0,0.0,0.0,0.0,0.0,0.0,0.0,0.0,0.0,0.0,0.0,1278.0,0.0,1278.0,0.0,0.0,0.0,100,0,0,True,,,,,,,,,,,,,2024-01-01,estimee,,
733,8812C,Réseau de Ventron,Ventron,Vosges,Grand Est,COMMUNE DE VENTRON,COMMUNE DE VENTRON,False,2007.0,,7.0,100.0,0.0,0.02,,,,,,94.0,0.0,317.0,0.0,0.0,0.0,0.0,0.0,317.0,0.0,0.0,0.0,0.0,0.0,0.0,0.0,0.0,0.0,0.0,0.0,0.32,0.0,0.0,0.0,0.0,0.0,0.32,0.0,0.0,0.0,0.0,0.0,0.0,0.0,0.0,0.0,0.0,0.0,300.0,90.0,210.0,0.0,0.0,0.0,100,0,0,True,,,,,,,,,,,,,2027-01-01,estimee,,
734,8814C,Vittel,Vittel,Vosges,Grand Est,Ville de Vittel,IDEX TERRITOIRES,True,2017.0,6.0,40.0,64.6,0.094,0.128,114.99,49.0,51.0,99.43,120.8,76.0,0.0,18472.0,6554.0,0.0,0.0,0.0,0.0,11918.0,0.0,0.0,0.0,0.0,0.0,0.0,0.0,0.0,0.0,0.0,0.0,15.65,13.15,0.0,0.0,0.0,0.0,2.5,0.0,0.0,0.0,0.0,0.0,0.0,0.0,0.0,0.0,0.0,0.0,14051.0,2810.0,11241.0,0.0,0.0,0.0,100,0,0,True,,,,,,,,,,,,,2037-01-01,estimee,,
735,8815C,Réseau de la ville de VAGNEY,Vagney,Vosges,Grand Est,Commune de VAGNEY,Commune de VAGNEY,True,2020.0,1.0,12.0,87.4,0.035,0.062,141.17,66.0,34.0,131.67,151.02,80.0,0.0,1907.0,242.0,0.0,0.0,0.0,0.0,1665.0,0.0,0.0,0.0,0.0,0.0,0.0,0.0,0.0,0.0,0.0,0.0,3.3,2.2,0.0,0.0,0.0,0.0,1.1,0.0,0.0,0.0,0.0,0.0,0.0,0.0,0.0,0.0,0.0,0.0,1532.0,8.0,1524.0,0.0,0.0,0.0,100,0,0,True,,,,,,,,,,,,,2040-01-01,estimee,,
736,8818C,Réseau de saint-Jean d'Ormont,Saint-Jean-d'Ormont,Vosges,Grand Est,Commune de Saint-Jean d'Ormont,Commune de Saint-Jean d'Ormont,True,2003.0,,2.0,100.0,0.0,0.018,,,,,,112.0,0.0,155.0,0.0,0.0,0.0,0.0,0.0,155.0,0.0,0.0,0.0,0.0,0.0,0.0,0.0,0.0,0.0,0.0,0.0,0.15,0.0,0.0,0.0,0.0,0.0,0.15,0.0,0.0,0.0,0.0,0.0,0.0,0.0,0.0,0.0,0.0,0.0,173.0,0.0,173.0,0.0,0.0,0.0,100,0,0,True,,,,,,,,,,,,,2023-01-01,estimee,,
737,8819C,Réseau de Denipaire,Denipaire,Vosges,Grand Est,Mairie de Denipaire,Mairie de Denipaire,False,,,11.0,100.0,0.0,0.032,84.45,100.0,0.0,,,54.0,0.0,387.0,0.0,0.0,0.0,0.0,0.0,387.0,0.0,0.0,0.0,0.0,0.0,0.0,0.0,0.0,0.0,0.0,0.0,1.0,0.0,0.0,0.0,0.0,0.0,1.0,0.0,0.0,0.0,0.0,0.0,0.0,0.0,0.0,0.0,0.0,0.0,207.0,145.0,62.0,0.0,0.0,0.0,100,0,0,True,,,,,,,,,,,,,,inconnue,,
738,8820C,Réseau de Rambervillers,Rambervillers,Vosges,Grand Est,EVODIA,FENIIX (SUEZ),True,2020.0,,18.0,95.2,0.015,0.02,96.89,35.0,65.0,77.91,107.65,60.0,0.0,6936.0,333.0,0.0,0.0,0.0,0.0,0.0,6603.0,0.0,0.0,0.0,0.0,0.0,0.0,0.0,0.0,0.0,0.0,9.3,3.8,0.0,0.0,0.0,0.0,0.0,5.5,0.0,0.0,0.0,0.0,0.0,0.0,0.0,0.0,0.0,0.0,4133.0,0.0,4133.0,0.0,0.0,0.0,100,0,0,True,Ville de Rambervillers,,,,,matched_exact,,,,,,,2040-01-01,estimee,,
739,8822C,Réseau de Chauffage Urbain de Saint-Nabord,Saint-Nabord,Vosges,Grand Est,Commune de Saint-Nabord,Commune de Saint-Nabord,False,,,12.0,96.6,0.009,0.03,116.33,44.0,56.0,99.05,122.98,90.0,0.0,1518.0,52.0,0.0,0.0,0.0,0.0,1466.0,0.0,0.0,0.0,0.0,0.0,0.0,0.0,0.0,0.0,0.0,0.0,0.75,0.25,0.0,0.0,0.0,0.0,0.5,0.0,0.0,0.0,0.0,0.0,0.0,0.0,0.0,0.0,0.0,0.0,1372.0,590.0,782.0,0.0,0.0,0.0,,,,True,,,,,,,,,,,,,,inconnue,,
740,8901C,Zup des Grahuches,Sens,Yonne,Bourgogne-Franche-Comté,Ville de Sens,Sens Bio Energie Services (ENGIE SOLUTIONS),True,1970.0,14.2,88.0,88.1,0.032,0.045,89.25,67.0,33.0,78.05,89.5,80.0,0.0,57197.0,7166.0,0.0,0.0,0.0,0.0,19075.0,0.0,30956.0,0.0,0.0,0.0,0.0,0.0,0.0,0.0,0.0,0.0,41.2,30.2,0.0,0.0,0.0,0.0,6.0,0.0,5.0,0.0,0.0,0.0,0.0,0.0,0.0,0.0,0.0,0.0,45900.0,13770.0,32130.0,0.0,0.0,0.0,0,100,0,True,,,,,,,,,,,,,1990-01-01,estimee,,
741,8902C,Réseau d'Auxerre - Zup de Sainte Geneviève,Auxerre,Yonne,Bourgogne-Franche-Comté,Ville d'Auxerre,AUXEV (CORIANCE),True,1976.0,7.0,37.0,78.7,0.045,0.072,,,,,,88.0,0.0,35770.0,7624.0,0.0,2.0,0.0,0.0,28144.0,0.0,0.0,0.0,0.0,0.0,0.0,0.0,0.0,0.0,0.0,0.0,35.41,22.47,0.0,4.05,0.0,0.0,8.89,0.0,0.0,0.0,0.0,0.0,0.0,0.0,0.0,0.0,0.0,0.0,31354.0,16640.0,5835.0,0.0,0.0,8880.0,100,0,0,True,,,,,,,,,,,,,1996-01-01,estimee,,
742,9002C,ZUP DES GLACIS,Belfort,Territoire de Belfort,Bourgogne-Franche-Comté,Grand Belfort Communauté d'Agglomération,DALKIA,True,1970.0,5.0,32.0,51.9,0.124,0.151,112.52,52.0,48.0,104.43,127.68,85.0,0.0,16085.0,7729.0,0.0,0.0,0.0,0.0,8356.0,0.0,0.0,0.0,0.0,0.0,0.0,0.0,0.0,0.0,0.0,0.0,8.0,5.0,0.0,0.0,0.0,0.0,3.0,0.0,0.0,0.0,0.0,0.0,0.0,0.0,0.0,0.0,0.0,0.0,13624.0,6540.0,2861.0,0.0,0.0,4223.0,100,0,0,True,,,,,,,,,,,,,1990-01-01,estimee,,
743,9101C,Réseau de Massy - Antony,"Antony,Massy","Essonne, Hauts-de-Seine",Île-de-France,SIMACUR,ENORIS (ENGIE SOLUTIONS),True,1970.0,35.4,284.0,80.6,0.068,0.085,116.48,38.0,62.0,105.74,136.28,84.0,-9.0,258101.0,33518.0,23445.0,1992.0,0.0,0.0,72150.0,126996.0,0.0,0.0,0.0,0.0,0.0,0.0,0.0,0.0,0.0,0.0,174.0,44.0,20.0,44.0,0.0,0.0,44.0,22.0,0.0,0.0,0.0,0.0,0.0,0.0,0.0,0.0,0.0,0.0,217699.0,163274.0,54425.0,0.0,0.0,0.0,28,72,0,True,,,,,,,,,,,,,1990-01-01,estimee,,
744,9102C,Réseau des Ulis,"Les Ulis,Saint-Jean-de-Beauregard",Essonne,Île-de-France,Ville des Ulis,ENERLIS (Dalkia),True,1968.0,17.0,86.0,63.8,0.048,0.064,110.11,48.0,52.0,115.43,146.49,60.0,0.0,202305.0,54113.0,0.0,0.0,0.0,0.0,19912.0,0.0,0.0,0.0,0.0,0.0,0.0,0.0,0.0,128280.0,0.0,0.0,99.9,87.9,0.0,0.0,0.0,0.0,12.0,0.0,0.0,0.0,0.0,0.0,0.0,0.0,0.0,0.0,0.0,0.0,122408.0,97926.0,24482.0,0.0,0.0,0.0,0,100,0,True,,,,,,,,,,,,,1988-01-01,estimee,,
745,9103C,Réseau d'Evry,"Évry-Courcouronnes,Lisses,Vert-le-Grand",Essonne,Île-de-France,Grand Paris Sud,Grand Paris Sud Energie Positive (Dalkia),True,1997.0,44.0,395.0,75.5,0.062,0.072,105.89,44.0,56.0,106.74,136.66,86.0,6.0,260859.0,59574.0,0.0,0.0,0.0,0.0,0.0,0.0,161297.0,0.0,24830.0,15158.0,0.0,0.0,0.0,0.0,0.0,0.0,203.8,125.9,0.0,0.0,0.0,0.0,0.0,0.0,35.0,0.0,13.5,11.4,0.0,0.0,0.0,18.0,0.0,0.0,223856.0,147745.0,76111.0,0.0,0.0,0.0,100,0,0,True,,,,,,,,,,,,,2017-01-01,estimee,,
746,9104C,Domaine du Bois des Roches,Saint-Michel-sur-Orge,Essonne,Île-de-France,ENGIE Solutions,ENGIE SOLUTIONS,False,,3.5,27.0,0.0,0.204,0.224,45.97,65.0,35.0,39.09,43.79,106.0,2.0,30897.0,30897.0,0.0,0.0,0.0,0.0,0.0,0.0,0.0,0.0,0.0,0.0,0.0,0.0,0.0,0.0,0.0,0.0,40.8,40.8,0.0,0.0,0.0,0.0,0.0,0.0,0.0,0.0,0.0,0.0,0.0,0.0,0.0,0.0,0.0,0.0,32665.0,30705.0,1960.0,0.0,0.0,0.0,100,0,0,True,,,,,,,,,,,,,,inconnue,,
747,9105C,Réseau de Grigny,Grigny,Essonne,Île-de-France,RYE - OPIEVOY,SOCCRAM (ENGIE SOLUTIONS),False,1970.0,6.5,31.0,19.5,0.202,0.226,62.3,68.0,32.0,70.31,86.85,83.0,0.0,38574.0,11691.0,0.0,0.0,0.0,0.0,0.0,0.0,0.0,0.0,0.0,0.0,0.0,12077.0,0.0,14806.0,0.0,0.0,33.95,67.9,0.0,0.0,0.0,0.0,0.0,0.0,0.0,0.0,0.0,0.0,0.0,0.0,0.0,0.0,0.0,0.0,31869.0,30276.0,1593.0,0.0,0.0,0.0,100,0,0,True,,,,,,,,,,,,,1990-01-01,estimee,,
748,9106C,OROBIA - Réseau de Brétigny-sur-Orge,Brétigny-sur-Orge,Essonne,Île-de-France,Ville De Brétigny Sur Orge,OROBIA (ENGIE SOLUTIONS),True,2011.0,3.3,27.0,77.5,0.057,0.081,126.75,45.0,55.0,117.12,146.88,88.0,3.0,13373.0,3192.0,0.0,0.0,0.0,0.0,10181.0,0.0,0.0,0.0,0.0,0.0,0.0,0.0,0.0,0.0,0.0,0.0,10.0,5.0,0.0,0.0,0.0,0.0,5.0,0.0,0.0,0.0,0.0,0.0,0.0,0.0,0.0,0.0,0.0,0.0,11711.0,11243.0,468.0,0.0,0.0,0.0,100,0,0,True,,,,,,,,,,,,,2031-01-01,estimee,,
749,9107C,Réseau de Dourdan,Dourdan,Essonne,Île-de-France,Commune de Dourdan,IDEX TERRITOIRES,False,1970.0,3.0,16.0,0.0,0.261,0.299,,,,,,82.0,0.0,9898.0,4516.0,0.0,75.0,0.0,0.0,0.0,0.0,0.0,0.0,0.0,0.0,0.0,5307.0,0.0,0.0,0.0,0.0,25.93,19.83,0.0,6.1,0.0,0.0,0.0,0.0,0.0,0.0,0.0,0.0,0.0,0.0,0.0,0.0,0.0,0.0,8122.0,6498.0,1624.0,0.0,0.0,0.0,100,0,0,True,Ville de Dourdan,,,,,matched_exact,,,,,,,1990-01-01,estimee,,
750,9109C,Vigneux - Concorde,"Montgeron,Vigneux-sur-Seine",Essonne,Île-de-France,Ville de Vigneux-sur-Seine,CONCORDIA ENERGIE (IDEX),True,1970.0,7.0,77.0,84.3,0.039,0.057,,,,,,94.0,0.0,53093.0,10118.0,0.0,823.0,0.0,0.0,0.0,0.0,0.0,0.0,42152.0,0.0,0.0,0.0,0.0,0.0,0.0,0.0,65.0,30.0,0.0,24.0,0.0,0.0,0.0,0.0,0.0,0.0,11.0,0.0,0.0,0.0,0.0,0.0,0.0,0.0,50031.0,45028.0,5003.0,0.0,0.0,0.0,100,0,0,True,Ville de Vigneux sur Seine,,,,,matched_exact,,,,,,,1990-01-01,estimee,,
751,9114C,Réseau d'Épinay-sous-Sénart,"Brunoy,Épinay-sous-Sénart",Essonne,Île-de-France,Ville d'Epinay-sous-Senart,SEMGEP,True,1984.0,10.0,85.0,74.3,0.061,0.08,130.45,49.0,51.0,,,94.0,0.0,41282.0,10892.0,0.0,0.0,0.0,0.0,0.0,0.0,0.0,0.0,30390.0,0.0,0.0,0.0,0.0,0.0,0.0,0.0,44.0,34.0,0.0,0.0,0.0,0.0,0.0,0.0,0.0,0.0,10.0,0.0,0.0,0.0,0.0,0.0,0.0,0.0,39021.0,33558.0,5463.0,0.0,0.0,0.0,100,0,0,True,,,,,,,,,,,,,2004-01-01,estimee,,
752,9115C,Réseau de Ris-Orangis,Ris-Orangis,Essonne,Île-de-France,Essonne Habitat,ENERGIE NOUVELLE DE RIS (CORIANCE),False,1984.0,2.0,23.0,73.9,0.05,0.073,,,,,,93.0,0.0,49684.0,12971.0,0.0,0.0,0.0,0.0,0.0,0.0,0.0,0.0,36713.0,0.0,0.0,0.0,0.0,0.0,0.0,0.0,17.7,9.8,0.0,0.0,0.0,0.0,0.0,0.0,0.0,0.0,7.9,0.0,0.0,0.0,0.0,0.0,0.0,0.0,46091.0,14901.0,31190.0,0.0,0.0,0.0,100,0,0,True,,,,,,,,,,,,,2004-01-01,estimee,,
753,9118C,Réseau SEER Grigny-Viry,"Fleury-Mérogis,Grigny,Ris-Orangis,Sainte-Geneviève-des-Bois,Viry-Châtillon",Essonne,Île-de-France,SIPPEREC,SEER (ENGIE SOLUTIONS),True,1970.0,31.0,146.0,61.0,0.086,0.109,,,,,,92.0,0.0,154241.0,57220.0,0.0,0.0,0.0,0.0,0.0,0.0,0.0,0.0,67491.0,0.0,0.0,0.0,0.0,29530.0,0.0,0.0,100.1,87.6,0.0,0.0,0.0,0.0,0.0,0.0,0.0,0.0,12.5,0.0,0.0,0.0,0.0,0.0,0.0,0.0,134548.0,79313.0,55235.0,0.0,0.0,0.0,100,0,0,True,,,,,,,,,,,,,1990-01-01,estimee,,
754,9119C,Parc d'activités,"Les Ulis,Villebon-sur-Yvette,Villejust",Essonne,Île-de-France,SIOM VILLEJUST,DALKIA Paris la Defense,True,1984.0,12.0,19.0,100.0,0.0,0.004,59.76,73.0,27.0,72.91,87.52,90.0,0.0,84919.0,0.0,0.0,0.0,0.0,0.0,0.0,0.0,83959.0,0.0,0.0,0.0,0.0,0.0,0.0,960.0,0.0,0.0,20.0,0.0,0.0,0.0,0.0,0.0,0.0,0.0,20.0,0.0,0.0,0.0,0.0,0.0,0.0,0.0,0.0,0.0,76429.0,64965.0,11464.0,0.0,0.0,0.0,0,100,0,True,,,,,,,,,,,,,2004-01-01,estimee,,
755,9120C,Réseau de Viry Chatillon,Viry-Châtillon,Essonne,Île-de-France,SOCIETE NATIONALE IMMOBILIERE,DALKIA Paris la Defense,False,2004.0,1.0,80.0,0.0,0.21,0.248,119.97,60.0,40.0,100.08,114.94,92.0,229.0,10514.0,10514.0,0.0,0.0,0.0,0.0,0.0,0.0,0.0,0.0,0.0,0.0,0.0,0.0,0.0,0.0,0.0,0.0,10.4,10.4,0.0,0.0,0.0,0.0,0.0,0.0,0.0,0.0,0.0,0.0,0.0,0.0,0.0,0.0,0.0,0.0,9656.0,9656.0,0.0,0.0,0.0,0.0,100,0,0,True,,,,,,,,,,,,,2024-01-01,estimee,,
756,9121C,Réseau de chaleur de l'écoquartier Camille Claudel,Palaiseau,Essonne,Île-de-France,CAMILLE CLAUDEL ENERGIE,DALKIA Paris la Defense,False,2016.0,2.0,21.0,74.2,0.064,0.088,169.4,41.0,59.0,224.29,302.29,91.0,5.0,12189.0,3149.0,0.0,0.0,0.0,0.0,9040.0,0.0,0.0,0.0,0.0,0.0,0.0,0.0,0.0,0.0,0.0,0.0,13.3,10.3,0.0,0.0,0.0,0.0,3.0,0.0,0.0,0.0,0.0,0.0,0.0,0.0,0.0,0.0,0.0,0.0,11129.0,8458.0,2671.0,0.0,0.0,0.0,100,0,0,True,,,,,,,,,,,,,2036-01-01,estimee,,
757,9122C,Réseau du quartier du Grand Parc de Bondoufle,Bondoufle,Essonne,Île-de-France,Grand Paris Sud,Grand Paris Sud,True,2017.0,,26.0,79.0,0.053,0.076,112.08,42.0,58.0,122.17,159.53,91.0,1.0,9849.0,2307.0,0.0,0.0,0.0,0.0,7542.0,0.0,0.0,0.0,0.0,0.0,0.0,0.0,0.0,0.0,0.0,0.0,6.27,4.55,0.0,0.0,0.0,0.0,1.72,0.0,0.0,0.0,0.0,0.0,0.0,0.0,0.0,0.0,0.0,0.0,8989.0,8629.0,0.0,0.0,0.0,360.0,100,0,0,True,,,,,,,,,,,,,2037-01-01,estimee,,
758,9123C,BET Paris Saclay,"Gif-sur-Yvette,Orsay,Palaiseau",Essonne,Île-de-France,EPA Paris Saclay,EPA Paris Saclay,False,2017.0,9.0,48.0,55.4,0.145,0.133,211.22,66.0,34.0,151.48,178.03,63.0,0.0,73596.0,16325.0,0.0,0.0,0.0,0.0,0.0,0.0,0.0,0.0,4192.0,53079.0,0.0,0.0,0.0,0.0,0.0,0.0,130.0,55.0,0.0,0.0,0.0,0.0,0.0,0.0,0.0,0.0,8.0,12.0,0.0,55.0,0.0,0.0,0.0,0.0,46297.0,14352.0,27315.0,4630.0,0.0,0.0,100,0,0,True,,,,,,,,,,,,,2037-01-01,estimee,,
759,9125C,Ris-Orangis Dock et Gare,Ris-Orangis,Essonne,Île-de-France,Grand Paris Sud,DALKIA Paris la Defense,False,2019.0,2.0,24.0,56.7,0.119,0.122,190.57,33.0,67.0,201.07,270.0,80.0,0.0,8286.0,2116.0,0.0,0.0,0.0,0.0,1365.0,0.0,0.0,0.0,1527.0,2369.0,0.0,342.0,0.0,0.0,567.0,0.0,7.79,3.56,0.0,0.0,0.0,0.0,0.8,0.0,0.0,0.0,0.9,1.69,0.0,0.0,0.0,0.0,0.84,0.0,6588.0,6456.0,132.0,0.0,0.0,0.0,100,0,0,True,,,,,,,,,,,,,2039-01-01,estimee,,
760,9127C,Réseau chaud de l'école polytechnique,Palaiseau,Essonne,Île-de-France,Ecole Polytechnique,Ecole Polytechnique,False,,,30.0,0.0,0.21,0.236,,,,,,100.0,0.0,15250.0,15250.0,0.0,0.0,0.0,0.0,0.0,0.0,0.0,0.0,0.0,0.0,0.0,0.0,0.0,0.0,0.0,0.0,13.5,13.5,0.0,0.0,0.0,0.0,0.0,0.0,0.0,0.0,0.0,0.0,0.0,0.0,0.0,0.0,0.0,0.0,15250.0,0.0,0.0,0.0,0.0,15250.0,,,,True,,,,,,,,,,,,,,inconnue,,
761,9128C,Liaison chauffage Orme,"Saclay,Saint-Aubin",Essonne,Île-de-France,CEA PARIS SACLAY,CEA PARIS SACLAY,False,,,98.0,0.0,0.198,0.223,,,,,,107.0,0.0,50058.0,16510.0,0.0,0.0,0.0,0.0,0.0,0.0,0.0,0.0,0.0,0.0,0.0,0.0,0.0,33548.0,0.0,0.0,46.4,34.4,0.0,0.0,0.0,0.0,0.0,0.0,0.0,0.0,0.0,0.0,0.0,0.0,0.0,12.0,0.0,0.0,53708.0,0.0,21483.0,0.0,0.0,32225.0,,,,True,,,,,,,,,,,,,,inconnue,,
762,9201C,Réseau de Meudon,Meudon,Hauts-de-Seine,Île-de-France,ENGIE SOLUTIONS Ile de France,ENGIE SOLUTIONS Ile de France,False,1962.0,8.3,69.0,0.0,0.25,0.284,118.25,47.0,53.0,124.82,159.33,86.0,-17.0,78520.0,78520.0,0.0,0.0,0.0,0.0,0.0,0.0,0.0,0.0,0.0,0.0,0.0,0.0,0.0,0.0,0.0,0.0,87.0,87.0,0.0,0.0,0.0,0.0,0.0,0.0,0.0,0.0,0.0,0.0,0.0,0.0,0.0,0.0,0.0,0.0,67796.0,64406.0,3390.0,0.0,0.0,0.0,0,100,0,True,,,,,,,,,,,,,1982-01-01,estimee,,
763,9202C,Les Fosses Jean Nord,Colombes,Hauts-de-Seine,Île-de-France,Colombes Habitat Public,Colombes Habitat Public,False,1969.0,,18.0,0.0,0.241,0.27,155.11,81.0,19.0,121.44,133.84,95.0,20.0,15082.0,15082.0,0.0,0.0,0.0,0.0,0.0,0.0,0.0,0.0,0.0,0.0,0.0,0.0,0.0,0.0,0.0,0.0,16.05,16.05,0.0,0.0,0.0,0.0,0.0,0.0,0.0,0.0,0.0,0.0,0.0,0.0,0.0,0.0,0.0,0.0,14283.0,10284.0,3999.0,0.0,0.0,0.0,100,0,0,True,,,,,,,,,,,,,1989-01-01,estimee,,
764,9204C,ZAC Sainte Geneviève,Nanterre,Hauts-de-Seine,Île-de-France,Mairie de Nanterre,ENGIE COFELY (SOCCRAM) (ENGIE SOLUTIONS),False,2015.0,6.5,15.0,33.1,0.162,0.161,214.92,51.0,49.0,217.12,271.03,89.0,-85.0,5598.0,1404.0,0.0,0.0,0.0,0.0,0.0,0.0,0.0,0.0,0.0,2790.0,0.0,1404.0,0.0,0.0,0.0,0.0,6.28,5.48,0.0,0.0,0.0,0.0,0.0,0.0,0.0,0.0,0.0,0.8,0.0,0.0,0.0,0.0,0.0,0.0,4980.0,0.0,0.0,0.0,0.0,4980.0,100,0,0,True,,,,,,,,,,,,,2035-01-01,estimee,,
765,9205C,Réseau Gennevilliers,Gennevilliers,Hauts-de-Seine,Île-de-France,ville de Gennevilliers,GENNEVILLIERS ENERGIES (ENGIE SOLUTIONS),True,1971.0,15.0,131.0,62.3,0.092,0.12,121.5,41.0,59.0,98.49,122.8,95.0,5.0,85348.0,37301.0,0.0,0.0,0.0,0.0,48047.0,0.0,0.0,0.0,0.0,0.0,0.0,0.0,0.0,0.0,0.0,0.0,76.5,59.5,0.0,0.0,0.0,0.0,17.0,0.0,0.0,0.0,0.0,0.0,0.0,0.0,0.0,0.0,0.0,0.0,80950.0,0.0,0.0,0.0,0.0,80950.0,100,0,0,True,,,,,,,,,,,,,1991-01-01,estimee,,
766,9209C,Réseau de Chaville,Chaville,Hauts-de-Seine,Île-de-France,Ville de Chaville,ENGIE HOME SERVICES (ENGIE SOLUTIONS),False,1972.0,2.4,16.0,0.0,0.198,0.249,95.13,52.0,48.0,90.99,110.48,91.0,-95.0,12555.0,12555.0,0.0,0.0,0.0,0.0,0.0,0.0,0.0,0.0,0.0,0.0,0.0,0.0,0.0,0.0,0.0,0.0,11.74,11.74,0.0,0.0,0.0,0.0,0.0,0.0,0.0,0.0,0.0,0.0,0.0,0.0,0.0,0.0,0.0,0.0,11467.0,11467.0,0.0,0.0,0.0,0.0,100,0,0,True,,,,,,,,,,,,,1992-01-01,estimee,,
767,9211C,Réseau de chaleur de Levallois,Levallois-Perret,Hauts-de-Seine,Île-de-France,Ville de Levallois,KALITA (IDEX),True,1970.0,19.0,306.0,50.3,0.169,0.198,,,,,,88.0,0.0,143603.0,0.0,0.0,0.0,0.0,0.0,0.0,0.0,0.0,0.0,0.0,0.0,0.0,0.0,0.0,143603.0,0.0,0.0,0.0,0.0,0.0,0.0,0.0,0.0,0.0,0.0,0.0,0.0,0.0,0.0,0.0,0.0,0.0,0.0,0.0,0.0,126377.0,84546.0,41831.0,0.0,0.0,0.0,100,0,0,True,,,,,,,,,,,,,1990-01-01,estimee,,
768,9217C,Réseau du Plessis-Robinson (HLM) - Tecni,Le Plessis-Robinson,Hauts-de-Seine,Île-de-France,OPHLM des Hauts de Seine,TECNI (DALKIA),False,1999.0,,35.0,27.3,0.165,0.178,202.36,78.0,22.0,,,92.0,0.0,31535.0,12669.0,0.0,0.0,0.0,0.0,0.0,0.0,0.0,0.0,0.0,10614.0,0.0,8252.0,0.0,0.0,0.0,0.0,10.68,3.68,0.0,0.0,0.0,0.0,0.0,0.0,0.0,0.0,0.0,7.0,0.0,0.0,0.0,0.0,0.0,0.0,28964.0,26647.0,2317.0,0.0,0.0,0.0,100,0,0,True,,,,,,,,,,,,,2019-01-01,estimee,,
769,9219C,Réseau chaud Seguin Rives de Seine,Boulogne-Billancourt,Hauts-de-Seine,Île-de-France,VILLE DE BOULOGNE BILLANCOURT,IDEX Seguin Rives de Seine Energies,True,2006.0,5.0,110.0,56.6,0.122,0.13,147.34,74.0,26.0,137.6,151.5,97.0,0.0,66807.0,0.0,0.0,0.0,0.0,0.0,0.0,0.0,0.0,0.0,0.0,22084.0,0.0,0.0,0.0,44723.0,0.0,0.0,19.0,0.0,0.0,0.0,0.0,0.0,0.0,0.0,0.0,0.0,0.0,19.0,0.0,0.0,0.0,0.0,0.0,0.0,64787.0,38872.0,25915.0,0.0,0.0,0.0,100,0,0,True,,,,,,,,,,,,,2026-01-01,estimee,,
770,9222C,Réseau de Suresnes,Suresnes,Hauts-de-Seine,Île-de-France,Ville de Suresnes,SOCLIS (Dalkia),False,1986.0,7.0,98.0,12.4,0.2,0.221,156.21,74.0,26.0,145.91,161.25,91.0,0.0,54797.0,23183.0,0.0,0.0,0.0,0.0,0.0,0.0,0.0,0.0,0.0,8934.0,0.0,22680.0,0.0,0.0,0.0,0.0,58.64,56.0,0.0,0.0,0.0,0.0,0.0,0.0,0.0,0.0,0.0,2.64,0.0,0.0,0.0,0.0,0.0,0.0,49917.0,39934.0,9983.0,0.0,0.0,0.0,0,100,0,True,MAIRIE DE SURESNES,,,,,matched_exact,,,,,,,2006-01-01,estimee,,
771,9224C,Réseau SEINERGIE,Courbevoie,Hauts-de-Seine,Île-de-France,Ville de Courbevoie,SEINERGIE (DALKIA),False,1994.0,12.0,160.0,18.9,0.189,0.201,144.92,64.0,36.0,132.77,154.87,91.0,6.0,90368.0,41337.0,0.0,0.0,0.0,0.0,0.0,0.0,0.0,0.0,0.0,8545.0,0.0,40486.0,0.0,0.0,0.0,0.0,56.0,42.0,0.0,0.0,0.0,0.0,0.0,0.0,0.0,0.0,0.0,14.0,0.0,0.0,0.0,0.0,0.0,0.0,82145.0,59144.0,23001.0,0.0,0.0,0.0,100,0,0,True,,,,,,,,,,,,,2014-01-01,estimee,,
772,9225C,Réseau de La Défense,"Courbevoie,Nanterre,Puteaux",Hauts-de-Seine,Île-de-France,GENERIA,IDEX La Défense,False,1970.0,23.0,275.0,40.2,0.144,0.187,,,,,,91.0,0.0,227589.0,98432.0,0.0,0.0,0.0,0.0,29434.0,0.0,0.0,0.0,0.0,45033.0,0.0,54690.0,0.0,0.0,0.0,0.0,353.0,194.0,0.0,0.0,0.0,0.0,45.0,0.0,0.0,0.0,0.0,12.0,0.0,102.0,0.0,0.0,0.0,0.0,207664.0,85105.0,122559.0,0.0,0.0,0.0,0,100,0,True,,,,,,,,,,,,,1990-01-01,estimee,,
773,9226C,Résidence Villeneuve,Villeneuve-la-Garenne,Hauts-de-Seine,Île-de-France,Villeneuve Energies Nouvelles,GVEN (ENGIE SOLUTIONS),False,1968.0,2.0,22.0,0.0,0.292,0.327,107.81,26.0,74.0,62.13,78.85,89.0,1.0,3966.0,3966.0,0.0,0.0,0.0,0.0,0.0,0.0,0.0,0.0,0.0,0.0,0.0,0.0,0.0,0.0,0.0,0.0,26.8,26.8,0.0,0.0,0.0,0.0,0.0,0.0,0.0,0.0,0.0,0.0,0.0,0.0,0.0,0.0,0.0,0.0,3540.0,3186.0,354.0,0.0,0.0,0.0,100,0,0,True,,,,,,,,,,,,,1988-01-01,estimee,,
774,9230C,Réseau Enebio,Puteaux,Hauts-de-Seine,Île-de-France,Ville de Puteaux,ENEBIO (DALKIA),False,2005.0,4.0,38.0,0.0,0.216,0.244,114.07,67.0,33.0,96.34,108.84,89.0,0.0,34615.0,0.0,0.0,0.0,0.0,0.0,0.0,0.0,0.0,0.0,0.0,0.0,0.0,34615.0,0.0,0.0,0.0,0.0,62.1,62.1,0.0,0.0,0.0,0.0,0.0,0.0,0.0,0.0,0.0,0.0,0.0,0.0,0.0,0.0,0.0,0.0,30901.0,16378.0,14523.0,0.0,0.0,0.0,100,0,0,True,,,,,,,,,,,,,2025-01-01,estimee,,
775,9232C,Réseau Quartier Hoche,Nanterre,Hauts-de-Seine,Île-de-France,GENERIA,ENERBIOSA (IDEX),True,1970.0,1.0,12.0,61.2,0.095,0.119,,,,,,93.0,0.0,8066.0,3131.0,0.0,0.0,0.0,0.0,4936.0,0.0,0.0,0.0,0.0,0.0,0.0,0.0,0.0,0.0,0.0,0.0,5.08,3.4,0.0,0.0,0.0,0.0,1.68,0.0,0.0,0.0,0.0,0.0,0.0,0.0,0.0,0.0,0.0,0.0,7484.0,7484.0,0.0,0.0,0.0,0.0,100,0,0,True,,,,,,,,,,,,,1990-01-01,estimee,,
776,9233C,Réseau de la Zac de la Marine,Colombes,Hauts-de-Seine,Île-de-France,Ville de Colombes,BOISMARINE (DALKIA),True,2013.0,1.0,22.0,48.8,0.121,0.146,132.6,58.0,42.0,130.31,156.72,92.0,0.0,10413.0,5183.0,0.0,0.0,0.0,0.0,4970.0,0.0,0.0,0.0,0.0,0.0,0.0,260.0,0.0,0.0,0.0,0.0,12.45,11.12,0.0,0.0,0.0,0.0,1.33,0.0,0.0,0.0,0.0,0.0,0.0,0.0,0.0,0.0,0.0,0.0,9603.0,9411.0,192.0,0.0,0.0,0.0,100,0,0,True,,,,,,,,,,,,,2033-01-01,estimee,,
777,9234C,Réseau du Fort d'Issy,Issy-les-Moulineaux,Hauts-de-Seine,Île-de-France,GEOFORT,DALKIA TOURS,False,,,19.0,41.1,0.169,0.148,169.68,50.0,50.0,250.83,331.76,70.0,0.0,15995.0,3835.0,0.0,0.0,0.0,0.0,0.0,0.0,0.0,0.0,2475.0,7286.0,0.0,2399.0,0.0,0.0,0.0,0.0,10.4,4.02,0.0,0.0,0.0,0.0,0.0,0.0,0.0,0.0,2.33,4.05,0.0,0.0,0.0,0.0,0.0,0.0,11121.0,7562.0,3559.0,0.0,0.0,0.0,100,0,0,True,,,,,,,,,,,,,,inconnue,,
778,9235C,Réseau de Clichy,Clichy,Hauts-de-Seine,Île-de-France,Ville de Clichy,CEVE (Coriance - IDEX),False,,24.0,214.0,39.3,0.19,0.221,,,,,,87.0,0.0,153815.0,39909.0,0.0,0.0,0.0,0.0,13399.0,0.0,0.0,0.0,0.0,0.0,0.0,27135.0,0.0,73372.0,0.0,0.0,147.01,140.0,0.0,0.0,0.0,0.0,7.01,0.0,0.0,0.0,0.0,0.0,0.0,0.0,0.0,0.0,0.0,0.0,133769.0,82535.0,27155.0,2274.0,0.0,21804.0,17,0,83,True,,,,,,,,,,,,,,inconnue,,
779,9236C,Réseau de Bagneux-Chatillon,"Bagneux,Châtillon,Fontenay-aux-Roses",Hauts-de-Seine,Île-de-France,SIPPEREC,BAGEOPS (DALKIA),True,2016.0,12.0,105.0,59.0,0.096,0.106,147.48,34.0,66.0,136.65,179.66,91.0,2.0,91161.0,31766.0,0.0,0.0,0.0,0.0,0.0,0.0,0.0,0.0,34650.0,24745.0,0.0,0.0,0.0,0.0,0.0,0.0,38.0,23.5,0.0,0.0,0.0,0.0,0.0,0.0,0.0,0.0,8.5,6.0,0.0,0.0,0.0,0.0,0.0,0.0,82825.0,67088.0,15737.0,0.0,0.0,0.0,100,0,0,True,,,,,,,,,,,,,2036-01-01,estimee,,
780,9240C,RUEIL ENERGIE,"Chatou,Rueil-Malmaison","Hauts-de-Seine, Yvelines",Île-de-France,Ville de Rueil Malmaison,RUEIL ENERGIE (ENGIE SOLUTIONS),False,2022.0,,116.0,43.9,0.134,0.14,119.55,43.0,57.0,106.84,134.72,90.0,46.0,79693.0,27908.0,0.0,0.0,0.0,0.0,0.0,0.0,0.0,0.0,0.0,41242.0,0.0,9108.0,0.0,1435.0,0.0,0.0,54.8,81.2,0.0,0.0,0.0,0.0,0.0,0.0,0.0,0.0,0.0,14.2,0.0,0.0,0.0,0.0,0.0,0.0,71889.0,0.0,0.0,0.0,0.0,71889.0,100,0,0,True,Commune de Rueil-Malmaison,,,,,matched_exact,,,,,,,2042-01-01,estimee,,
781,9242C,RCU Clamart Plaine Sud,Clamart,Hauts-de-Seine,Île-de-France,Flowergy Clamart,Agronergy,False,,,10.0,55.0,0.098,0.121,97.94,44.0,56.0,175.0,240.93,100.0,0.0,7218.0,3527.0,0.0,0.0,0.0,0.0,3691.0,0.0,0.0,0.0,0.0,0.0,0.0,0.0,0.0,0.0,0.0,0.0,3.0,1.0,0.0,0.0,0.0,0.0,2.0,0.0,0.0,0.0,0.0,0.0,0.0,0.0,0.0,0.0,0.0,0.0,7218.0,7218.0,0.0,0.0,0.0,0.0,100,0,0,True,,,,,,,,,,,,,,inconnue,,
782,9244C,Flowergy Asnières – RCU Parc d’Affaires,Asnières-sur-Seine,Hauts-de-Seine,Île-de-France,Flowergy Asnières,Eiffage Energie Systèmes Clévia IDF,False,2021.0,,17.0,36.4,0.131,0.131,177.1,38.0,62.0,152.62,196.23,104.0,0.0,9772.0,1595.0,0.0,0.0,0.0,0.0,0.0,0.0,0.0,0.0,0.0,5008.0,0.0,3169.0,0.0,0.0,0.0,0.0,2.39,0.89,0.0,0.0,0.0,0.0,0.0,0.0,0.0,0.0,0.0,1.5,0.0,0.0,0.0,0.0,0.0,0.0,10145.0,0.0,0.0,0.0,0.0,10145.0,100,0,0,True,,,,,,,,,,,,,2041-01-01,estimee,,
783,9245C,RCU du quartier Issy Cœur de Ville,Issy-les-Moulineaux,Hauts-de-Seine,Île-de-France,ASL MY SYNDIC,ENGIE ENERGIE SERVICES Courbevoie,False,,,18.0,57.9,0.121,0.083,251.47,21.0,79.0,106.93,133.68,67.0,0.0,8085.0,918.0,0.0,0.0,0.0,0.0,0.0,0.0,0.0,0.0,0.0,7167.0,0.0,0.0,0.0,0.0,0.0,0.0,7.23,1.98,0.0,0.0,0.0,0.0,0.0,0.0,0.0,0.0,0.0,5.25,0.0,0.0,0.0,0.0,0.0,0.0,5433.0,5433.0,0.0,0.0,0.0,0.0,,,,True,,,,,,,,,,,,,,inconnue,,
784,9301C,Réseau de Saint Denis,"Aubervilliers,L'Île-Saint-Denis,La Courneuve,Pierrefitte-sur-Seine,Saint-Denis,Saint-Ouen-sur-Seine,Stains",Seine-Saint-Denis,Île-de-France,SMIREC,PCE (ENGIE SOLUTIONS),True,1957.0,70.4,639.0,65.1,0.094,0.12,130.42,54.0,46.0,177.13,200.48,85.0,1.0,373940.0,132155.0,0.0,0.0,0.0,0.0,241785.0,0.0,0.0,0.0,0.0,0.0,0.0,0.0,0.0,0.0,0.0,0.0,194.5,152.0,0.0,0.0,0.0,0.0,42.5,0.0,0.0,0.0,0.0,0.0,0.0,0.0,0.0,0.0,0.0,0.0,317817.0,254254.0,63563.0,0.0,0.0,0.0,28.9,70.5,0.6,True,,,,,,,,,,,,,1977-01-01,estimee,,
785,9302C,Réseau de Bagnolet,"Bagnolet,Montreuil",Seine-Saint-Denis,Île-de-France,Ville de Bagnolet,SDCB SAS (ENGIE SOLUTIONS),True,1966.0,20.0,173.0,62.5,0.095,0.12,123.11,56.0,44.0,103.84,121.06,85.0,5.0,129191.0,53318.0,0.0,43.0,0.0,0.0,75830.0,0.0,0.0,0.0,0.0,0.0,0.0,0.0,0.0,0.0,0.0,0.0,84.0,44.0,0.0,18.0,0.0,0.0,22.0,0.0,0.0,0.0,0.0,0.0,0.0,0.0,0.0,0.0,0.0,0.0,109911.0,0.0,0.0,0.0,0.0,109911.0,100,0,0,True,,,,,,,,,,,,,1986-01-01,estimee,,
786,9303C,Zup de Bobigny - Genyo,"Bobigny,Drancy",Seine-Saint-Denis,Île-de-France,SIPPEREC,IDEX ENERGIES Boulogne Billancourt,True,1970.0,25.0,154.0,48.0,0.122,0.126,113.55,46.0,54.0,127.07,164.57,91.0,-14.0,139753.0,60778.0,0.0,0.0,0.0,0.0,0.0,0.0,0.0,0.0,31202.0,47773.0,0.0,0.0,0.0,0.0,0.0,0.0,152.05,92.75,0.0,0.0,0.0,0.0,0.0,0.0,0.0,0.0,43.4,15.9,0.0,0.0,0.0,0.0,0.0,0.0,127756.0,95817.0,31939.0,0.0,0.0,0.0,100,0,0,True,,,,,,,,,,,,,1990-01-01,estimee,,
787,9304C,Zac de Sevran,"Sevran,Villepinte",Seine-Saint-Denis,Île-de-France,ville de Sevran,SEVEO GIE (ENGIE SOLUTIONS),True,1977.0,11.1,61.0,65.5,0.093,0.114,120.02,56.0,44.0,106.79,126.85,86.0,0.0,70631.0,24369.0,0.0,0.0,0.0,0.0,46262.0,0.0,0.0,0.0,0.0,0.0,0.0,0.0,0.0,0.0,0.0,0.0,58.0,46.0,0.0,0.0,0.0,0.0,12.0,0.0,0.0,0.0,0.0,0.0,0.0,0.0,0.0,0.0,0.0,0.0,60649.0,48519.0,12130.0,0.0,0.0,0.0,100,0,0,True,,,,,,,,,,,,,1997-01-01,estimee,,
788,9305C,Zup des Fauvettes,Neuilly-sur-Marne,Seine-Saint-Denis,Île-de-France,Ville de Neuilly sur Marne,SGRM (IDEX),True,1970.0,11.0,86.0,73.4,0.059,0.067,145.27,41.0,59.0,131.28,167.03,98.0,0.0,65735.0,13553.0,0.0,0.0,0.0,0.0,0.0,0.0,0.0,0.0,31412.0,20770.0,0.0,0.0,0.0,0.0,0.0,0.0,55.7,36.0,0.0,0.0,0.0,0.0,0.0,0.0,0.0,0.0,12.0,7.7,0.0,0.0,0.0,0.0,0.0,0.0,63251.0,54723.0,8528.0,0.0,0.0,0.0,100,0,0,True,,,,,,,,,,,,,1990-01-01,estimee,,
789,9306C,Réseau de Villepinte,Villepinte,Seine-Saint-Denis,Île-de-France,Ville de Villepinte,GEOPICTA (ENGIE SOLUTIONS),True,1978.0,10.9,73.0,69.9,0.079,0.1,133.35,27.0,73.0,122.23,167.51,89.0,14.0,50304.0,15150.0,0.0,0.0,0.0,0.0,0.0,0.0,0.0,0.0,35154.0,0.0,0.0,0.0,0.0,0.0,0.0,0.0,40.0,29.0,0.0,0.0,0.0,0.0,0.0,0.0,0.0,0.0,11.0,0.0,0.0,0.0,0.0,0.0,0.0,0.0,44641.0,22320.0,22320.0,0.0,0.0,0.0,100,0,0,True,,,,,,,,,,,,,1998-01-01,estimee,,
790,9309C,SEBIO,"Aulnay-sous-Bois,Sevran",Seine-Saint-Denis,Île-de-France,Etab. Public Territorial Paris Terres d’Envol,SEBIO (DALKIA),True,1986.0,9.0,63.0,65.5,0.136,0.17,91.29,52.0,48.0,80.01,96.02,86.0,7.0,56145.0,15386.0,0.0,0.0,0.0,0.0,36773.0,0.0,0.0,0.0,0.0,0.0,0.0,3986.0,0.0,0.0,0.0,0.0,49.7,42.2,0.0,0.0,0.0,0.0,7.5,0.0,0.0,0.0,0.0,0.0,0.0,0.0,0.0,0.0,0.0,0.0,48385.0,35805.0,12580.0,0.0,0.0,0.0,100,0,0,True,,,,,,,,,,,,,2006-01-01,estimee,,
791,9310C,Réseau chaud ADP le Bourget,Bonneuil-en-France,Val-d'Oise,Île-de-France,Aéroports de Paris Le Bourget,Aéroports de Paris Le Bourget,False,1949.0,3.0,21.0,3.5,0.272,0.304,182.27,52.0,48.0,147.52,169.3,74.0,0.0,8503.0,8107.0,0.0,0.0,0.0,0.0,0.0,0.0,0.0,0.0,0.0,396.0,0.0,0.0,0.0,0.0,0.0,0.0,11.23,11.0,0.0,0.0,0.0,0.0,0.0,0.0,0.0,0.0,0.0,0.23,0.0,0.0,0.0,0.0,0.0,0.0,6274.0,0.0,6274.0,0.0,0.0,0.0,100,0,0,True,,,,,,,,,,,,,1969-01-01,estimee,,
792,9311C,Le Chêne Pointu,"Clichy-sous-Bois,Livry-Gargan",Seine-Saint-Denis,Île-de-France,Ville de CLICHY,DALKIA Paris la Defense,False,1997.0,6.0,24.0,0.0,0.212,0.239,136.07,62.0,32.0,120.56,136.05,107.0,0.0,25688.0,9650.0,0.0,0.0,0.0,0.0,0.0,0.0,0.0,0.0,0.0,0.0,0.0,16038.0,0.0,0.0,0.0,0.0,49.4,49.4,0.0,0.0,0.0,0.0,0.0,0.0,0.0,0.0,0.0,0.0,0.0,0.0,0.0,0.0,0.0,0.0,27595.0,24836.0,2760.0,0.0,0.0,0.0,100,0,0,True,ville de Clichy-sous-bois,société Dhuysienne de Chaleur,2022-06-27,36.0,13518364.0,matched_exact,,,,,,,2025-06-27,confirmee_boamp,société Dhuysienne de Chaleur,BOAMP
793,9312C,Réseau d'Aulnay-sous-bois - Le Gros Saule,"Aulnay-sous-Bois,Sevran",Seine-Saint-Denis,Île-de-France,Ville d'Aulnay-sous-bois,AULNAY ENERGIE SERVICES (CORIANCE),False,1982.0,8.0,38.0,0.0,0.187,0.236,,,,,,96.0,0.0,44762.0,44762.0,0.0,0.0,0.0,0.0,0.0,0.0,0.0,0.0,0.0,0.0,0.0,0.0,0.0,0.0,0.0,0.0,23.3,23.3,0.0,0.0,0.0,0.0,0.0,0.0,0.0,0.0,0.0,0.0,0.0,0.0,0.0,0.0,0.0,0.0,43150.0,40130.0,3021.0,0.0,0.0,0.0,100,0,0,True,,,,,,,,,,,,,2002-01-01,estimee,,
794,9313C,Réseau de La Courneuve,La Courneuve,Seine-Saint-Denis,Île-de-France,SYNDICAT MIXTE DES RESEAUX D'ENERGIE CALORIFIQUE (SMIREC),SYNDICAT MIXTE DES RESEAUX D'ENERGIE CALORIFIQUE (SMIREC),True,1983.0,23.0,111.0,64.4,0.078,0.079,119.81,48.0,52.0,105.31,129.07,95.0,0.0,66670.0,16897.0,0.0,0.0,0.0,0.0,0.0,0.0,0.0,0.0,4011.0,45762.0,0.0,0.0,0.0,0.0,0.0,0.0,41.7,28.3,0.0,0.0,0.0,0.0,0.0,0.0,0.0,0.0,1.8,11.6,0.0,0.0,0.0,0.0,0.0,0.0,63631.0,54086.0,9545.0,0.0,0.0,0.0,100,0,0,True,,,,,,,,,,,,,2003-01-01,estimee,,
795,9314C,Réseau de Tremblay en France,Tremblay-en-France,Seine-Saint-Denis,Île-de-France,EPT _ PARIS TERRES D’ENVOL,Tremblay Géothermie (IDEX),True,1984.0,10.0,85.0,87.2,0.034,0.052,120.41,29.0,71.0,117.63,159.2,86.0,2.0,50925.0,6539.0,0.0,0.0,0.0,0.0,0.0,0.0,0.0,0.0,44386.0,0.0,0.0,0.0,0.0,0.0,0.0,0.0,38.8,27.0,0.0,0.0,0.0,0.0,0.0,0.0,0.0,0.0,11.8,0.0,0.0,0.0,0.0,0.0,0.0,0.0,43807.0,38112.0,5695.0,0.0,0.0,0.0,100,0,0,True,,,,,,,,,,,,,2004-01-01,estimee,,
796,9315C,Réseau du Blanc Mesnil,Le Blanc-Mesnil,Seine-Saint-Denis,Île-de-France,PARIS TERRES D’ENVOL,Blanc Mesnil Energie Services (CORIANCE),True,1983.0,8.0,54.0,52.2,0.088,0.112,,,,,,95.0,0.0,48976.0,21280.0,0.0,0.0,0.0,0.0,0.0,0.0,0.0,0.0,20230.0,7466.0,0.0,0.0,0.0,0.0,0.0,0.0,34.93,24.63,0.0,0.0,0.0,0.0,0.0,0.0,0.0,0.0,5.8,4.5,0.0,0.0,0.0,0.0,0.0,0.0,46379.0,39423.0,6957.0,0.0,0.0,0.0,100,0,0,True,,,,,,,,,,,,,2003-01-01,estimee,,
797,9316C,Reseau de Bondy,Bondy,Seine-Saint-Denis,Île-de-France,Ville de Bondy,Société Thermique de Bondy (CORIANCE),True,1985.0,5.0,33.0,47.0,0.124,0.155,,,,,,90.0,0.0,35435.0,17558.0,0.0,33.0,0.0,0.0,16669.0,0.0,0.0,0.0,0.0,0.0,0.0,1174.0,0.0,0.0,0.0,0.0,47.97,30.54,0.0,12.43,0.0,0.0,5.0,0.0,0.0,0.0,0.0,0.0,0.0,0.0,0.0,0.0,0.0,0.0,31939.0,21983.0,2683.0,0.0,0.0,7272.0,100,0,0,True,,,,,,,,,,,,,2005-01-01,estimee,,
798,9317C,Garonor,Aulnay-sous-Bois,Seine-Saint-Denis,Île-de-France,Garonor Services,DALKIA Paris la Defense,False,1986.0,5.0,34.0,0.0,0.482,0.521,314.64,56.0,44.0,186.21,205.66,48.0,0.0,3940.0,3520.0,0.0,420.0,0.0,0.0,0.0,0.0,0.0,0.0,0.0,0.0,0.0,0.0,0.0,0.0,0.0,0.0,17.7,16.7,0.0,1.0,0.0,0.0,0.0,0.0,0.0,0.0,0.0,0.0,0.0,0.0,0.0,0.0,0.0,0.0,1871.0,0.0,0.0,1871.0,0.0,0.0,100,0,0,True,,,,,,,,,,,,,2006-01-01,estimee,,
799,9321C,Aulnay 3000 - Rose des Vents,Aulnay-sous-Bois,Seine-Saint-Denis,Île-de-France,Logement Français,DALKIA Paris la Defense,False,1969.0,,29.0,0.0,0.201,0.241,99.86,92.0,8.0,,,95.0,0.0,43353.0,43353.0,0.0,0.0,0.0,0.0,0.0,0.0,0.0,0.0,0.0,0.0,0.0,0.0,0.0,0.0,0.0,0.0,33.5,33.5,0.0,0.0,0.0,0.0,0.0,0.0,0.0,0.0,0.0,0.0,0.0,0.0,0.0,0.0,0.0,0.0,41194.0,39134.0,2060.0,0.0,0.0,0.0,100,0,0,True,,,,,,,,,,,,,1989-01-01,estimee,,
800,9324C,Réseau de Rosny-sous-Bois /Noisy-le-Sec / Montreuil,"Montreuil,Noisy-le-Sec,Rosny-sous-Bois",Seine-Saint-Denis,Île-de-France,SIPPEREC,YGEO (ENGIE SOLUTIONS),True,2016.0,12.1,73.0,79.6,0.045,0.043,115.67,42.0,58.0,100.59,126.27,91.0,3.0,68697.0,5798.0,0.0,0.0,0.0,0.0,0.0,0.0,0.0,0.0,30889.0,32010.0,0.0,0.0,0.0,0.0,0.0,0.0,39.0,9.0,0.0,0.0,0.0,0.0,0.0,0.0,0.0,0.0,15.0,15.0,0.0,0.0,0.0,0.0,0.0,0.0,62606.0,0.0,0.0,0.0,0.0,62606.0,100,0,0,True,,,,,,,,,,,,,2036-01-01,estimee,,
801,9326C,Réseau de chaleur de la ZAC des docks Saint-Ouen,Saint-Ouen-sur-Seine,Seine-Saint-Denis,Île-de-France,Ville de Saint-Ouen-sur-Seine,CPCU (ENGIE SOLUTIONS),True,2015.0,6.0,81.0,80.3,0.064,0.077,139.62,64.0,36.0,119.07,134.14,93.0,7.0,43409.0,0.0,0.0,0.0,0.0,0.0,0.0,0.0,26229.0,0.0,0.0,0.0,0.0,0.0,0.0,17180.0,0.0,0.0,6.0,0.0,0.0,0.0,0.0,0.0,0.0,0.0,6.0,0.0,0.0,0.0,0.0,0.0,0.0,0.0,0.0,0.0,40252.0,21736.0,16906.0,1610.0,0.0,0.0,100,0,0,True,,,,,,,,,,,,,2035-01-01,estimee,,
802,9328C,Reseau de Noisy Le Grand,Noisy-le-Grand,Seine-Saint-Denis,Île-de-France,Ville de Noisy le Grand,IDEX TERRITOIRES,True,,,4.0,73.4,0.072,0.086,230.78,29.0,71.0,165.08,214.63,81.0,25.0,1339.0,0.0,0.0,0.0,0.0,0.0,0.0,0.0,0.0,0.0,0.0,0.0,0.0,0.0,0.0,1339.0,0.0,0.0,0.0,0.0,0.0,0.0,0.0,0.0,0.0,0.0,0.0,0.0,0.0,0.0,0.0,0.0,0.0,0.0,0.0,0.0,1088.0,1088.0,0.0,0.0,0.0,0.0,100,0,0,True,,,,,,,,,,,,,,inconnue,,
803,9329C,Réseau de Dugny - Le Bourget,"Dugny,Le Bourget",Seine-Saint-Denis,Île-de-France,EPT Paris Terres d'Envol,Energie Verte de Dugny-le-Bourget (CORIANCE),False,2024.0,,9.0,0.0,0.249,0.28,,,,,,91.0,0.0,3518.0,1119.0,0.0,0.0,0.0,0.0,0.0,0.0,0.0,0.0,0.0,0.0,0.0,2398.0,0.0,0.0,0.0,0.0,10.0,10.0,0.0,0.0,0.0,0.0,0.0,0.0,0.0,0.0,0.0,0.0,0.0,0.0,0.0,0.0,0.0,0.0,3213.0,3213.0,0.0,0.0,0.0,0.0,,,,True,,,,,,,,,,,,,2044-01-01,estimee,,
804,9401C,Réseau de Limeil-Brévannes,Limeil-Brévannes,Val-de-Marne,Île-de-France,Ville de Limeil Brévannes,SCLB (ENGIE SOLUTIONS),True,2012.0,2.9,36.0,61.8,0.102,0.125,162.16,41.0,59.0,176.78,231.99,86.0,0.0,15276.0,6175.0,0.0,0.0,0.0,0.0,7610.0,0.0,0.0,0.0,0.0,160.0,574.0,0.0,0.0,0.0,757.0,0.0,10.29,6.7,0.0,0.0,0.0,0.0,3.0,0.0,0.0,0.0,0.0,0.04,0.0,0.0,0.0,0.0,0.55,0.0,13077.0,12292.0,785.0,0.0,0.0,0.0,100,0,0,True,,,,,,,,,,,,,2032-01-01,estimee,,
805,9402C,Réseaux de Créteil - Scuc,Créteil,Val-de-Marne,Île-de-France,Ville de Créteil,SCUC (DALKIA),True,1970.0,50.0,325.0,68.3,0.076,0.087,94.99,60.0,40.0,90.82,105.46,94.0,3.0,302957.0,93872.0,0.0,239.0,0.0,0.0,0.0,0.0,139902.0,0.0,42946.0,21141.0,0.0,0.0,0.0,0.0,4857.0,0.0,304.0,227.0,0.0,32.0,0.0,0.0,0.0,0.0,24.0,0.0,13.0,8.0,0.0,0.0,0.0,0.0,0.0,0.0,285056.0,182436.0,99770.0,2851.0,0.0,0.0,100,0,0,True,,,,,,,,,,,,,1990-01-01,estimee,,
806,9403C,Réseau de Choisy-Vitry,"Choisy-le-Roi,Rungis,Thiais,Vitry-sur-Seine",Val-de-Marne,Île-de-France,SICUCV,CVD (ENGIE SOLUTIONS),False,1970.0,41.8,290.0,65.0,0.127,0.15,128.82,60.0,40.0,108.77,124.6,82.0,0.0,225768.0,0.0,0.0,0.0,0.0,0.0,0.0,0.0,66684.0,0.0,0.0,0.0,0.0,0.0,0.0,159084.0,0.0,0.0,24.0,0.0,0.0,0.0,0.0,0.0,0.0,0.0,24.0,0.0,0.0,0.0,0.0,0.0,0.0,0.0,0.0,0.0,186115.0,121905.0,64210.0,0.0,0.0,0.0,29,71,0,True,,,,,,,,,,,,,1990-01-01,estimee,,
807,9404C,Réseau de Fontenay sous Bois,"Fontenay-sous-Bois,Montreuil","Seine-Saint-Denis, Val-de-Marne",Île-de-France,EPIC Regie du chauffage urbain,EPIC Regie du chauffage urbain,False,1970.0,17.0,108.0,25.7,0.167,0.203,112.1,64.0,36.0,90.42,99.59,84.0,0.0,113853.0,84564.0,0.0,0.0,0.0,0.0,29289.0,0.0,0.0,0.0,0.0,0.0,0.0,0.0,0.0,0.0,0.0,0.0,117.0,100.0,0.0,0.0,0.0,0.0,17.0,0.0,0.0,0.0,0.0,0.0,0.0,0.0,0.0,0.0,0.0,0.0,95844.0,69966.0,25878.0,0.0,0.0,0.0,18,82,0,True,,,,,,,,,,,,,1990-01-01,estimee,,
808,9406C,Réseau de Ivry-Port,Ivry-sur-Seine,Val-de-Marne,Île-de-France,Ville D'Ivry,GEOTELLUENCE (ENGIE SOLUTIONS),True,2018.0,8.7,46.0,79.1,0.064,0.084,80.84,68.0,32.0,141.74,185.68,98.0,0.0,85908.0,0.0,0.0,0.0,0.0,0.0,0.0,0.0,0.0,0.0,49707.0,0.0,0.0,0.0,0.0,36201.0,0.0,0.0,10.0,0.0,0.0,0.0,0.0,0.0,0.0,0.0,0.0,0.0,10.0,0.0,0.0,0.0,0.0,0.0,0.0,0.0,18211.0,14900.0,3311.0,0.0,0.0,0.0,100,0,0,True,,,,,,,,,,,,,2038-01-01,estimee,,
809,9408C,Marché International de Rungis,"Chevilly-Larue,Orly,Rungis,Thiais",Val-de-Marne,Île-de-France,SEMMARIS,SEMMARIS (ENGIE Solutions),True,1969.0,,160.0,97.8,0.005,0.01,,,,,,93.0,0.0,166530.0,3670.0,0.0,15.0,0.0,0.0,0.0,0.0,162835.0,0.0,0.0,0.0,0.0,0.0,0.0,10.0,0.0,0.0,75.0,34.94,0.0,0.06,0.0,0.0,0.0,0.0,40.0,0.0,0.0,0.0,0.0,0.0,0.0,0.0,0.0,0.0,41137.0,0.0,41137.0,0.0,0.0,0.0,0,100,0,True,,,,,,,,,,,,,1989-01-01,estimee,,
810,9409C,Réseau de Sucy en Brie,Sucy-en-Brie,Val-de-Marne,Île-de-France,Ville de Sucy en Brie,SOGESUB (ENGIE SOLUTIONS),True,1970.0,7.4,25.0,97.4,0.006,0.022,91.65,38.0,62.0,67.35,85.07,93.0,0.0,26800.0,702.0,0.0,0.0,0.0,0.0,0.0,0.0,0.0,0.0,26098.0,0.0,0.0,0.0,0.0,0.0,0.0,0.0,29.09,14.8,0.0,4.29,0.0,0.0,0.0,0.0,0.0,0.0,10.0,0.0,0.0,0.0,0.0,0.0,0.0,0.0,24900.0,22410.0,2490.0,0.0,0.0,0.0,100,0,0,True,,,,,,,,,,,,,1990-01-01,estimee,,
811,9410C,Réseau de Cachan,Cachan,Val-de-Marne,Île-de-France,Ville de Cachan,DALKIA Paris la Defense,True,1970.0,9.0,94.0,71.6,0.065,0.084,134.04,38.0,62.0,107.43,135.61,92.0,0.0,52140.0,18891.0,0.0,0.0,0.0,0.0,0.0,0.0,0.0,0.0,33249.0,0.0,0.0,0.0,0.0,0.0,0.0,0.0,52.0,41.0,0.0,0.0,0.0,0.0,0.0,0.0,0.0,0.0,11.0,0.0,0.0,0.0,0.0,0.0,0.0,0.0,48020.0,40817.0,7203.0,0.0,0.0,0.0,100,0,0,True,,,,,,,,,,,,,1990-01-01,estimee,,
812,9411C,Réseau de Champigny-sur-Marne,"Champigny-sur-Marne,Chennevières-sur-Marne",Val-de-Marne,Île-de-France,Etablissement Public Campinois de Géothermie (EPCG),CORIANCE,True,1984.0,9.0,57.0,72.6,0.064,0.087,83.27,34.0,66.0,77.72,102.34,93.0,-51.0,67847.0,21038.0,0.0,0.0,0.0,0.0,0.0,0.0,0.0,0.0,46809.0,0.0,0.0,0.0,0.0,0.0,0.0,0.0,62.0,50.0,0.0,0.0,0.0,0.0,0.0,0.0,0.0,0.0,12.0,0.0,0.0,0.0,0.0,0.0,0.0,0.0,62852.0,56567.0,6285.0,0.0,0.0,0.0,100,0,0,True,,,,,,,,,,,,,2004-01-01,estimee,,
813,9412C,Réseau de maisons-alfort,Maisons-Alfort,Val-de-Marne,Île-de-France,SMPDCMA,SEMGEMA,True,1985.0,15.0,185.0,57.6,0.101,0.122,107.43,54.0,46.0,94.72,113.06,93.0,49.0,132499.0,42528.0,0.0,4026.0,0.0,0.0,0.0,0.0,0.0,0.0,69181.0,8936.0,0.0,0.0,0.0,7828.0,0.0,0.0,84.5,38.6,0.0,14.2,0.0,0.0,0.0,0.0,0.0,0.0,22.5,4.0,0.0,0.0,0.0,5.2,0.0,0.0,123654.0,112525.0,9892.0,1237.0,0.0,0.0,100,0,0,True,,,,,,,,,,,,,2005-01-01,estimee,,
814,9413C,Réseau de Thiais,Thiais,Val-de-Marne,Île-de-France,Ville de Thiais,GEOTHILYS (ENGIE SOLUTIONS),True,1970.0,8.0,52.0,90.8,0.023,0.04,106.36,36.0,64.0,97.95,128.57,91.0,0.0,35668.0,3251.0,0.0,38.0,0.0,0.0,0.0,0.0,0.0,0.0,32379.0,0.0,0.0,0.0,0.0,0.0,0.0,0.0,32.6,22.05,0.0,0.55,0.0,0.0,0.0,0.0,0.0,0.0,10.0,0.0,0.0,0.0,0.0,0.0,0.0,0.0,32405.0,23980.0,8425.0,0.0,0.0,0.0,100,0,0,True,,,,,,,,,,,,,1990-01-01,estimee,,
815,9414C,BONNEUIL-RESEAU CHALEUR,Bonneuil-sur-Marne,Val-de-Marne,Île-de-France,BONNEUIL-RESEAU CHALEUR ,BONNEUIL-RESEAU CHALEUR ,True,1986.0,7.0,61.0,95.7,0.011,0.027,105.82,19.0,81.0,125.05,181.67,92.0,0.0,38226.0,2153.0,0.0,0.0,0.0,0.0,0.0,0.0,0.0,0.0,36073.0,0.0,0.0,0.0,0.0,0.0,0.0,0.0,24.0,14.0,0.0,0.0,0.0,0.0,0.0,0.0,0.0,0.0,10.0,0.0,0.0,0.0,0.0,0.0,0.0,0.0,35321.0,28257.0,7064.0,0.0,0.0,0.0,100,0,0,True,,,,,,,,,,,,,2006-01-01,estimee,,
816,9415C,Réseau de Chevilly-Larue L'Haÿ-les-Roses Villejuif,"Chevilly-Larue,L'Haÿ-les-Roses,Villejuif",Val-de-Marne,Île-de-France,Syndicat intercommunal pour la géothermie,SPL SEMHACH,True,1985.0,40.0,283.0,80.0,0.045,0.055,87.44,45.0,55.0,78.68,98.24,96.0,0.0,214723.0,33208.0,0.0,0.0,0.0,0.0,0.0,0.0,0.0,0.0,143716.0,37799.0,0.0,0.0,0.0,0.0,0.0,0.0,153.0,102.0,0.0,0.0,0.0,0.0,0.0,0.0,0.0,0.0,36.0,15.0,0.0,0.0,0.0,0.0,0.0,0.0,205175.0,143622.0,61552.0,0.0,0.0,0.0,100,0,0,True,,,,,,,,,,,,,2005-01-01,estimee,,
817,9419C,Réseau de Fresnes,Fresnes,Val-de-Marne,Île-de-France,Ville de FRESNES,SOFREGE (CORIANCE),True,1986.0,14.0,100.0,65.4,0.079,0.096,,,,,,96.0,0.0,74111.0,24314.0,0.0,84.0,0.0,0.0,0.0,0.0,0.0,0.0,39547.0,10167.0,0.0,0.0,0.0,0.0,0.0,0.0,66.48,39.97,0.0,14.81,0.0,0.0,0.0,0.0,0.0,0.0,8.5,3.2,0.0,0.0,0.0,0.0,0.0,0.0,70778.0,51201.0,19117.0,0.0,0.0,460.0,100,0,0,True,,,,,,,,,,,,,2006-01-01,estimee,,
818,9420C,Réseau d'Orly,"Choisy-le-Roi,Orly,Villeneuve-le-Roi",Val-de-Marne,Île-de-France,valophis habitat oph du val de marne,AGESVAM,False,1970.0,13.0,157.0,85.1,0.037,0.054,114.72,45.0,55.0,103.11,131.73,93.0,31.0,82052.0,12221.0,0.0,0.0,0.0,0.0,0.0,0.0,0.0,0.0,69831.0,0.0,0.0,0.0,0.0,0.0,0.0,0.0,46.0,33.0,0.0,0.0,0.0,0.0,0.0,0.0,0.0,0.0,13.0,0.0,0.0,0.0,0.0,0.0,0.0,0.0,76130.0,68517.0,0.0,7613.0,0.0,0.0,100,0,0,True,,,,,,,,,,,,,1990-01-01,estimee,,
819,9421C,Réseau d'Alfortville,Alfortville,Val-de-Marne,Île-de-France,Centrale de Géothermie Alfortvillaise,Centrale de Géothermie Alfortvillaise,True,1986.0,7.0,81.0,91.0,0.021,0.037,103.71,53.0,47.0,89.34,106.54,97.0,1.0,44440.0,3982.0,0.0,0.0,0.0,0.0,0.0,0.0,0.0,0.0,40458.0,0.0,0.0,0.0,0.0,0.0,0.0,0.0,36.61,23.61,0.0,0.0,0.0,0.0,0.0,0.0,0.0,0.0,13.0,0.0,0.0,0.0,0.0,0.0,0.0,0.0,43225.0,38470.0,4755.0,0.0,0.0,0.0,100,0,0,True,,,,,,,,,,,,,2006-01-01,estimee,,
820,9422C,Arcueil-Gentilly,"Arcueil,Gentilly",Val-de-Marne,Île-de-France,SIPPEREC,ARGEO (ENGIE SOLUTIONS),True,2015.0,19.9,150.0,79.2,0.048,0.053,161.68,33.0,67.0,136.4,178.0,91.0,0.0,68334.0,10675.0,0.0,0.0,0.0,0.0,0.0,0.0,0.0,0.0,28621.0,29038.0,0.0,0.0,0.0,0.0,0.0,0.0,34.0,18.0,0.0,0.0,0.0,0.0,0.0,0.0,0.0,0.0,5.0,11.0,0.0,0.0,0.0,0.0,0.0,0.0,62112.0,0.0,0.0,0.0,0.0,62112.0,100,0,0,True,,,,,,,,,,,,,2035-01-01,estimee,,
821,9423C,Réseau d'Ivry centre-ville,Ivry-sur-Seine,Val-de-Marne,Île-de-France,Ville d'Ivry,Régie Ivryenne de Réseau de chaleur,True,1970.0,6.2,96.0,78.7,0.065,0.089,102.55,63.0,37.0,94.11,107.74,100.0,0.0,65921.0,282.0,0.0,0.0,0.0,0.0,0.0,0.0,0.0,0.0,0.0,0.0,0.0,0.0,0.0,65639.0,0.0,0.0,42.5,42.5,0.0,0.0,0.0,0.0,0.0,0.0,0.0,0.0,0.0,0.0,0.0,0.0,0.0,0.0,0.0,0.0,65689.0,8540.0,57149.0,0.0,0.0,0.0,100,0,0,True,,,,,,,,,,,,,1990-01-01,estimee,,
822,9424C,Réseau de Villeneuve Saint Georges - SCVG,"Valenton,Villeneuve-Saint-Georges",Val-de-Marne,Île-de-France,Syndicat Mixte pour la Géothermie à Villeneuve Saint Georges,SCVG (DALKIA),True,1998.0,11.0,92.0,56.0,0.105,0.125,125.77,49.0,51.0,94.5,124.99,86.0,0.0,67699.0,32095.0,0.0,43.0,0.0,0.0,0.0,0.0,0.0,0.0,25176.0,4301.0,0.0,6084.0,0.0,0.0,0.0,0.0,57.0,40.0,0.0,2.0,0.0,0.0,0.0,0.0,0.0,0.0,10.0,5.0,0.0,0.0,0.0,0.0,0.0,0.0,58005.0,48144.0,9861.0,0.0,0.0,0.0,100,0,0,True,,,,,,,,,,,,,2018-01-01,estimee,,
823,9425C,Réseau chaud ADP Orly,"Athis-Mons,Orly,Paray-Vieille-Poste,Villeneuve-le-Roi","Essonne, Val-de-Marne",Île-de-France,Aeroport de Paris (Orly),Aeroports de Paris,False,1970.0,23.0,100.0,81.3,0.053,0.068,,0.0,0.0,122.79,146.4,80.0,47.0,68536.0,12799.0,0.0,0.0,0.0,0.0,0.0,0.0,0.0,0.0,29397.0,0.0,0.0,0.0,26340.0,0.0,0.0,0.0,105.0,63.0,0.0,0.0,0.0,0.0,0.0,0.0,0.0,0.0,12.0,0.0,0.0,0.0,30.0,0.0,0.0,0.0,54800.0,0.0,54800.0,0.0,0.0,0.0,71,29,0,True,,,,,,,,,,,,,1990-01-01,estimee,,
824,9429C,Maison Alfort,Alfortville,Val-de-Marne,Île-de-France,LOGIAL,SOCCRAM (ENGIE SOLUTIONS),False,2007.0,,4.0,0.0,0.215,0.242,139.63,63.0,37.0,134.05,157.07,99.0,0.0,9250.0,9250.0,0.0,0.0,0.0,0.0,0.0,0.0,0.0,0.0,0.0,0.0,0.0,0.0,0.0,0.0,0.0,0.0,4.5,4.5,0.0,0.0,0.0,0.0,0.0,0.0,0.0,0.0,0.0,0.0,0.0,0.0,0.0,0.0,0.0,0.0,9188.0,7350.0,1838.0,0.0,0.0,0.0,100,0,0,True,,,,,,,,,,,,,2027-01-01,estimee,,
825,9430C,Réseau ENERUNGIS,Rungis,Val-de-Marne,Île-de-France,Mairie de Rungis,Enerungis (DALKIA),True,,,42.0,97.6,0.007,0.016,101.1,50.0,50.0,88.42,107.34,90.0,3.0,19720.0,42.0,0.0,0.0,0.0,0.0,0.0,0.0,0.0,0.0,0.0,0.0,0.0,0.0,0.0,19678.0,0.0,0.0,15.0,15.0,0.0,0.0,0.0,0.0,0.0,0.0,0.0,0.0,0.0,0.0,0.0,0.0,0.0,0.0,0.0,0.0,17834.0,5885.0,11949.0,0.0,0.0,0.0,100,0,0,True,,,,,,,,,,,,,,inconnue,,
826,9501C,IDEX CROIX ROUGE GEOTHERMIE,Taverny,Val-d'Oise,Île-de-France,Communauté d'Agglomération Val Parisis,IDEX ENERGIES Boulogne Billancourt,False,1970.0,2.0,16.0,0.0,0.236,0.266,146.91,65.0,35.0,135.64,155.82,96.0,0.0,11581.0,5675.0,0.0,0.0,0.0,0.0,0.0,0.0,0.0,0.0,0.0,0.0,0.0,5907.0,0.0,0.0,0.0,0.0,23.0,23.0,0.0,0.0,0.0,0.0,0.0,0.0,0.0,0.0,0.0,0.0,0.0,0.0,0.0,0.0,0.0,0.0,11160.0,9932.0,1228.0,0.0,0.0,0.0,100,0,0,True,,,,,,,,,,,,,1990-01-01,estimee,,
827,9502C,Grand Ensemble Sarcelles-Locheres,"Pierrefitte-sur-Seine,Sarcelles,Stains","Seine-Saint-Denis, Val-d'Oise",Île-de-France,Sarcelles Investissement,DALKIA Paris la Defense,False,2006.0,38.0,179.0,67.6,0.077,0.092,105.91,61.0,39.0,91.31,104.14,85.0,0.0,189994.0,68268.0,0.0,0.0,0.0,0.0,0.0,0.0,121726.0,0.0,0.0,0.0,0.0,0.0,0.0,0.0,0.0,0.0,190.0,150.0,0.0,0.0,0.0,0.0,0.0,0.0,40.0,0.0,0.0,0.0,0.0,0.0,0.0,0.0,0.0,0.0,161336.0,127455.0,33881.0,0.0,0.0,0.0,0,100,0,True,,,,,,,,,,,,,2026-01-01,estimee,,
828,9503C,Réseau de Cergy - Pontoise,"Cergy,Éragny,Pontoise,Saint-Ouen-l'Aumône",Val-d'Oise,Île-de-France,Communauté d’agglomération de Cergy Pontoise,CENERGY (CORIANCE),True,1970.0,65.0,378.0,69.4,0.086,0.103,,,,,,81.0,0.0,338976.0,103283.0,0.0,351.0,0.0,0.0,47164.0,0.0,188177.0,0.0,0.0,0.0,0.0,0.0,0.0,0.0,0.0,0.0,223.92,117.47,0.0,41.4,0.0,0.0,28.0,0.0,37.05,0.0,0.0,0.0,0.0,0.0,0.0,0.0,0.0,0.0,273714.0,198251.0,73109.0,2354.0,0.0,0.0,32,68,0,True,,,,,,,,,,,,,1990-01-01,estimee,,
829,9505C,Van Gogh,Garges-lès-Gonesse,Val-d'Oise,Île-de-France,Cogif,CORIANCE,False,1984.0,2.0,27.0,,,,,,,,,100.0,,13509.0,13509.0,0.0,0.0,0.0,0.0,0.0,0.0,0.0,0.0,0.0,0.0,0.0,0.0,0.0,0.0,0.0,0.0,18.3,18.3,0.0,0.0,0.0,0.0,0.0,0.0,0.0,0.0,0.0,0.0,0.0,0.0,0.0,0.0,0.0,0.0,13509.0,13509.0,0.0,0.0,0.0,0.0,100,0,0,True,,,,,,,,,,,,,2004-01-01,estimee,,
830,9507C,Zup de Sannois - Ermont - Franconville,"Ermont,Franconville,Sannois",Val-d'Oise,Île-de-France,SICSEF,SEFIR (ENGIE SOLUTIONS),False,1973.0,14.0,91.0,72.1,0.099,0.125,106.1,54.0,46.0,89.77,106.15,92.0,0.0,70577.0,19701.0,0.0,0.0,0.0,0.0,50876.0,0.0,0.0,0.0,0.0,0.0,0.0,0.0,0.0,0.0,0.0,0.0,71.5,61.5,0.0,0.0,0.0,0.0,10.0,0.0,0.0,0.0,0.0,0.0,0.0,0.0,0.0,0.0,0.0,0.0,65289.0,57454.0,7835.0,0.0,0.0,0.0,100,0,0,True,,,,,,,,,,,,,1993-01-01,estimee,,
831,9509C,Réseau d'Argenteuil - ARGEVAL,"Argenteuil,Bezons",Val-d'Oise,Île-de-France,Ville d'Argenteuil,ARGEVAL (DALKIA),True,1990.0,15.0,102.0,80.8,0.045,0.055,79.46,48.0,52.0,47.96,53.12,90.0,2.0,128358.0,24652.0,0.0,0.0,0.0,0.0,4603.0,0.0,99103.0,0.0,0.0,0.0,0.0,0.0,0.0,0.0,0.0,0.0,88.7,67.0,0.0,0.0,0.0,0.0,1.7,0.0,20.0,0.0,0.0,0.0,0.0,0.0,0.0,0.0,0.0,0.0,105819.0,68784.0,37035.0,0.0,0.0,0.0,100,0,0,True,,,,,,,,,,,,,2010-01-01,estimee,,
832,9510C,Réseaux chaud ADP Roissy,"Le Mesnil-Amelot,Mauregard,Roissy-en-France,Tremblay-en-France","Seine-Saint-Denis, Seine-et-Marne, Val-d'Oise",Île-de-France,Aéroports de Paris (Roissy),Aéroports de Paris,False,1970.0,80.0,400.0,24.0,0.177,0.203,77.35,52.0,48.0,158.6,194.12,94.0,0.0,183497.0,140372.0,0.0,0.0,0.0,0.0,42568.0,0.0,0.0,0.0,0.0,557.0,0.0,0.0,0.0,0.0,0.0,0.0,157.0,139.0,0.0,0.0,0.0,0.0,14.0,0.0,0.0,0.0,0.0,4.0,0.0,0.0,0.0,0.0,0.0,0.0,173441.0,0.0,147425.0,26016.0,0.0,0.0,88,12,0,True,,,,,,,,,,,,,1990-01-01,estimee,,
833,9511C,Zup de l'Epine Guyon,Franconville,Val-d'Oise,Île-de-France,ASLI Epine Guyon,IDEX ENERGIES Boulogne Billancourt,False,1970.0,2.0,14.0,0.0,0.218,0.255,98.92,77.0,23.0,96.41,106.34,88.0,0.0,9086.0,9086.0,0.0,0.0,0.0,0.0,0.0,0.0,0.0,0.0,0.0,0.0,0.0,0.0,0.0,0.0,0.0,0.0,7.9,7.9,0.0,0.0,0.0,0.0,0.0,0.0,0.0,0.0,0.0,0.0,0.0,0.0,0.0,0.0,0.0,0.0,7967.0,7409.0,558.0,0.0,0.0,0.0,100,0,0,True,,,,,,,,,,,,,1990-01-01,estimee,,
834,9514C,Réseau de Villiers le Bel - Gonesse,"Gonesse,Villiers-le-Bel",Val-d'Oise,Île-de-France,Syndicat intercommunal Villiers le bel,Société Thermique de Villiers le Bel Gonesse (CORIANCE),True,1984.0,12.0,82.0,56.7,0.092,0.12,,,,,,88.0,0.0,60311.0,26003.0,0.0,118.0,0.0,0.0,0.0,0.0,0.0,0.0,34190.0,0.0,0.0,0.0,0.0,0.0,0.0,0.0,45.11,26.9,0.0,10.01,0.0,0.0,0.0,0.0,0.0,0.0,8.2,0.0,0.0,0.0,0.0,0.0,0.0,0.0,53286.0,47611.0,5115.0,0.0,0.0,559.0,100,0,0,True,,,,,,,,,,,,,2004-01-01,estimee,,
835,9515C,Réseau de Pontoise,Pontoise,Val-d'Oise,Île-de-France,Ville de Pontoise,DALKIA Paris la Defense,False,1970.0,2.0,7.0,0.0,0.204,0.245,32.4,100.0,0.0,33.25,33.25,95.0,0.0,22439.0,22439.0,0.0,0.0,0.0,0.0,0.0,0.0,0.0,0.0,0.0,0.0,0.0,0.0,0.0,0.0,0.0,0.0,25.5,25.5,0.0,0.0,0.0,0.0,0.0,0.0,0.0,0.0,0.0,0.0,0.0,0.0,0.0,0.0,0.0,0.0,21323.0,0.0,0.0,0.0,0.0,21323.0,100,0,0,True,,,,,,,,,,,,,1990-01-01,estimee,,
836,9516C,Zac de Montedour,Franconville,Val-d'Oise,Île-de-France,FONCIA LACOMBE,DALKIA Paris la Defense,False,1970.0,2.0,17.0,0.0,0.212,0.238,133.66,88.0,12.0,132.69,137.72,97.0,0.0,14133.0,6829.0,0.0,0.0,0.0,0.0,0.0,0.0,0.0,0.0,0.0,0.0,0.0,7304.0,0.0,0.0,0.0,0.0,37.6,37.6,0.0,0.0,0.0,0.0,0.0,0.0,0.0,0.0,0.0,0.0,0.0,0.0,0.0,0.0,0.0,0.0,13687.0,10471.0,3216.0,0.0,0.0,0.0,100,0,0,True,,,,,,,,,,,,,1990-01-01,estimee,,
837,9518C,Réseau de Goussainville,"Bouqueval,Goussainville,Le Plessis-Gassot",Val-d'Oise,Île-de-France,DALKIA Paris la Defense,DALKIA Paris la Defense,False,2019.0,12.0,6.0,90.0,0.023,0.03,90.63,44.0,56.0,87.21,122.38,88.0,0.0,20678.0,2315.0,0.0,0.0,0.0,0.0,0.0,0.0,18363.0,0.0,0.0,0.0,0.0,0.0,0.0,0.0,0.0,0.0,11.0,6.0,0.0,0.0,0.0,0.0,0.0,0.0,5.0,0.0,0.0,0.0,0.0,0.0,0.0,0.0,0.0,0.0,18276.0,18276.0,0.0,0.0,0.0,0.0,100,0,0,True,,,,,,,,,,,,,2039-01-01,estimee,,
838,9519C,"""Placo""","Argenteuil,Cormeilles-en-Parisis",Val-d'Oise,Île-de-France,Syndicat AZUR,ENGIE SOLUTIONS,True,1998.0,1.5,1.0,100.0,0.0,0.004,,,,,,79.0,0.0,8996.0,0.0,0.0,0.0,0.0,0.0,0.0,8996.0,0.0,0.0,0.0,0.0,0.0,0.0,0.0,0.0,0.0,0.0,3.5,0.0,0.0,0.0,0.0,0.0,0.0,3.5,0.0,0.0,0.0,0.0,0.0,0.0,0.0,0.0,0.0,0.0,7105.0,0.0,0.0,7105.0,0.0,0.0,0,0,100,True,,,,,,,,,,,,,2018-01-01,estimee,,
839,9520C,Réseau de Vemars,Vémars,Val-d'Oise,Île-de-France,ASSOCIATION SYNDICALE LIBRE DES PORTES DE VEMARS,DALKIA Paris la Defense,False,2009.0,,11.0,0.0,0.287,0.321,171.21,59.0,41.0,130.72,145.35,87.0,0.0,5767.0,4448.0,0.0,0.0,0.0,0.0,0.0,0.0,0.0,0.0,0.0,0.0,0.0,1319.0,0.0,0.0,0.0,0.0,21.4,21.4,0.0,0.0,0.0,0.0,0.0,0.0,0.0,0.0,0.0,0.0,0.0,0.0,0.0,0.0,0.0,0.0,5016.0,0.0,5016.0,0.0,0.0,0.0,100,0,0,True,,,,,,,,,,,,,2029-01-01,estimee,,
840,9523C,Agrivalseine Energie,Bezons,Val-d'Oise,Île-de-France,Ville de Bezons,AGRIVALSEINE ENERGIE (DALKIA),False,,,17.0,80.8,0.057,0.074,261.81,14.0,86.0,94.58,123.3,79.0,0.0,9636.0,0.0,0.0,0.0,0.0,0.0,0.0,0.0,0.0,0.0,0.0,0.0,0.0,0.0,0.0,9636.0,0.0,0.0,0.0,0.0,0.0,0.0,0.0,0.0,0.0,0.0,0.0,0.0,0.0,0.0,0.0,0.0,0.0,0.0,0.0,0.0,7616.0,4950.0,2666.0,0.0,0.0,0.0,,,,True,,,,,,,,,,,,,,inconnue,,
841,,Réseau de chaleur de Montbrison,Montbrison,Loire,Auvergne-Rhône-Alpes,,,False,,,,,,,,,,,,,,,,,,,,,,,,,,,,,,,,,,,,,,,,,,,,,,,,,,,,,,,,,,,True,,,,,,,,,,,,,,inconnue,,
842,0304C,Réseau de Meaulne,Meaulne-Vitray,Allier,Auvergne-Rhône-Alpes,Commune de Meaulne,Commune de Meaulne,False,2006.0,,11.0,100.0,0.0,0.06,,,,,,27.0,0.0,1535.0,0.0,0.0,0.0,0.0,0.0,1535.0,0.0,0.0,0.0,0.0,0.0,0.0,0.0,0.0,0.0,0.0,0.0,0.5,0.0,0.0,0.0,0.0,0.0,0.5,0.0,0.0,0.0,0.0,0.0,0.0,0.0,0.0,0.0,0.0,0.0,412.0,143.0,269.0,0.0,0.0,0.0,100,0,0,True,,,,,,,,,,,,,2026-01-01,estimee,,
843,0306C,Réseau - Bellenaves,Bellenaves,Allier,Auvergne-Rhône-Alpes,Etab. Public Territorial Paris Terres d’Envol,Etab. Public Territorial Paris Terres d’Envol,True,2008.0,,6.0,100.0,0.0,0.019,180.9,90.0,10.0,166.21,168.08,102.0,0.0,1288.0,0.0,0.0,0.0,0.0,0.0,1288.0,0.0,0.0,0.0,0.0,0.0,0.0,0.0,0.0,0.0,0.0,0.0,1.2,0.0,0.0,0.0,0.0,0.0,1.2,0.0,0.0,0.0,0.0,0.0,0.0,0.0,0.0,0.0,0.0,0.0,1314.0,131.0,1183.0,0.0,0.0,0.0,100,0,0,True,,,,,,,,,,,,,2028-01-01,estimee,,
844,0308C,Réseau de chaleur d'Ebreuil,Ébreuil,Allier,Auvergne-Rhône-Alpes,Syndicat départemental d'Energie de l'Allier,Syndicat départemental d'Energie de l'Allier,False,2016.0,,6.0,90.2,0.029,0.054,190.29,37.0,63.0,131.49,162.1,80.0,0.0,878.0,0.0,0.0,0.0,0.0,111.0,767.0,0.0,0.0,0.0,0.0,0.0,0.0,0.0,0.0,0.0,0.0,0.0,1.32,0.0,0.0,0.0,0.0,0.46,0.4,0.0,0.0,0.0,0.0,0.0,0.46,0.0,0.0,0.0,0.0,0.0,700.0,112.0,588.0,0.0,0.0,0.0,100,0,0,True,,,,,,,,,,,,,2036-01-01,estimee,,
845,0309C,SDC Moulins Ville,Moulins,Allier,Auvergne-Rhône-Alpes,Ville de Moulins,SDC Moulins (ENGIE SOLUTIONS),True,2019.0,9.0,39.0,73.5,0.05,0.091,116.13,57.0,43.0,113.88,137.76,89.0,-15.0,26438.0,0.0,0.0,0.0,0.0,0.0,0.0,0.0,0.0,0.0,0.0,0.0,0.0,0.0,0.0,26438.0,0.0,0.0,0.0,0.0,0.0,0.0,0.0,0.0,0.0,0.0,0.0,0.0,0.0,0.0,0.0,0.0,0.0,0.0,0.0,0.0,23424.0,7261.0,16163.0,0.0,0.0,0.0,100,0,0,True,Ville de Moulins,,,,,matched_exact,,,,,,,2039-01-01,estimee,,
846,0310C,Réseau de chaleur de Cusset,Cusset,Allier,Auvergne-Rhône-Alpes,Syndicat départemental d'Energie de l'Allier,Syndicat départemental d'Energie de l'Allier,False,2019.0,1.0,5.0,93.9,0.015,0.037,101.71,48.0,52.0,109.47,139.64,90.0,0.0,6586.0,437.0,0.0,0.0,0.0,0.0,6150.0,0.0,0.0,0.0,0.0,0.0,0.0,0.0,0.0,0.0,0.0,0.0,4.38,2.58,0.0,0.0,0.0,0.0,1.8,0.0,0.0,0.0,0.0,0.0,0.0,0.0,0.0,0.0,0.0,0.0,5909.0,1950.0,3959.0,0.0,0.0,0.0,100,0,0,True,,,,,,,,,,,,,2039-01-01,estimee,,
847,0403C,complexe sportif forcalquier,Forcalquier,Alpes-de-Haute-Provence,Provence-Alpes-Côte d'Azur,Communauté de communes Pays de Forcalquier-Montagne de Lure,Communauté de communes Pays de Forcalquier-Montagne de Lure,False,2011.0,,4.0,100.0,0.0,0.026,,,,,,67.0,0.0,327.0,0.0,0.0,0.0,0.0,0.0,327.0,0.0,0.0,0.0,0.0,0.0,0.0,0.0,0.0,0.0,0.0,0.0,1.5,0.0,0.0,0.0,0.0,0.0,1.5,0.0,0.0,0.0,0.0,0.0,0.0,0.0,0.0,0.0,0.0,0.0,220.0,,,,,,100,0,0,True,,,,,,,,,,,,,2031-01-01,estimee,,
848,0405C,Réseau communal de Castellane,Castellane,Alpes-de-Haute-Provence,Provence-Alpes-Côte d'Azur,Commune de Castellane,Commune de Castellane,True,,1.0,8.0,100.0,0.0,0.019,56.77,0.0,100.0,32.22,48.33,103.0,0.0,1158.0,0.0,0.0,0.0,0.0,0.0,1158.0,0.0,0.0,0.0,0.0,0.0,0.0,0.0,0.0,0.0,0.0,0.0,1.39,0.0,0.0,0.0,0.0,0.0,1.39,0.0,0.0,0.0,0.0,0.0,0.0,0.0,0.0,0.0,0.0,0.0,1198.0,0.0,1198.0,0.0,0.0,0.0,100,0,0,True,,,,,,,,,,,,,,inconnue,,
849,0504C,Réseau de l'Association La Chrysalide,Tallard,Hautes-Alpes,Provence-Alpes-Côte d'Azur,LA CHRYSALIDE,SOGETHA (DALKIA),False,2012.0,,4.0,81.4,0.043,0.065,144.95,64.0,36.0,120.6,134.24,98.0,0.0,768.0,143.0,0.0,0.0,0.0,0.0,625.0,0.0,0.0,0.0,0.0,0.0,0.0,0.0,0.0,0.0,0.0,0.0,0.5,0.25,0.0,0.0,0.0,0.0,0.25,0.0,0.0,0.0,0.0,0.0,0.0,0.0,0.0,0.0,0.0,0.0,749.0,0.0,749.0,0.0,0.0,0.0,100,0,0,True,,,,,,,,,,,,,2032-01-01,estimee,,
850,0508C,Réseau de chaleur bois énergie,Dévoluy,Hautes-Alpes,Provence-Alpes-Côte d'Azur,Mairie du Dévoluy,Mairie du Dévoluy,False,,,3.0,100.0,0.0,0.019,,,,,,100.0,0.0,232.0,0.0,0.0,0.0,0.0,0.0,232.0,0.0,0.0,0.0,0.0,0.0,0.0,0.0,0.0,0.0,0.0,0.0,0.11,0.0,0.0,0.0,0.0,0.0,0.11,0.0,0.0,0.0,0.0,0.0,0.0,0.0,0.0,0.0,0.0,0.0,232.0,0.0,0.0,0.0,0.0,232.0,100,0,0,True,,,,,,,,,,,,,,inconnue,,
851,0510C,Réseau de chaleur d'Orcières,Orcières,Hautes-Alpes,Provence-Alpes-Côte d'Azur,Commune d'Orcières,Commune d'Orcières,False,2022.0,,0.0,100.0,0.0,0.025,,,,,,73.0,0.0,224.0,0.0,0.0,0.0,0.0,0.0,224.0,0.0,0.0,0.0,0.0,0.0,0.0,0.0,0.0,0.0,0.0,0.0,0.09,0.0,0.0,0.0,0.0,0.0,0.09,0.0,0.0,0.0,0.0,0.0,0.0,0.0,0.0,0.0,0.0,0.0,164.0,0.0,164.0,0.0,0.0,0.0,,,,True,,,,,,,,,,,,,2042-01-01,estimee,,
852,0512C,Réseau de Molines-en-Queyras,Molines-en-Queyras,Hautes-Alpes,Provence-Alpes-Côte d'Azur,Communauté de communes du Guillestrois et du Queyras,Communauté de communes du Guillestrois et du Queyras,False,,,4.0,96.1,0.014,0.038,158.44,46.0,54.0,117.38,139.36,86.0,0.0,319.0,0.0,0.0,12.0,0.0,0.0,307.0,0.0,0.0,0.0,0.0,0.0,0.0,0.0,0.0,0.0,0.0,0.0,3.5,0.0,0.0,0.5,0.0,0.0,3.0,0.0,0.0,0.0,0.0,0.0,0.0,0.0,0.0,0.0,0.0,0.0,273.0,82.0,191.0,0.0,0.0,0.0,,,,True,,,,,,,,,,,,,,inconnue,,
853,0515C,Réseau de chaleur de Saint Jean Saint Nicolas,Saint-Jean-Saint-Nicolas,Hautes-Alpes,Provence-Alpes-Côte d'Azur,Territoire d’énergie Hautes Alpes – Syme05,Territoire d’énergie Hautes Alpes – Syme05,False,,,5.0,100.0,0.0,0.023,196.81,22.0,78.0,173.79,238.85,80.0,0.0,244.0,0.0,0.0,0.0,0.0,0.0,244.0,0.0,0.0,0.0,0.0,0.0,0.0,0.0,0.0,0.0,0.0,0.0,,,,,,,,,,,,,,,,,,,195.0,0.0,195.0,0.0,0.0,0.0,,,,True,,,,,,,,,,,,,,inconnue,,
854,0605C,réseau chaleur et froid chaine de vie 06,Levens,Alpes-Maritimes,Provence-Alpes-Côte d'Azur,chaine de vie 06 les lauriers roses,LES LAURIERS ROSES,False,2012.0,1.0,2.0,81.7,0.058,0.087,,0.0,0.0,,,98.0,0.0,1441.0,0.0,0.0,328.0,0.0,0.0,1114.0,0.0,0.0,0.0,0.0,0.0,0.0,0.0,0.0,0.0,0.0,0.0,1.02,0.0,0.0,0.54,0.0,0.0,0.48,0.0,0.0,0.0,0.0,0.0,0.0,0.0,0.0,0.0,0.0,0.0,1411.0,0.0,1411.0,0.0,0.0,0.0,100,0,0,True,,,,,,,,,,,,,2032-01-01,estimee,,
855,0611C,BET Grand Arenas,Nice,Alpes-Maritimes,Provence-Alpes-Côte d'Azur,DALKIA TOURS,DALKIA TOURS,False,,,8.0,0.0,0.323,0.241,323.5,32.0,68.0,136.16,152.31,60.0,0.0,1101.0,446.0,0.0,0.0,0.0,0.0,0.0,0.0,0.0,0.0,0.0,655.0,0.0,0.0,0.0,0.0,0.0,0.0,,,,,,,,,,,,,,,,,,,655.0,0.0,655.0,0.0,0.0,0.0,,,,True,,,,,,,,,,,,,,inconnue,,
856,0612C,BET Marenda,Antibes,Alpes-Maritimes,Provence-Alpes-Côte d'Azur,DALKIA TOURS,DALKIA TOURS,False,,,10.0,84.3,0.07,0.035,159.73,40.0,60.0,67.09,68.67,40.0,0.0,2602.0,0.0,0.0,0.0,0.0,0.0,0.0,0.0,0.0,0.0,0.0,2602.0,0.0,0.0,0.0,0.0,0.0,0.0,2.61,0.0,0.0,0.0,0.0,0.0,0.0,0.0,0.0,0.0,0.0,1.61,0.0,1.0,0.0,0.0,0.0,0.0,1045.0,836.0,209.0,0.0,0.0,0.0,,,,True,,,,,,,,,,,,,,inconnue,,
857,0703C,Chaufferie bois,Valgorge,Ardèche,Auvergne-Rhône-Alpes,Mairie de Valgorge,mairie valgorge,False,2012.0,,6.0,100.0,0.0,0.022,,,,,,82.0,0.0,589.0,0.0,0.0,0.0,0.0,0.0,589.0,0.0,0.0,0.0,0.0,0.0,0.0,0.0,0.0,0.0,0.0,0.0,0.2,0.0,0.0,0.0,0.0,0.0,0.2,0.0,0.0,0.0,0.0,0.0,0.0,0.0,0.0,0.0,0.0,0.0,483.0,22.0,461.0,0.0,0.0,0.0,100,0,0,True,,,,,,,,,,,,,2032-01-01,estimee,,
858,0704C,Réseau de chaleur de Banne,Banne,Ardèche,Auvergne-Rhône-Alpes,MAIRIE DE BANNE,MAIRIE DE BANNE,False,2007.0,,8.0,100.0,0.0,0.022,,,,,,83.0,0.0,142.0,0.0,0.0,0.0,0.0,0.0,142.0,0.0,0.0,0.0,0.0,0.0,0.0,0.0,0.0,0.0,0.0,0.0,0.4,0.0,0.0,0.0,0.0,0.0,0.4,0.0,0.0,0.0,0.0,0.0,0.0,0.0,0.0,0.0,0.0,0.0,118.0,94.0,24.0,0.0,0.0,0.0,100,0,0,True,,,,,,,,,,,,,2027-01-01,estimee,,
859,0706C,Réseau de la chaufferie bois de Chalencon,Chalencon,Ardèche,Auvergne-Rhône-Alpes,COMMUNE DE CHALENCON,COMMUNE DE CHALENCON,False,2002.0,,6.0,100.0,0.0,0.019,,,,,,100.0,0.0,64.0,0.0,0.0,0.0,0.0,0.0,64.0,0.0,0.0,0.0,0.0,0.0,0.0,0.0,0.0,0.0,0.0,0.0,0.08,0.0,0.0,0.0,0.0,0.0,0.08,0.0,0.0,0.0,0.0,0.0,0.0,0.0,0.0,0.0,0.0,0.0,64.0,32.0,32.0,0.0,0.0,0.0,100,0,0,True,,,,,,,,,,,,,2022-01-01,estimee,,
860,0707C,Réseau de la chaufferie bois,Montpezat-sous-Bauzon,Ardèche,Auvergne-Rhône-Alpes,MAIRIE DE MONTPEZAT SOUS BAUZON,MAIRIE DE MONTPEZAT SOUS BAUZON,True,2011.0,1.0,7.0,66.7,0.114,0.147,,,,,,62.0,,1188.0,0.0,0.0,0.0,0.0,0.0,1188.0,0.0,0.0,0.0,0.0,0.0,0.0,0.0,0.0,0.0,0.0,0.0,0.56,0.0,0.0,0.0,0.0,0.0,0.56,0.0,0.0,0.0,0.0,0.0,0.0,0.0,0.0,0.0,0.0,0.0,735.0,0.0,735.0,0.0,0.0,0.0,100,0,0,True,,,,,,,,,,,,,2031-01-01,estimee,,
861,0709C,Réseau de chaleur de Beauvene,Beauvène,Ardèche,Auvergne-Rhône-Alpes,Mairie de Beauvene,Mairie de Beauvene,True,,,3.0,100.0,0.0,0.017,,,,,,114.0,0.0,39.0,0.0,0.0,0.0,0.0,0.0,39.0,0.0,0.0,0.0,0.0,0.0,0.0,0.0,0.0,0.0,0.0,0.0,0.1,0.0,0.0,0.0,0.0,0.0,0.1,0.0,0.0,0.0,0.0,0.0,0.0,0.0,0.0,0.0,0.0,0.0,44.0,15.0,29.0,0.0,0.0,0.0,,,,True,,,,,,,,,,,,,,inconnue,,
862,0801C,Chaufferie communale,Alland'Huy-et-Sausseuil,Ardennes,Grand Est,commune Ecordal,commune Ecordal,True,2010.0,,5.0,100.0,0.0,0.018,,0.0,0.0,,,110.0,0.0,47.0,0.0,0.0,0.0,0.0,0.0,47.0,0.0,0.0,0.0,0.0,0.0,0.0,0.0,0.0,0.0,0.0,0.0,3.0,0.0,0.0,0.0,0.0,0.0,3.0,0.0,0.0,0.0,0.0,0.0,0.0,0.0,0.0,0.0,0.0,0.0,52.0,36.0,16.0,0.0,0.0,0.0,100,0,0,True,,,,,,,,,,,,,2030-01-01,estimee,,
863,0805C,Réseau de chaleur bois associatif à Clavy Warby,Clavy-Warby,Ardennes,Grand Est,ACACIA,ACACIA,False,2011.0,,8.0,100.0,0.0,0.024,,,,,,80.0,-5.0,174.0,0.0,0.0,0.0,0.0,0.0,174.0,0.0,0.0,0.0,0.0,0.0,0.0,0.0,0.0,0.0,0.0,0.0,0.2,0.0,0.0,0.0,0.0,0.0,0.2,0.0,0.0,0.0,0.0,0.0,0.0,0.0,0.0,0.0,0.0,0.0,140.0,140.0,0.0,0.0,0.0,0.0,100,0,0,True,,,,,,,,,,,,,2031-01-01,estimee,,
864,0809C,Réseau de chaleur bois de Lalobbe,Lalobbe,Ardennes,Grand Est,Commune de Lallobe,Commune de Lallobe,True,2011.0,,3.0,100.0,0.0,0.024,54.09,100.0,0.0,,,77.0,0.0,40.0,0.0,0.0,0.0,0.0,0.0,40.0,0.0,0.0,0.0,0.0,0.0,0.0,0.0,0.0,0.0,0.0,0.0,0.05,0.0,0.0,0.0,0.0,0.0,0.05,0.0,0.0,0.0,0.0,0.0,0.0,0.0,0.0,0.0,0.0,0.0,31.0,0.0,0.0,0.0,0.0,31.0,100,0,0,True,,,,,,,,,,,,,2031-01-01,estimee,,
865,0811C,Réseau de chaleur bois de Villers le Tourneur,Villers-le-Tourneur,Ardennes,Grand Est,Commune de Villers le Tourneur,Commune de Villers le Tourneur,False,2013.0,,9.0,100.0,0.0,0.028,100.46,100.0,0.0,,,63.0,0.0,114.0,0.0,0.0,0.0,0.0,0.0,114.0,0.0,0.0,0.0,0.0,0.0,0.0,0.0,0.0,0.0,0.0,0.0,0.1,0.0,0.0,0.0,0.0,0.0,0.1,0.0,0.0,0.0,0.0,0.0,0.0,0.0,0.0,0.0,0.0,0.0,72.0,52.0,20.0,0.0,0.0,0.0,100,0,0,True,,,,,,,,,,,,,2033-01-01,estimee,,
866,0812C,Réseau de chaleur bois de St Loup Terrier,Saint-Loup-Terrier,Ardennes,Grand Est,commune st loup terrier,commune st loup terrier,False,2011.0,,1.0,100.0,0.0,0.017,,,,,,97.0,0.0,38.0,0.0,0.0,0.0,0.0,0.0,38.0,0.0,0.0,0.0,0.0,0.0,0.0,0.0,0.0,0.0,0.0,0.0,0.07,0.0,0.0,0.0,0.0,0.0,0.07,0.0,0.0,0.0,0.0,0.0,0.0,0.0,0.0,0.0,0.0,0.0,37.0,0.0,0.0,0.0,0.0,37.0,100,0,0,True,,,,,,,,,,,,,2031-01-01,estimee,,
867,0813C,Réseau de chaleur de Montcornet,Lislet,Aisne,Hauts-de-France,ALBATROS 08,ALBATROS 08,False,2016.0,,1.0,100.0,0.0,0.022,,,,,,84.0,0.0,977.0,0.0,0.0,0.0,0.0,0.0,977.0,0.0,0.0,0.0,0.0,0.0,0.0,0.0,0.0,0.0,0.0,0.0,0.45,0.0,0.0,0.0,0.0,0.0,0.45,0.0,0.0,0.0,0.0,0.0,0.0,0.0,0.0,0.0,0.0,0.0,821.0,328.0,484.0,0.0,8.0,0.0,100,0,0,True,,,,,,,,,,,,,2036-01-01,estimee,,
868,0814C,Réseau de chaleur de Thin le Moutier,Thin-le-Moutier,Ardennes,Grand Est,Thin-le-Moutier,THIN LE MOUTIER,False,2015.0,,8.0,100.0,0.0,0.031,80.27,100.0,0.0,,,57.0,0.0,183.0,0.0,0.0,0.0,0.0,0.0,183.0,0.0,0.0,0.0,0.0,0.0,0.0,0.0,0.0,0.0,0.0,0.0,0.24,0.0,0.0,0.0,0.0,0.0,0.24,0.0,0.0,0.0,0.0,0.0,0.0,0.0,0.0,0.0,0.0,0.0,104.0,27.0,77.0,0.0,0.0,0.0,100,0,0,True,,,,,,,,,,,,,2035-01-01,estimee,,
869,1003C,Biomasse de Piney,Piney,Aube,Grand Est,CONSEIL GENERAL,DALKIA SAINT-ANDRE-LEZ-LILLE,True,2009.0,,4.0,74.5,0.084,0.118,177.31,44.0,56.0,128.39,153.69,77.0,0.0,917.0,0.0,0.0,0.0,0.0,234.0,683.0,0.0,0.0,0.0,0.0,0.0,0.0,0.0,0.0,0.0,0.0,0.0,2.2,0.0,0.0,0.0,0.0,0.8,0.6,0.0,0.0,0.0,0.0,0.0,0.8,0.0,0.0,0.0,0.0,0.0,709.0,298.0,411.0,0.0,0.0,0.0,100,0,0,True,,,,,,,,,,,,,2029-01-01,estimee,,
870,1102C,CEF - MCO,Carcassonne,Aude,Occitanie,Centre Hospitalier de Carcassone,Centre Hospitalier de Carcassone,False,,,2.0,41.2,0.136,0.16,,,,,,99.0,0.0,5416.0,3187.0,0.0,0.0,0.0,0.0,2229.0,0.0,0.0,0.0,0.0,0.0,0.0,0.0,0.0,0.0,0.0,0.0,9.15,7.75,0.0,0.0,0.0,0.0,1.4,0.0,0.0,0.0,0.0,0.0,0.0,0.0,0.0,0.0,0.0,0.0,5349.0,0.0,5349.0,0.0,0.0,0.0,,,,True,,,,,,,,,,,,,,inconnue,,
871,1202C,Réseau de Cransac,Cransac,Aveyron,Occitanie,Mairie de Cransac,MAIRIE DE CRANSAC,True,2009.0,,16.0,89.7,0.087,0.12,158.35,52.0,48.0,99.85,108.21,72.0,100.0,737.0,76.0,0.0,0.0,0.0,0.0,661.0,0.0,0.0,0.0,0.0,0.0,0.0,0.0,0.0,0.0,0.0,0.0,1.3,0.8,0.0,0.0,0.0,0.0,0.5,0.0,0.0,0.0,0.0,0.0,0.0,0.0,0.0,0.0,0.0,0.0,533.0,69.0,464.0,0.0,0.0,0.0,,,,True,,,,,,,,,,,,,2029-01-01,estimee,,
872,1203C,Réseau Sarrus,Rodez,Aveyron,Occitanie,Conseil général de l'Aveyron,Conseil général de l'Aveyron,True,1989.0,,6.0,83.8,0.04,0.062,,0.0,0.0,,,92.0,0.0,2241.0,363.0,0.0,0.0,0.0,0.0,1878.0,0.0,0.0,0.0,0.0,0.0,0.0,0.0,0.0,0.0,0.0,0.0,3.28,2.32,0.0,0.0,0.0,0.0,0.96,0.0,0.0,0.0,0.0,0.0,0.0,0.0,0.0,0.0,0.0,0.0,2053.0,411.0,1642.0,0.0,0.0,0.0,100,0,0,True,,,,,,,,,,,,,2009-01-01,estimee,,
873,1204C,Réseau de Cantagrelh,Onet-le-Château,Aveyron,Occitanie,Mairie d'Onet-le-Château,Mairie d'Onet-le-Château,True,2009.0,,31.0,61.4,0.1,0.126,,,,,,97.0,0.0,3359.0,1708.0,0.0,0.0,0.0,0.0,1651.0,0.0,0.0,0.0,0.0,0.0,0.0,0.0,0.0,0.0,0.0,0.0,4.15,2.9,0.0,0.0,0.0,0.0,1.25,0.0,0.0,0.0,0.0,0.0,0.0,0.0,0.0,0.0,0.0,0.0,3265.0,3265.0,0.0,0.0,0.0,0.0,100,0,0,True,COMMUNE D'ONET LE CHATEAU,,,60.0,,matched_exact,,,,,,,2029-01-01,estimee,,
874,1306C,LUMINY,Marseille,Bouches-du-Rhône,Provence-Alpes-Côte d'Azur,Aix Marseille Université,ENGIE SOLUTIONS DR RESEAUX SUD EST,False,2015.0,5.0,30.0,51.7,0.121,0.147,,,,,,92.0,0.0,9760.0,4718.0,0.0,0.0,0.0,0.0,5042.0,0.0,0.0,0.0,0.0,0.0,0.0,0.0,0.0,0.0,0.0,0.0,10.7,7.5,0.0,0.0,0.0,0.0,3.2,0.0,0.0,0.0,0.0,0.0,0.0,0.0,0.0,0.0,0.0,0.0,8948.0,2237.0,6711.0,0.0,0.0,0.0,100,0,0,True,,,,,,,,,,,,,2035-01-01,estimee,,
875,1411C,RCU de Val-ès-Dunes,Argences,Calvados,Normandie,DUNES,VIRIA,True,2014.0,1.0,7.0,68.6,0.075,0.099,141.74,39.0,61.0,117.56,148.94,92.0,-11.0,3007.0,1269.0,0.0,0.0,0.0,0.0,1737.0,0.0,0.0,0.0,0.0,0.0,0.0,0.0,0.0,0.0,0.0,0.0,3.0,2.0,0.0,0.0,0.0,0.0,1.0,0.0,0.0,0.0,0.0,0.0,0.0,0.0,0.0,0.0,0.0,0.0,2772.0,0.0,2772.0,0.0,0.0,0.0,100,0,0,True,,,,,,,,,,,,,2034-01-01,estimee,,
876,1505C,Réseau de Vebret,Vebret,Cantal,Auvergne-Rhône-Alpes,Commune de Vebret,COMMUNE DE VEBRET,False,2013.0,,5.0,100.0,0.0,0.022,,,,,,82.0,0.0,313.0,0.0,0.0,0.0,0.0,0.0,313.0,0.0,0.0,0.0,0.0,0.0,0.0,0.0,0.0,0.0,0.0,0.0,0.12,0.0,0.0,0.0,0.0,0.0,0.12,0.0,0.0,0.0,0.0,0.0,0.0,0.0,0.0,0.0,0.0,0.0,258.0,13.0,245.0,0.0,0.0,0.0,0,100,0,True,,,,,,,,,,,,,2033-01-01,estimee,,
877,1506C,Réseau de l'OP HLM Du Cantal,Arpajon-sur-Cère,Cantal,Auvergne-Rhône-Alpes,Cantal Habitat,Cantal Habitat,False,2008.0,,5.0,100.0,0.0,0.019,,,,,,99.0,0.0,1350.0,0.0,0.0,0.0,0.0,0.0,1350.0,0.0,0.0,0.0,0.0,0.0,0.0,0.0,0.0,0.0,0.0,0.0,0.56,0.0,0.0,0.0,0.0,0.0,0.56,0.0,0.0,0.0,0.0,0.0,0.0,0.0,0.0,0.0,0.0,0.0,1334.0,1334.0,0.0,0.0,0.0,0.0,100,0,0,True,,,,,,,,,,,,,2028-01-01,estimee,,
878,1514C,Reseau Chaleur Polminhac (RCP),Polminhac,Cantal,Auvergne-Rhône-Alpes,Mairie de Polminhac,Mairie de Polminhac,False,,,5.0,100.0,0.0,0.018,,0.0,0.0,,,91.0,0.0,898.0,0.0,0.0,0.0,0.0,0.0,898.0,0.0,0.0,0.0,0.0,0.0,0.0,0.0,0.0,0.0,0.0,0.0,,,,,,,,,,,,,,,,,,,817.0,408.0,408.0,0.0,0.0,0.0,,,,True,,,,,,,,,,,,,,inconnue,,
879,1602C,Commune de Baignes-Sainte-Radegonde,Baignes,Haute-Saône,Bourgogne-Franche-Comté,Commune de Baignes-Sainte-Radegonde,Commune de Baignes-Sainte-Radegonde,False,2002.0,1.0,12.0,100.0,0.0,0.026,,,,,,0.0,0.0,1.0,0.0,0.0,0.0,0.0,0.0,1.0,0.0,0.0,0.0,0.0,0.0,0.0,0.0,0.0,0.0,0.0,0.0,0.5,0.0,0.0,0.0,0.0,0.0,0.5,0.0,0.0,0.0,0.0,0.0,0.0,0.0,0.0,0.0,0.0,0.0,0.0,,,,,,100,0,0,True,,,,,,,,,,,,,2022-01-01,estimee,,
880,1603C,Réseau de Brossac,Brossac,Charente,Nouvelle-Aquitaine,Mairie de Brossac,Mairie de Brossac,True,2002.0,,,66.7,0.114,0.149,201.83,40.0,60.0,146.73,180.08,56.0,-46.0,413.0,0.0,0.0,0.0,0.0,0.0,413.0,0.0,0.0,0.0,0.0,0.0,0.0,0.0,0.0,0.0,0.0,0.0,0.2,0.0,0.0,0.0,0.0,0.0,0.2,0.0,0.0,0.0,0.0,0.0,0.0,0.0,0.0,0.0,0.0,0.0,,,,,,,,,,True,,,,,,,,,,,,,2022-01-01,estimee,,
881,1607C,Réseau de chaleur de Châteaubernard,Châteaubernard,Charente,Nouvelle-Aquitaine,Commune de Châteaubernard,Mairie de Chateaubernard,False,,,8.0,66.6,0.08,0.104,,,,,,95.0,40.0,497.0,166.0,0.0,0.0,0.0,0.0,331.0,0.0,0.0,0.0,0.0,0.0,0.0,0.0,0.0,0.0,0.0,0.0,1.16,0.62,0.0,0.0,0.0,0.0,0.54,0.0,0.0,0.0,0.0,0.0,0.0,0.0,0.0,0.0,0.0,0.0,471.0,0.0,471.0,0.0,0.0,0.0,,,,True,,,,,,,,,,,,,,inconnue,,
882,1609C,Réseau de chaleur de Segonzac,Segonzac,Charente,Nouvelle-Aquitaine,SEGONZAC,SEGONZAC,True,,,,32.6,0.232,0.273,,,,,,0.0,,,,,,,,,,,,,,,,,,,,,,,,,,,,,,,,,,,,,,,,,,,,100,0,0,True,,,,,,,,,,,,,,inconnue,,
883,1706C,Réseau de chaleur Tonnay-Boutonne,Tonnay-Boutonne,Charente-Maritime,Nouvelle-Aquitaine,COMMUNE DE TONNAY BOUTONNE,"régie ""chaudière bois""",True,2012.0,,4.0,64.5,0.12,0.148,124.9,44.0,56.0,88.79,105.62,82.0,0.0,483.0,18.0,0.0,0.0,0.0,0.0,465.0,0.0,0.0,0.0,0.0,0.0,0.0,0.0,0.0,0.0,0.0,0.0,0.61,0.31,0.0,0.0,0.0,0.0,0.3,0.0,0.0,0.0,0.0,0.0,0.0,0.0,0.0,0.0,0.0,0.0,398.0,0.0,398.0,0.0,0.0,0.0,100,0,0,True,,,,,,,,,,,,,2032-01-01,estimee,,
884,1708C,Réseau de chaleur UVE Echillais,Échillais,Charente-Maritime,Nouvelle-Aquitaine,SIL (Syndicat Intercommunautaire du Littoral),SOVAL NORD,False,,,1.0,100.0,0.0,0.004,,0.0,0.0,44.48,44.48,90.0,0.0,18452.0,0.0,0.0,0.0,0.0,0.0,0.0,18452.0,0.0,0.0,0.0,0.0,0.0,0.0,0.0,0.0,0.0,0.0,12.0,0.0,0.0,0.0,0.0,0.0,0.0,12.0,0.0,0.0,0.0,0.0,0.0,0.0,0.0,0.0,0.0,0.0,16583.0,0.0,16583.0,0.0,0.0,0.0,,,,True,,,,,,,,,,,,,,inconnue,,
885,1904C,Réseau de Servières le Château,Servières-le-Château,Corrèze,Nouvelle-Aquitaine,E.P.D.A. de la Corrèze,E.P.D.A. de la Corrèze,False,2014.0,,3.0,100.0,0.0,0.022,,,,,,84.0,0.0,511.0,0.0,0.0,0.0,0.0,0.0,511.0,0.0,0.0,0.0,0.0,0.0,0.0,0.0,0.0,0.0,0.0,0.0,0.29,0.0,0.0,0.0,0.0,0.0,0.29,0.0,0.0,0.0,0.0,0.0,0.0,0.0,0.0,0.0,0.0,0.0,428.0,428.0,0.0,0.0,0.0,0.0,100,0,0,True,,,,,,,,,,,,,2034-01-01,estimee,,
886,1908C,Serres de Rosiers d'Egletons,Rosiers-d'Égletons,Corrèze,Nouvelle-Aquitaine,Syttom 19,CORREZE ENERGIES (Suez),False,2020.0,,1.0,100.0,0.0,0.004,2.79,0.0,100.0,1.86,2.79,100.0,0.0,30576.0,0.0,0.0,0.0,0.0,0.0,0.0,30576.0,0.0,0.0,0.0,0.0,0.0,0.0,0.0,0.0,0.0,0.0,7.0,0.0,0.0,0.0,0.0,0.0,0.0,7.0,0.0,0.0,0.0,0.0,0.0,0.0,0.0,0.0,0.0,0.0,30576.0,0.0,0.0,0.0,30576.0,0.0,100,0,0,True,,,,,,,,,,,,,2040-01-01,estimee,,
887,2108C,Réseau de la commune de Nuits Saint Georges,Nuits-Saint-Georges,Côte-d'Or,Bourgogne-Franche-Comté,MAIRIE NUITS SAINT GEORGES,SPIC,True,,1.0,6.0,100.0,0.0,0.028,,,,,,62.0,0.0,845.0,0.0,0.0,0.0,0.0,0.0,845.0,0.0,0.0,0.0,0.0,0.0,0.0,0.0,0.0,0.0,0.0,0.0,0.46,0.0,0.0,0.0,0.0,0.0,0.46,0.0,0.0,0.0,0.0,0.0,0.0,0.0,0.0,0.0,0.0,0.0,522.0,0.0,522.0,0.0,0.0,0.0,100,0,0,True,,,,,,,,,,,,,,inconnue,,
888,2111C,Réseau de chaleur de Bligny-sur-Ouche,Bligny-sur-Ouche,Côte-d'Or,Bourgogne-Franche-Comté,REGIE COTE D'OR CHALEUR,REGIE COTE D'OR CHALEUR,False,,,6.0,94.1,0.025,0.063,128.94,56.0,44.0,105.5,122.38,76.0,0.0,894.0,0.0,0.0,53.0,0.0,0.0,841.0,0.0,0.0,0.0,0.0,0.0,0.0,0.0,0.0,0.0,0.0,0.0,0.85,0.0,0.0,0.52,0.0,0.0,0.33,0.0,0.0,0.0,0.0,0.0,0.0,0.0,0.0,0.0,0.0,0.0,679.0,129.0,550.0,0.0,0.0,0.0,,,,True,,,,,,,,,,,,,,inconnue,,
889,2112C,Réseau de chaleur - Plaine des Sports de Saulieu,Saulieu,Côte-d'Or,Bourgogne-Franche-Comté,REGIE COTE D'OR CHALEUR,REGIE COTE D'OR CHALEUR,False,,,6.0,94.7,0.02,0.056,150.07,55.0,45.0,123.79,144.54,76.0,0.0,1047.0,0.0,0.0,55.0,0.0,0.0,992.0,0.0,0.0,0.0,0.0,0.0,0.0,0.0,0.0,0.0,0.0,0.0,0.8,0.0,0.0,0.5,0.0,0.0,0.3,0.0,0.0,0.0,0.0,0.0,0.0,0.0,0.0,0.0,0.0,0.0,799.0,24.0,775.0,0.0,0.0,0.0,,,,True,,,,,,,,,,,,,,inconnue,,
890,2113C,Réseau de chaleur de Fontaine-Française,Fontaine-Française,Côte-d'Or,Bourgogne-Franche-Comté,REGIE COTE D'OR CHALEUR,REGIE COTE D'OR CHALEUR,False,,,8.0,91.9,0.028,0.062,128.02,58.0,42.0,120.62,144.01,91.0,0.0,2226.0,0.0,0.0,180.0,0.0,0.0,2046.0,0.0,0.0,0.0,0.0,0.0,0.0,0.0,0.0,0.0,0.0,0.0,1.76,0.0,0.0,1.16,0.0,0.0,0.6,0.0,0.0,0.0,0.0,0.0,0.0,0.0,0.0,0.0,0.0,0.0,2027.0,1277.0,750.0,0.0,0.0,0.0,,,,True,,,,,,,,,,,,,,inconnue,,
891,2202C,Réseau de chaleur Chaufferie 1,Plouaret,Côtes-d'Armor,Bretagne,Commune de Plouaret,commune de plouaret,True,2005.0,1.0,9.0,66.7,0.114,0.147,64.76,100.0,0.0,64.76,64.76,61.0,0.0,826.0,0.0,0.0,0.0,0.0,0.0,826.0,0.0,0.0,0.0,0.0,0.0,0.0,0.0,0.0,0.0,0.0,0.0,0.45,0.0,0.0,0.0,0.0,0.0,0.45,0.0,0.0,0.0,0.0,0.0,0.0,0.0,0.0,0.0,0.0,0.0,503.0,0.0,503.0,0.0,0.0,0.0,100,0,0,True,,,,,,,,,,,,,2025-01-01,estimee,,
892,2203C,Réseau de chaleur Chaufferie 2,Plouaret,Côtes-d'Armor,Bretagne,Commune de Plouaret,commune de plouaret,False,2012.0,1.0,14.0,100.0,0.0,0.022,,0.0,0.0,98.12,98.12,84.0,0.0,698.0,0.0,0.0,0.0,0.0,0.0,698.0,0.0,0.0,0.0,0.0,0.0,0.0,0.0,0.0,0.0,0.0,0.0,0.35,0.0,0.0,0.0,0.0,0.0,0.35,0.0,0.0,0.0,0.0,0.0,0.0,0.0,0.0,0.0,0.0,0.0,586.0,586.0,0.0,0.0,0.0,0.0,100,0,0,True,,,,,,,,,,,,,2032-01-01,estimee,,
893,2204C,SMITRED OUEST d'ARMOR,Pluzunet,Côtes-d'Armor,Bretagne,SMITRED OUEST d'ARMOR,SMITRED OUEST d'ARMOR,False,1997.0,3.0,4.0,100.0,0.0,0.004,,0.0,0.0,,,47.0,0.0,35383.0,0.0,0.0,0.0,0.0,0.0,0.0,35383.0,0.0,0.0,0.0,0.0,0.0,0.0,0.0,0.0,0.0,0.0,9.0,0.0,0.0,0.0,0.0,0.0,0.0,9.0,0.0,0.0,0.0,0.0,0.0,0.0,0.0,0.0,0.0,0.0,16694.0,0.0,0.0,0.0,16694.0,0.0,100,0,0,True,,,,,,,,,,,,,2017-01-01,estimee,,
894,2205C,Réseau de chaleur de Collinée,Le Mené,Côtes-d'Armor,Bretagne,LE MENE,LE MENE,False,2013.0,,18.0,94.5,0.017,0.043,136.33,86.0,14.0,,,73.0,0.0,1184.0,66.0,0.0,0.0,0.0,0.0,1118.0,0.0,0.0,0.0,0.0,0.0,0.0,0.0,0.0,0.0,0.0,0.0,0.79,0.46,0.0,0.0,0.0,0.0,0.33,0.0,0.0,0.0,0.0,0.0,0.0,0.0,0.0,0.0,0.0,0.0,859.0,163.0,696.0,0.0,0.0,0.0,100,0,0,True,,,,,,,,,,,,,2033-01-01,estimee,,
895,2206C,Réseau de chaleur de Pessala,Le Mené,Côtes-d'Armor,Bretagne,LE MENE,LE MENE,True,2014.0,,4.0,83.9,0.064,0.103,,,,,,,100.0,0.0,0.0,0.0,0.0,0.0,0.0,0.0,0.0,0.0,0.0,0.0,0.0,0.0,0.0,0.0,0.0,0.0,0.0,0.62,0.0,0.0,0.37,0.0,0.0,0.25,0.0,0.0,0.0,0.0,0.0,0.0,0.0,0.0,0.0,0.0,0.0,0.0,,,,,,100,0,0,True,,,,,,,,,,,,,2034-01-01,estimee,,
896,2207C,Réseau de chaleur du Gouray,Le Mené,Côtes-d'Armor,Bretagne,LE MENE,LE MENE,True,,,38.0,97.7,0.014,0.048,158.25,100.0,0.0,,,54.0,0.0,523.0,0.0,0.0,14.0,0.0,0.0,509.0,0.0,0.0,0.0,0.0,0.0,0.0,0.0,0.0,0.0,0.0,0.0,0.82,0.0,0.0,0.5,0.0,0.0,0.32,0.0,0.0,0.0,0.0,0.0,0.0,0.0,0.0,0.0,0.0,0.0,280.0,118.0,162.0,0.0,0.0,0.0,100,0,0,True,,,,,,,,,,,,,,inconnue,,
897,2209C,CIDER'BOIS ENERGIE,Loudéac,Côtes-d'Armor,Bretagne,LOUDEAC COMMUNE BRETAGNE CENTRE,LOUDEAC COMMUNE BRETAGNE CENTRE,True,2012.0,5.0,29.0,100.0,0.0,0.02,66.0,94.0,6.0,69.3,72.82,90.0,0.0,9366.0,0.0,0.0,0.0,0.0,0.0,9366.0,0.0,0.0,0.0,0.0,0.0,0.0,0.0,0.0,0.0,0.0,0.0,3.0,0.0,0.0,0.0,0.0,0.0,3.0,0.0,0.0,0.0,0.0,0.0,0.0,0.0,0.0,0.0,0.0,0.0,8477.0,0.0,0.0,0.0,0.0,8477.0,100,0,0,True,,,,,,,,,,,,,2032-01-01,estimee,,
898,2213C,Chauf bois et réseau de chaleur Plestin les Grèves,Plestin-les-Grèves,Côtes-d'Armor,Bretagne,Commune de Plestin les Grèves,SPIC Chaufferies,False,2019.0,,6.0,66.5,0.114,0.145,,,,,,84.0,,594.0,0.0,0.0,0.0,0.0,0.0,594.0,0.0,0.0,0.0,0.0,0.0,0.0,0.0,0.0,0.0,0.0,0.0,0.91,0.0,0.0,0.0,0.0,0.0,0.91,0.0,0.0,0.0,0.0,0.0,0.0,0.0,0.0,0.0,0.0,0.0,498.0,0.0,0.0,0.0,0.0,498.0,100,0,0,True,,,,,,,,,,,,,2039-01-01,estimee,,
899,2217C,Réseau de chaleur de Saint-Jacut,Le Mené,Côtes-d'Armor,Bretagne,Commune Le Mené,Commune Le Mené,True,2012.0,,30.0,94.5,0.056,0.128,162.61,100.0,0.0,,,36.0,0.0,735.0,0.0,0.0,55.0,0.0,0.0,680.0,0.0,0.0,0.0,0.0,0.0,0.0,0.0,0.0,0.0,0.0,0.0,0.77,0.0,0.0,0.45,0.0,0.0,0.32,0.0,0.0,0.0,0.0,0.0,0.0,0.0,0.0,0.0,0.0,0.0,266.0,88.0,178.0,0.0,0.0,0.0,100,0,0,True,,,,,,,,,,,,,2032-01-01,estimee,,
900,2218C,Réseau de chaleur de Saint-Gouéno,Le Mené,Côtes-d'Armor,Bretagne,Commune Le Mené,Commune Le Mené,True,2007.0,,15.0,84.1,0.068,0.112,153.74,100.0,0.0,,,67.0,0.0,297.0,0.0,0.0,50.0,0.0,0.0,247.0,0.0,0.0,0.0,0.0,0.0,0.0,0.0,0.0,0.0,0.0,0.0,0.5,0.0,0.0,0.4,0.0,0.0,0.1,0.0,0.0,0.0,0.0,0.0,0.0,0.0,0.0,0.0,0.0,0.0,199.0,76.0,123.0,0.0,0.0,0.0,100,0,0,True,,,,,,,,,,,,,2027-01-01,estimee,,
901,2505C,Champs Montants,Audincourt,Doubs,Bourgogne-Franche-Comté,SAFC Montbéliard,DALKIA,False,1990.0,3.0,17.0,0.0,0.247,0.282,144.23,46.0,54.0,127.27,161.15,97.0,0.0,5586.0,1867.0,0.0,898.0,0.0,0.0,0.0,0.0,0.0,0.0,0.0,0.0,0.0,2821.0,0.0,0.0,0.0,0.0,8.0,8.0,0.0,0.0,0.0,0.0,0.0,0.0,0.0,0.0,0.0,0.0,0.0,0.0,0.0,0.0,0.0,0.0,5435.0,4946.0,489.0,0.0,0.0,0.0,100,0,0,True,,,,,,,,,,,,,2010-01-01,estimee,,
902,2506C,Domaine Universitaire de la Bouloie,Besançon,Doubs,Bourgogne-Franche-Comté,Université de Provence,DALKIA,False,1986.0,3.0,38.0,85.9,0.04,0.066,102.13,45.0,55.0,103.68,132.45,91.0,0.0,13065.0,2002.0,0.0,0.0,0.0,0.0,11063.0,0.0,0.0,0.0,0.0,0.0,0.0,0.0,0.0,0.0,0.0,0.0,10.0,5.0,0.0,0.0,0.0,0.0,5.0,0.0,0.0,0.0,0.0,0.0,0.0,0.0,0.0,0.0,0.0,0.0,11880.0,4158.0,7722.0,0.0,0.0,0.0,100,0,0,True,,,,,,,,,,,,,2006-01-01,estimee,,
903,2510C,Chaufferie du lycée E Faure,Morteau,Doubs,Bourgogne-Franche-Comté,Conseil Régional Franche-Comté,Lycée Polyvalent E Faure,False,,,8.0,0.0,0.266,0.299,211.83,0.0,100.0,161.33,242.0,86.0,0.0,3336.0,3336.0,0.0,0.0,0.0,0.0,0.0,0.0,0.0,0.0,0.0,0.0,0.0,0.0,0.0,0.0,0.0,0.0,2.5,2.5,0.0,0.0,0.0,0.0,0.0,0.0,0.0,0.0,0.0,0.0,0.0,0.0,0.0,0.0,0.0,0.0,2856.0,0.0,2856.0,0.0,0.0,0.0,100,0,0,True,,,,,,,,,,,,,,inconnue,,
904,2512C,Réseau de chaleur de la commune de Nancray,Nancray,Doubs,Bourgogne-Franche-Comté,Commune de Nancray,Commune de Nancray,False,,1.0,5.0,100.0,0.0,0.02,,,,,,97.0,0.0,204.0,0.0,0.0,0.0,0.0,0.0,204.0,0.0,0.0,0.0,0.0,0.0,0.0,0.0,0.0,0.0,0.0,0.0,1.0,0.0,0.0,0.0,0.0,0.0,1.0,0.0,0.0,0.0,0.0,0.0,0.0,0.0,0.0,0.0,0.0,0.0,199.0,0.0,199.0,0.0,0.0,0.0,100,0,0,True,,,,,,,,,,,,,,inconnue,,
905,2513C,Villars sous Ecot,Villars-sous-Écot,Doubs,Bourgogne-Franche-Comté,Communauté de communes d’Agglomération du Pays de Montbéliard,Communauté de Communes d’Agglomération du Pays de Montbéliard,False,2010.0,,6.0,100.0,0.0,0.023,,,,,,81.0,0.0,88.0,0.0,0.0,0.0,0.0,0.0,88.0,0.0,0.0,0.0,0.0,0.0,0.0,0.0,0.0,0.0,0.0,0.0,0.11,0.0,0.0,0.0,0.0,0.0,0.11,0.0,0.0,0.0,0.0,0.0,0.0,0.0,0.0,0.0,0.0,0.0,71.0,57.0,14.0,0.0,0.0,0.0,100,0,0,True,,,,,,,,,,,,,2030-01-01,estimee,,
906,2515C,Réseau de Goux les Usiers,Val-d'Usiers,Doubs,Bourgogne-Franche-Comté,COMMUNE DE GOUX LES USIERS,COMMUNE DE VAL D'USIERS,False,2016.0,,7.0,100.0,0.0,0.02,,,,,,95.0,0.0,1892.0,0.0,0.0,0.0,0.0,0.0,1892.0,0.0,0.0,0.0,0.0,0.0,0.0,0.0,0.0,0.0,0.0,0.0,1.8,0.0,0.0,0.0,0.0,0.0,1.8,0.0,0.0,0.0,0.0,0.0,0.0,0.0,0.0,0.0,0.0,0.0,1789.0,0.0,0.0,0.0,0.0,1789.0,100,0,0,True,,,,,,,,,,,,,2036-01-01,estimee,,
907,2606C,Saint Jean en Royans,Saint-Jean-en-Royans,Drôme,Auvergne-Rhône-Alpes,Commune de Saint Jean en Royans,Commune de Saint Jean en Royans,False,,,5.0,0.0,0.343,0.383,,,,,,66.0,0.0,137.0,137.0,0.0,0.0,0.0,0.0,0.0,0.0,0.0,0.0,0.0,0.0,0.0,0.0,0.0,0.0,0.0,0.0,0.9,0.9,0.0,0.0,0.0,0.0,0.0,0.0,0.0,0.0,0.0,0.0,0.0,0.0,0.0,0.0,0.0,0.0,91.0,0.0,91.0,0.0,0.0,0.0,,,,True,,,,,,,,,,,,,,inconnue,,
908,2607C,Réseau du CH de Valence,Valence,Drôme,Auvergne-Rhône-Alpes,CENTRE HOSPITALIER VALENCE,ENGIE SOLUTIONS DR Savoie Dauphiné,False,2021.0,,24.0,30.5,0.132,0.182,92.95,63.0,37.0,81.55,92.95,98.0,0.0,10872.0,3260.0,0.0,0.0,0.0,0.0,0.0,0.0,0.0,0.0,0.0,0.0,0.0,1965.0,0.0,5647.0,0.0,0.0,19.0,19.0,0.0,0.0,0.0,0.0,0.0,0.0,0.0,0.0,0.0,0.0,0.0,0.0,0.0,0.0,0.0,0.0,10646.0,0.0,10646.0,0.0,0.0,0.0,,,,True,Ville de Valence,,,,,matched_exact,,,,,,,2041-01-01,estimee,,
909,2707C,Réseau - Canappeville,Canappeville,Eure,Normandie,Association des Amis des Campagnes de France,Association des Amis des Campagnes de France,False,2010.0,,4.0,66.7,0.114,0.143,,,,,,82.0,,464.0,0.0,0.0,0.0,0.0,0.0,464.0,0.0,0.0,0.0,0.0,0.0,0.0,0.0,0.0,0.0,0.0,0.0,0.22,0.0,0.0,0.0,0.0,0.0,0.22,0.0,0.0,0.0,0.0,0.0,0.0,0.0,0.0,0.0,0.0,0.0,382.0,0.0,0.0,0.0,382.0,0.0,100,0,0,True,,,,,,,,,,,,,2030-01-01,estimee,,
910,2806C,Réseau de chaleur de Voves,Les Villages Vovéens,Eure-et-Loir,Centre-Val de Loire,Communauté de communes Cœur de Beauce,Communauté de communes Cœur de Beauce,False,2015.0,,5.0,41.5,0.147,0.174,,,,,,92.0,0.0,634.0,556.0,0.0,0.0,0.0,0.0,78.0,0.0,0.0,0.0,0.0,0.0,0.0,0.0,0.0,0.0,0.0,0.0,1.23,0.7,0.0,0.0,0.0,0.0,0.53,0.0,0.0,0.0,0.0,0.0,0.0,0.0,0.0,0.0,0.0,0.0,583.0,0.0,0.0,0.0,0.0,583.0,100,0,0,True,,,,,,,,,,,,,2035-01-01,estimee,,
911,2910C,Réseau CMBO,Quimper,Finistère,Bretagne,Clinique Mutualiste de Bretagne Occidentale (CMBO),DALKIA TOURS,False,2022.0,,4.0,0.0,0.0,0.178,115.67,93.0,7.0,112.79,115.22,94.0,0.0,2909.0,2909.0,0.0,0.0,0.0,0.0,0.0,0.0,0.0,0.0,0.0,0.0,0.0,0.0,0.0,0.0,0.0,0.0,4.8,4.8,0.0,0.0,0.0,0.0,0.0,0.0,0.0,0.0,0.0,0.0,0.0,0.0,0.0,0.0,0.0,0.0,2727.0,0.0,0.0,0.0,0.0,2727.0,,,,True,,,,,,,,,,,,,2042-01-01,estimee,,
912,2911C,Centre-Bourg - Arzano,Arzano,Finistère,Bretagne,BOIS ENERGIE RENOUVELABLE,BOIS ENERGIE RENOUVELABLE,False,,,5.0,96.2,0.01,0.032,,,,,,85.0,0.0,678.0,26.0,0.0,0.0,0.0,0.0,652.0,0.0,0.0,0.0,0.0,0.0,0.0,0.0,0.0,0.0,0.0,0.0,1.6,1.4,0.0,0.0,0.0,0.0,0.2,0.0,0.0,0.0,0.0,0.0,0.0,0.0,0.0,0.0,0.0,0.0,576.0,29.0,548.0,0.0,0.0,0.0,,,,True,,,,,,,,,,,,,,inconnue,,
913,3113C,Réseau écoquartier Maragon Floralies,Ramonville-Saint-Agne,Haute-Garonne,Occitanie,SA LES CHALETS,Association Chaufferie Maragon-Floralies,False,2014.0,3.0,23.0,80.2,0.046,0.068,125.55,43.0,57.0,111.79,140.52,97.0,17.0,4116.0,814.0,0.0,0.0,0.0,0.0,3302.0,0.0,0.0,0.0,0.0,0.0,0.0,0.0,0.0,0.0,0.0,0.0,5.7,4.1,0.0,0.0,0.0,0.0,1.6,0.0,0.0,0.0,0.0,0.0,0.0,0.0,0.0,0.0,0.0,0.0,4000.0,4000.0,0.0,0.0,0.0,0.0,100,0,0,True,,,,,,,,,,,,,2034-01-01,estimee,,
914,3115C,ECONOTRE,Bessières,Haute-Garonne,Occitanie,DECOSET,SUEZ,True,2016.0,,1.0,100.0,0.0,0.004,,,,,,100.0,0.0,33424.0,0.0,0.0,0.0,0.0,0.0,0.0,33424.0,0.0,0.0,0.0,0.0,0.0,0.0,0.0,0.0,0.0,0.0,60.0,0.0,0.0,0.0,0.0,0.0,0.0,60.0,0.0,0.0,0.0,0.0,0.0,0.0,0.0,0.0,0.0,0.0,33424.0,0.0,0.0,0.0,33424.0,0.0,100,0,0,True,,,,,,,,,,,,,2036-01-01,estimee,,
915,3310C,Réseau de chaleur de Gironde sur Dropt,Gironde-sur-Dropt,Gironde,Nouvelle-Aquitaine,Commune de Gironde sur Dropt,Chaufferie Bois Gironde sur Dropt,True,2008.0,2.0,49.0,99.2,0.003,0.034,121.49,73.0,27.0,107.28,116.64,56.0,0.0,1543.0,12.0,0.0,0.0,0.0,0.0,1531.0,0.0,0.0,0.0,0.0,0.0,0.0,0.0,0.0,0.0,0.0,0.0,2.28,1.72,0.0,0.0,0.0,0.0,0.56,0.0,0.0,0.0,0.0,0.0,0.0,0.0,0.0,0.0,0.0,0.0,861.0,499.0,172.0,95.0,0.0,95.0,100,0,0,True,COMMUNE DE GIRONDE SUR DROPT,,,240.0,,matched_exact,,,,,,,2028-01-01,estimee,,
916,3311C,Réseau de chaleur de Pellegrue,Pellegrue,Gironde,Nouvelle-Aquitaine,Commune de Pellegrue,Commune de Pellegrue,True,2008.0,,6.0,97.3,0.016,0.053,136.28,54.0,46.0,100.22,113.41,50.0,0.0,625.0,0.0,0.0,17.0,0.0,0.0,608.0,0.0,0.0,0.0,0.0,0.0,0.0,0.0,0.0,0.0,0.0,0.0,0.69,0.0,0.0,0.49,0.0,0.0,0.2,0.0,0.0,0.0,0.0,0.0,0.0,0.0,0.0,0.0,0.0,0.0,314.0,125.0,116.0,0.0,0.0,73.0,100,0,0,True,,,,,,,,,,,,,2028-01-01,estimee,,
917,3312C,Réseau de chaleur de Saint Pierre d'Aurillac,Saint-Pierre-d'Aurillac,Gironde,Nouvelle-Aquitaine,Commune de Saint Pierre d'Aurillac,Mairie de Saint Pierre d'Aurillac,False,2010.0,1.0,20.0,94.5,0.021,0.049,104.74,74.0,26.0,100.71,112.29,58.0,0.0,717.0,71.0,0.0,0.0,0.0,0.0,646.0,0.0,0.0,0.0,0.0,0.0,0.0,0.0,0.0,0.0,0.0,0.0,0.65,0.4,0.0,0.0,0.0,0.0,0.25,0.0,0.0,0.0,0.0,0.0,0.0,0.0,0.0,0.0,0.0,0.0,419.0,251.0,67.0,0.0,0.0,101.0,100,0,0,True,,,,,,,,,,,,,2030-01-01,estimee,,
918,3313C,Réseau de La Réole,La Réole,Gironde,Nouvelle-Aquitaine,Régie Municipale Multiservice de La Réole,Régie Municipale Multiservice de La Réole,True,2011.0,3.0,25.0,97.6,0.007,0.034,93.57,47.0,53.0,70.5,83.74,74.0,-50.0,3128.0,148.0,0.0,0.0,0.0,0.0,2980.0,0.0,0.0,0.0,0.0,0.0,0.0,0.0,0.0,0.0,0.0,0.0,2.45,1.15,0.0,0.0,0.0,0.0,1.3,0.0,0.0,0.0,0.0,0.0,0.0,0.0,0.0,0.0,0.0,0.0,2300.0,69.0,1633.0,0.0,0.0,598.0,100,0,0,True,,,,,,,,,,,,,2031-01-01,estimee,,
919,3320C,Réseau de la Clinique Lesparre,Lesparre-Médoc,Gironde,Nouvelle-Aquitaine,Pavillon de la Mutualité & Fondation St-Léonard,ENGIE SOLUTIONS AGENCE GARONNE,False,2011.0,1.0,3.0,70.9,0.103,0.139,,,,,,92.0,0.0,1691.0,0.0,0.0,747.0,0.0,0.0,944.0,0.0,0.0,0.0,0.0,0.0,0.0,0.0,0.0,0.0,0.0,0.0,2.06,0.0,0.0,1.5,0.0,0.0,0.56,0.0,0.0,0.0,0.0,0.0,0.0,0.0,0.0,0.0,0.0,0.0,1559.0,780.0,780.0,0.0,0.0,0.0,100,0,0,True,,,,,,,,,,,,,2031-01-01,estimee,,
920,3329C,Réseau de Pinsan,Eysines,Gironde,Nouvelle-Aquitaine,Eysines,ENGIE SOLUTIONS AGENCE GARONNE,True,2019.0,,5.0,89.3,0.027,0.052,,,,,,100.0,0.0,1229.0,141.0,0.0,0.0,0.0,0.0,1088.0,0.0,0.0,0.0,0.0,0.0,0.0,0.0,0.0,0.0,0.0,0.0,1.1,0.8,0.0,0.0,0.0,0.0,0.3,0.0,0.0,0.0,0.0,0.0,0.0,0.0,0.0,0.0,0.0,0.0,1227.0,0.0,1227.0,0.0,0.0,0.0,100,0,0,True,BORDEAUX METROPOLE,,,,,matched_epci,,,,,,,2039-01-01,estimee,,
921,3330C,BARIE,Barie,Gironde,Nouvelle-Aquitaine,Mairie de BARIE,Mairie de BARIE,False,2020.0,,7.0,100.0,0.0,0.021,143.72,73.0,27.0,,,90.0,100.0,84.0,0.0,0.0,0.0,0.0,0.0,84.0,0.0,0.0,0.0,0.0,0.0,0.0,0.0,0.0,0.0,0.0,0.0,0.05,0.0,0.0,0.0,0.0,0.0,0.05,0.0,0.0,0.0,0.0,0.0,0.0,0.0,0.0,0.0,0.0,0.0,76.0,30.0,0.0,0.0,0.0,46.0,,,,True,,,,,,,,,,,,,2040-01-01,estimee,,
922,3404C,Réseau de Fraïsse - Agout,Fraisse-sur-Agout,Hérault,Occitanie,Commune de Fraïsse sur Agout,COMMUNE DE FRAÎSSE-AGOUT,True,2003.0,1.0,37.0,100.0,0.0,0.021,165.49,63.0,37.0,124.52,134.03,91.0,0.0,1376.0,0.0,0.0,0.0,0.0,0.0,1376.0,0.0,0.0,0.0,0.0,0.0,0.0,0.0,0.0,0.0,0.0,0.0,4.2,0.0,0.0,0.0,0.0,0.0,4.2,0.0,0.0,0.0,0.0,0.0,0.0,0.0,0.0,0.0,0.0,0.0,1252.0,100.0,50.0,0.0,0.0,1102.0,100,0,0,True,,,,,,,,,,,,,2023-01-01,estimee,,
923,3405C,Réseau des universités,Montpellier,Hérault,Occitanie,Université de Montpellier,SERM,True,,5.0,,,,,,,,,,0.0,,,,,,,,,,,,,,,,,,,,,,,,,,,,,,,,,,,,,,,,,,,,100,0,0,True,,,,,,,,,,,,,,inconnue,,
924,3411C,MUSE,Montpellier,Hérault,Occitanie,MUSE,MUSE (ENGIE SOLUTIONS),False,2007.0,5.0,6.0,100.0,0.0,0.004,,,,,,100.0,0.0,3502.0,0.0,0.0,0.0,0.0,0.0,0.0,0.0,0.0,0.0,0.0,0.0,0.0,0.0,3502.0,0.0,0.0,0.0,7.49,0.0,0.0,0.0,0.0,0.0,0.0,0.0,0.0,0.0,0.0,0.0,0.0,0.0,7.49,0.0,0.0,0.0,3502.0,0.0,3082.0,420.0,0.0,0.0,100,0,0,True,,,,,,,,,,,,,2027-01-01,estimee,,
925,3430C,Caylus,Castelnau-le-Lez,Hérault,Occitanie,DALKIA TOURS,DALKIA TOURS,False,,,9.0,52.2,0.145,0.175,184.53,43.0,57.0,187.09,241.6,75.0,0.0,2561.0,1223.0,0.0,0.0,0.0,0.0,1338.0,0.0,0.0,0.0,0.0,0.0,0.0,0.0,0.0,0.0,0.0,0.0,1.2,0.8,0.0,0.0,0.0,0.0,0.4,0.0,0.0,0.0,0.0,0.0,0.0,0.0,0.0,0.0,0.0,0.0,1921.0,1921.0,0.0,0.0,0.0,0.0,,,,True,,,,,,,,,,,,,,inconnue,,
926,3518C,Réseau de chaleur de Liffré,Liffré,Ille-et-Vilaine,Bretagne,Liffré Cormier Communauté,Liffré Cormier Communauté,False,,,7.0,88.0,0.029,0.052,160.88,51.0,49.0,123.07,143.33,82.0,0.0,2188.0,263.0,0.0,0.0,0.0,0.0,1925.0,0.0,0.0,0.0,0.0,0.0,0.0,0.0,0.0,0.0,0.0,0.0,3.5,2.8,0.0,0.0,0.0,0.0,0.7,0.0,0.0,0.0,0.0,0.0,0.0,0.0,0.0,0.0,0.0,0.0,1800.0,0.0,1800.0,0.0,0.0,0.0,,,,True,,,,,,,,,,,,,,inconnue,,
927,3519C,Réseau REVERTEC - LACTALIS - KERVALIS,Vitré,Ille-et-Vilaine,Bretagne,S3T'ec,PAPREC ENERGIES ATLANTIQUE,False,,,1.0,100.0,0.0,0.004,,,,,,85.0,0.0,44896.0,0.0,0.0,0.0,0.0,0.0,0.0,44896.0,0.0,0.0,0.0,0.0,0.0,0.0,0.0,0.0,0.0,0.0,6.88,0.0,0.0,0.0,0.0,0.0,0.0,6.88,0.0,0.0,0.0,0.0,0.0,0.0,0.0,0.0,0.0,0.0,37974.0,0.0,0.0,37974.0,0.0,0.0,,,,True,,,,,,,,,,,,,,inconnue,,
928,3604C,Réseau communal Neuvy Saint Sepulchre,Neuvy-Saint-Sépulchre,Indre,Centre-Val de Loire,COMMUNE DE NEUVY SAINT SEPULCHRE,COMMUNE DE NEUVY SAINT SEPULCHRE,False,,3.0,21.0,96.4,0.014,0.038,,0.0,0.0,,,81.0,0.0,839.0,0.0,0.0,30.0,0.0,0.0,808.0,0.0,0.0,0.0,0.0,0.0,0.0,0.0,0.0,0.0,0.0,0.0,1.6,0.0,0.0,0.8,0.0,0.0,0.8,0.0,0.0,0.0,0.0,0.0,0.0,0.0,0.0,0.0,0.0,0.0,677.0,27.0,650.0,0.0,0.0,0.0,100,0,0,True,,,,,,,,,,,,,,inconnue,,
929,3607C,Groupe scolaire de Mézières en Brenne,Mézières-en-Brenne,Indre,Centre-Val de Loire,Communauté de Communes Cœur de Brenne,Communauté de Communes Cœur de Brenne,False,,,11.0,37.7,0.198,0.206,,,,,,83.0,,68.0,0.0,0.0,0.0,0.0,0.0,0.0,0.0,0.0,0.0,0.0,68.0,0.0,0.0,0.0,0.0,0.0,0.0,0.11,0.0,0.0,0.0,0.0,0.0,0.0,0.0,0.0,0.0,0.0,0.11,0.0,0.0,0.0,0.0,0.0,0.0,56.0,0.0,56.0,0.0,0.0,0.0,,,,True,,,,,,,,,,,,,,inconnue,,
930,3707C,Réseau de chaleur pour le CHU St Benoit la Forêt,Saint-Benoît-la-Forêt,Indre-et-Loire,Centre-Val de Loire,Paprec Energies Opérations,Paprec Energies Opérations,False,1983.0,,1.0,100.0,0.0,0.004,,,,,,88.0,0.0,4319.0,0.0,0.0,0.0,0.0,0.0,0.0,4319.0,0.0,0.0,0.0,0.0,0.0,0.0,0.0,0.0,0.0,0.0,3.27,0.0,0.0,0.0,0.0,0.0,0.0,3.27,0.0,0.0,0.0,0.0,0.0,0.0,0.0,0.0,0.0,0.0,3804.0,,,,,,,,,True,,,,,,,,,,,,,2003-01-01,estimee,,
931,3710C,Résidence Febvotte 1 et 2,Tours,Indre-et-Loire,Centre-Val de Loire,Syndic de copropriétaires de la résidence Febvotte,DALKIA TOURS,False,1970.0,1.0,2.0,0.0,0.228,0.256,152.74,84.0,16.0,159.21,174.4,100.0,0.0,2383.0,778.0,0.0,0.0,0.0,0.0,0.0,0.0,0.0,0.0,0.0,0.0,0.0,1605.0,0.0,0.0,0.0,0.0,3.5,3.5,0.0,0.0,0.0,0.0,0.0,0.0,0.0,0.0,0.0,0.0,0.0,0.0,0.0,0.0,0.0,0.0,2383.0,2383.0,0.0,0.0,0.0,0.0,100,0,0,True,,,,,,,,,,,,,1990-01-01,estimee,,
932,3711C,CFA Joué Les Tours,Joué-lès-Tours,Indre-et-Loire,Centre-Val de Loire,CFA de Joué Les Tours,DALKIA TOURS,False,1970.0,,2.0,51.6,0.12,0.144,147.68,73.0,27.0,154.14,177.44,100.0,0.0,1393.0,674.0,0.0,0.0,0.0,0.0,719.0,0.0,0.0,0.0,0.0,0.0,0.0,0.0,0.0,0.0,0.0,0.0,1.6,0.8,0.0,0.0,0.0,0.0,0.8,0.0,0.0,0.0,0.0,0.0,0.0,0.0,0.0,0.0,0.0,0.0,1393.0,0.0,1393.0,0.0,0.0,0.0,100,0,0,True,,,,,,,,,,,,,1990-01-01,estimee,,
933,3801C,Chaufferie bois bâtiments communaux,Noyarey,Isère,Auvergne-Rhône-Alpes,Commune de NoyareyA,Commune de NoyareyA,False,2006.0,,3.0,88.9,0.029,0.051,,,,,,85.0,0.0,562.0,64.0,0.0,0.0,0.0,0.0,498.0,0.0,0.0,0.0,0.0,0.0,0.0,0.0,0.0,0.0,0.0,0.0,1.14,0.64,0.0,0.0,0.0,0.0,0.5,0.0,0.0,0.0,0.0,0.0,0.0,0.0,0.0,0.0,0.0,0.0,476.0,0.0,476.0,0.0,0.0,0.0,100,0,0,True,,,,,,,,,,,,,2026-01-01,estimee,,
934,3809C,Réseau de Monestier-de-Clermont,Monestier-de-Clermont,Isère,Auvergne-Rhône-Alpes,communauté de commune de Monestier de Clermont,VEOLIA (ECHM),True,2009.0,1.0,11.0,94.8,0.023,0.051,,,,,,70.0,0.0,1085.0,0.0,0.0,57.0,0.0,0.0,1028.0,0.0,0.0,0.0,0.0,0.0,0.0,0.0,0.0,0.0,0.0,0.0,1.13,0.0,0.0,0.63,0.0,0.0,0.5,0.0,0.0,0.0,0.0,0.0,0.0,0.0,0.0,0.0,0.0,0.0,762.0,0.0,762.0,0.0,0.0,0.0,100,0,0,True,,,,,,,,,,,,,2029-01-01,estimee,,
935,3810C,Réseau de Mens,Mens,Isère,Auvergne-Rhône-Alpes,Communauté de commune de Mens,ECHM,True,,1.0,8.0,100.0,0.0,0.019,128.11,53.0,47.0,98.23,113.4,91.0,100.0,1678.0,0.0,0.0,0.0,0.0,0.0,1678.0,0.0,0.0,0.0,0.0,0.0,0.0,0.0,0.0,0.0,0.0,0.0,1.75,0.0,0.0,0.0,0.0,0.0,1.75,0.0,0.0,0.0,0.0,0.0,0.0,0.0,0.0,0.0,0.0,0.0,1522.0,0.0,1522.0,0.0,0.0,0.0,100,0,0,True,,,,,,,,,,,,,,inconnue,,
936,3907C,Réseau de Chissey sur Loue,Chissey-sur-Loue,Jura,Bourgogne-Franche-Comté,Mairie Chissey sur Loue,Mairie chissey sur Loue,False,,,,66.7,0.114,0.143,,,,,,84.0,,85.0,0.0,0.0,0.0,0.0,0.0,85.0,0.0,0.0,0.0,0.0,0.0,0.0,0.0,0.0,0.0,0.0,0.0,0.07,0.0,0.0,0.0,0.0,0.0,0.07,0.0,0.0,0.0,0.0,0.0,0.0,0.0,0.0,0.0,0.0,0.0,,,,,,,100,0,0,True,,,,,,,,,,,,,,inconnue,,
937,3908C,Chaufferie Bois Les Orchidées,Avignon-lès-Saint-Claude,Jura,Bourgogne-Franche-Comté,Commune d'Avignon-les-Saint-Claude,Commune d'Avignon-les-Saint-Claude,True,2017.0,,10.0,100.0,0.0,0.023,194.09,55.0,45.0,220.27,276.97,81.0,0.0,96.0,0.0,0.0,0.0,0.0,0.0,96.0,0.0,0.0,0.0,0.0,0.0,0.0,0.0,0.0,0.0,0.0,0.0,0.09,0.0,0.0,0.0,0.0,0.0,0.09,0.0,0.0,0.0,0.0,0.0,0.0,0.0,0.0,0.0,0.0,0.0,78.0,78.0,0.0,0.0,0.0,0.0,100,0,0,True,,,,,,,,,,,,,2037-01-01,estimee,,
938,4004C,écoquartier Mousse (arrêt en 2024),Dax,Landes,Nouvelle-Aquitaine,Service public de l'eau du grand Dax,Service public de l'eau du grand Dax,False,,,,,,,,,,,,0.0,,,,,,,,,,,,,,,,,,,,,,,,,,,,,,,,,,,,,,,,,,,,100,0,0,True,,,,,,,,,,,,,,inconnue,,
939,4007C,Réseau serres Pontenx,Pontenx-les-Forges,Landes,Nouvelle-Aquitaine,SIVOM du BORN,PAPREC ENERGIES ATLANTIQUE,False,,,1.0,100.0,0.0,0.004,,,,,,42.0,0.0,88585.0,0.0,0.0,0.0,0.0,0.0,0.0,88585.0,0.0,0.0,0.0,0.0,0.0,0.0,0.0,0.0,0.0,0.0,12.0,0.0,0.0,0.0,0.0,0.0,0.0,12.0,0.0,0.0,0.0,0.0,0.0,0.0,0.0,0.0,0.0,0.0,37365.0,0.0,0.0,0.0,37365.0,0.0,,,,True,,,,,,,,,,,,,,inconnue,,
940,4104C,Réseau Neung sur Beuvron,Neung-sur-Beuvron,Loir-et-Cher,Centre-Val de Loire,Cc Sologne des Etangs,Cc Sologne des Etangs,False,2012.0,,7.0,100.0,0.0,0.022,34.22,63.0,37.0,29.02,32.8,83.0,0.0,387.0,0.0,0.0,0.0,0.0,0.0,387.0,0.0,0.0,0.0,0.0,0.0,0.0,0.0,0.0,0.0,0.0,0.0,0.2,0.0,0.0,0.0,0.0,0.0,0.2,0.0,0.0,0.0,0.0,0.0,0.0,0.0,0.0,0.0,0.0,0.0,320.0,0.0,0.0,0.0,0.0,320.0,100,0,0,True,,,,,,,,,,,,,2032-01-01,estimee,,
941,4105C,Hubert CHEVALLIER,Villeny,Loir-et-Cher,Centre-Val de Loire,mairie de villeny,mairie de villeny,True,2010.0,,10.0,100.0,0.0,0.021,94.43,97.0,3.0,7.94,9.16,87.0,0.0,224.0,0.0,0.0,0.0,0.0,0.0,224.0,0.0,0.0,0.0,0.0,0.0,0.0,0.0,0.0,0.0,0.0,0.0,0.15,0.0,0.0,0.0,0.0,0.0,0.15,0.0,0.0,0.0,0.0,0.0,0.0,0.0,0.0,0.0,0.0,0.0,196.0,73.0,123.0,0.0,0.0,0.0,100,0,0,True,,,,,,,,,,,,,2030-01-01,estimee,,
942,4203C,Quartier de La Métare,Saint-Étienne,Loire,Auvergne-Rhône-Alpes,Copropriété La Metarex,DALKIA Centre Est,False,1970.0,2.0,10.0,0.0,0.222,0.25,85.99,92.0,8.0,87.69,91.87,97.0,0.0,13307.0,13307.0,0.0,0.0,0.0,0.0,0.0,0.0,0.0,0.0,0.0,0.0,0.0,0.0,0.0,0.0,0.0,0.0,12.7,12.7,0.0,0.0,0.0,0.0,0.0,0.0,0.0,0.0,0.0,0.0,0.0,0.0,0.0,0.0,0.0,0.0,12883.0,12883.0,0.0,0.0,0.0,0.0,100,0,0,True,,,,,,,,,,,,,1990-01-01,estimee,,
943,4253C,Conseil départemental – Maison d'enfants,Saint-Just-en-Chevalet,Loire,Auvergne-Rhône-Alpes,SIEL,SIEL,False,,,1.0,100.0,0.0,0.024,,,,,,74.0,0.0,270.0,0.0,0.0,0.0,0.0,0.0,270.0,0.0,0.0,0.0,0.0,0.0,0.0,0.0,0.0,0.0,0.0,0.0,2.0,0.0,0.0,0.0,0.0,0.0,2.0,0.0,0.0,0.0,0.0,0.0,0.0,0.0,0.0,0.0,0.0,0.0,200.0,0.0,200.0,0.0,0.0,0.0,,,,True,,,,,,,,,,,,,,inconnue,,
944,4304C,Chaufferie de la Mairie,Dunières,Haute-Loire,Auvergne-Rhône-Alpes,MAIRIE DE DUNIERES,MAIRIE DE DUNIERES,False,,,5.0,100.0,0.0,0.018,,,,,,111.0,0.0,523.0,0.0,0.0,0.0,0.0,0.0,523.0,0.0,0.0,0.0,0.0,0.0,0.0,0.0,0.0,0.0,0.0,0.0,0.49,0.0,0.0,0.0,0.0,0.0,0.49,0.0,0.0,0.0,0.0,0.0,0.0,0.0,0.0,0.0,0.0,0.0,580.0,169.0,411.0,0.0,0.0,0.0,100,0,0,True,,,,,,,,,,,,,,inconnue,,
945,4306C,Chaufferie de la Piscine,Dunières,Haute-Loire,Auvergne-Rhône-Alpes,MAIRIE DE DUNIERES,MAIRIE DE DUNIERES,False,,,6.0,100.0,0.0,0.022,,,,,,84.0,0.0,1151.0,0.0,0.0,0.0,0.0,0.0,1151.0,0.0,0.0,0.0,0.0,0.0,0.0,0.0,0.0,0.0,0.0,0.0,1.1,0.0,0.0,0.0,0.0,0.0,1.1,0.0,0.0,0.0,0.0,0.0,0.0,0.0,0.0,0.0,0.0,0.0,964.0,256.0,708.0,0.0,0.0,0.0,100,0,0,True,,,,,,,,,,,,,,inconnue,,
946,4310C,Réseau de St Bonnet le Froid,Saint-Bonnet-le-Froid,Haute-Loire,Auvergne-Rhône-Alpes,ERE43,ERE43,False,2015.0,,8.0,100.0,0.0,0.02,,0.0,0.0,,,97.0,0.0,762.0,0.0,0.0,0.0,0.0,0.0,762.0,0.0,0.0,0.0,0.0,0.0,0.0,0.0,0.0,0.0,0.0,0.0,0.3,0.0,0.0,0.0,0.0,0.0,0.3,0.0,0.0,0.0,0.0,0.0,0.0,0.0,0.0,0.0,0.0,0.0,739.0,74.0,665.0,0.0,0.0,0.0,100,0,0,True,,,,,,,,,,,,,2035-01-01,estimee,,
947,4319C,Monastier-sur-Gazeille,Le Monastier-sur-Gazeille,Haute-Loire,Auvergne-Rhône-Alpes,Commune du Monastier-sur-Gazeille,ERE43,False,,,15.0,100.0,0.0,0.018,105.22,100.0,0.0,105.22,105.22,105.0,0.0,353.0,0.0,0.0,0.0,0.0,0.0,353.0,0.0,0.0,0.0,0.0,0.0,0.0,0.0,0.0,0.0,0.0,0.0,0.47,0.0,0.0,0.0,0.0,0.0,0.47,0.0,0.0,0.0,0.0,0.0,0.0,0.0,0.0,0.0,0.0,0.0,371.0,152.0,219.0,0.0,0.0,0.0,,,,True,,,,,,,,,,,,,,inconnue,,
948,4409C,Saint Julien de Concelles - Chaufferie Bois,Saint-Julien-de-Concelles,Loire-Atlantique,Pays de la Loire,Mairie de Saint Julien de Concelles,Mairie de Saint Julien de Concelles,True,,,10.0,40.4,0.116,0.141,108.79,40.0,60.0,81.22,100.37,97.0,0.0,1425.0,1350.0,0.0,0.0,0.0,0.0,75.0,0.0,0.0,0.0,0.0,0.0,0.0,0.0,0.0,0.0,0.0,0.0,2.3,1.6,0.0,0.0,0.0,0.0,0.7,0.0,0.0,0.0,0.0,0.0,0.0,0.0,0.0,0.0,0.0,0.0,1378.0,0.0,0.0,0.0,0.0,1378.0,100,0,0,True,,,,,,,,,,,,,,inconnue,,
949,4411C,Résidence La Beaujoire,Nantes,Loire-Atlantique,Pays de la Loire,La Nantaise d'Habitation,DALKIA,False,1970.0,,2.0,0.0,0.214,0.242,66.95,93.0,7.0,66.82,69.13,100.0,0.0,5105.0,2054.0,0.0,0.0,0.0,0.0,0.0,0.0,0.0,0.0,0.0,0.0,0.0,3051.0,0.0,0.0,0.0,0.0,2.4,2.4,0.0,0.0,0.0,0.0,0.0,0.0,0.0,0.0,0.0,0.0,0.0,0.0,0.0,0.0,0.0,0.0,5105.0,5105.0,0.0,0.0,0.0,0.0,,,,True,Nantes Métropole,IDEX Infra,2016-12-16,240.0,107251894.0,matched_epci,,,,,,,2036-12-16,confirmee_boamp,IDEX Infra,BOAMP
950,4508C,Saint Gondon,Saint-Gondon,Loiret,Centre-Val de Loire,Mairie de Saint-Gondon,Mairie de Saint-Gondon,False,,,3.0,100.0,0.0,0.023,,,,,,78.0,-20.0,102.0,0.0,0.0,0.0,0.0,0.0,102.0,0.0,0.0,0.0,0.0,0.0,0.0,0.0,0.0,0.0,0.0,0.0,0.1,0.0,0.0,0.0,0.0,0.0,0.1,0.0,0.0,0.0,0.0,0.0,0.0,0.0,0.0,0.0,0.0,0.0,79.0,0.0,79.0,0.0,0.0,0.0,,,,True,,,,,,,,,,,,,,inconnue,,
951,4914C,Réseau POINCLOUX,Ombrée d'Anjou,Maine-et-Loire,Pays de la Loire,Tristan POINCLOUX,EARL EXPAVIT,False,2020.0,,4.0,100.0,0.0,0.021,,,,,,89.0,0.0,1290.0,0.0,0.0,0.0,0.0,0.0,1290.0,0.0,0.0,0.0,0.0,0.0,0.0,0.0,0.0,0.0,0.0,0.0,6.0,0.0,0.0,0.0,0.0,0.0,6.0,0.0,0.0,0.0,0.0,0.0,0.0,0.0,0.0,0.0,0.0,0.0,1150.0,0.0,0.0,0.0,1150.0,0.0,100,0,0,True,,,,,,,,,,,,,2040-01-01,estimee,,
952,4916C,LES PLAINES - TRELAZE,Trélazé,Maine-et-Loire,Pays de la Loire,PODELIHA,DALKIA TOURS,False,2011.0,,4.0,0.0,0.22,0.255,156.11,91.0,9.0,162.32,172.11,98.0,0.0,3136.0,3136.0,0.0,0.0,0.0,0.0,0.0,0.0,0.0,0.0,0.0,0.0,0.0,0.0,0.0,0.0,0.0,0.0,1.0,1.0,0.0,0.0,0.0,0.0,0.0,0.0,0.0,0.0,0.0,0.0,0.0,0.0,0.0,0.0,0.0,0.0,3075.0,2798.0,0.0,0.0,0.0,277.0,100,0,0,True,,,,,,,,,,,,,2031-01-01,estimee,,
953,5004C,Centre Hospitalier de L'estran,Pontorson,Manche,Normandie,Centre hospitalier de l'Estran,Centre hospitalier de l'Estran,False,2006.0,,1.0,0.0,0.246,0.276,,,,,,93.0,0.0,3240.0,3240.0,0.0,0.0,0.0,0.0,0.0,0.0,0.0,0.0,0.0,0.0,0.0,0.0,0.0,0.0,0.0,0.0,2.5,2.5,0.0,0.0,0.0,0.0,0.0,0.0,0.0,0.0,0.0,0.0,0.0,0.0,0.0,0.0,0.0,0.0,3000.0,,,,,,100,0,0,True,,,,,,,,,,,,,2026-01-01,estimee,,
954,5007C,Réseau de Buais-Les-Monts,Buais-Les-Monts,Manche,Normandie,SDEM50,Sdem50,True,,,12.0,100.0,0.0,0.021,196.49,32.0,68.0,135.34,171.14,91.0,0.0,79.0,0.0,0.0,0.0,0.0,0.0,79.0,0.0,0.0,0.0,0.0,0.0,0.0,0.0,0.0,0.0,0.0,0.0,0.07,0.0,0.0,0.0,0.0,0.0,0.07,0.0,0.0,0.0,0.0,0.0,0.0,0.0,0.0,0.0,0.0,0.0,72.0,58.0,14.0,0.0,0.0,0.0,,,,True,,,,,,,,,,,,,,inconnue,,
955,5213C,Réseau de Fayl-Billot,Fayl-Billot,Haute-Marne,Grand Est,Conseil départemental Haute-Marne,CONSEIL DEPARTEMENTAL HAUTE MARNE,False,,,2.0,91.3,0.024,0.047,,,,,,82.0,0.0,1608.0,140.0,0.0,0.0,0.0,0.0,1468.0,0.0,0.0,0.0,0.0,0.0,0.0,0.0,0.0,0.0,0.0,0.0,1.85,1.15,0.0,0.0,0.0,0.0,0.7,0.0,0.0,0.0,0.0,0.0,0.0,0.0,0.0,0.0,0.0,0.0,1327.0,0.0,0.0,0.0,0.0,1327.0,100,0,0,True,,,,,,,,,,,,,,inconnue,,
956,5214C,Réseau de Saint-Blin,Saint-Blin,Haute-Marne,Grand Est,Conseil départemental Haute-Marne,Conseil départemental,False,,,2.0,93.1,0.032,0.06,,,,,,66.0,0.0,918.0,0.0,0.0,189.0,0.0,0.0,729.0,0.0,0.0,0.0,0.0,0.0,0.0,0.0,0.0,0.0,0.0,0.0,0.62,0.0,0.0,0.3,0.0,0.0,0.32,0.0,0.0,0.0,0.0,0.0,0.0,0.0,0.0,0.0,0.0,0.0,601.0,0.0,601.0,0.0,0.0,0.0,100,0,0,True,,,,,,,,,,,,,,inconnue,,
957,5303C,Réseau de Château-Gontier (piscine et salles omnisports),Château-Gontier-sur-Mayenne,Mayenne,Pays de la Loire,Communauté de communes du Pays de Château-Gontier,Communauté de communes du Pays de Château-Gontier,False,2005.0,,4.0,74.6,0.068,0.093,,,,,,87.0,0.0,2120.0,658.0,0.0,0.0,0.0,0.0,1462.0,0.0,0.0,0.0,0.0,0.0,0.0,0.0,0.0,0.0,0.0,0.0,1.27,0.71,0.0,0.0,0.0,0.0,0.56,0.0,0.0,0.0,0.0,0.0,0.0,0.0,0.0,0.0,0.0,0.0,1850.0,0.0,1850.0,0.0,0.0,0.0,100,0,0,True,,,,,,,,,,,,,2025-01-01,estimee,,
958,5409C,Réseau chaufferie bois - Barbonville,Barbonville,Meurthe-et-Moselle,Grand Est,Commune de Barbonville,COMMUNE BARBONVILLE,True,2012.0,,1.0,100.0,0.0,0.022,,0.0,0.0,,,83.0,0.0,125.0,0.0,0.0,0.0,0.0,0.0,125.0,0.0,0.0,0.0,0.0,0.0,0.0,0.0,0.0,0.0,0.0,0.0,3.0,0.0,0.0,0.0,0.0,0.0,3.0,0.0,0.0,0.0,0.0,0.0,0.0,0.0,0.0,0.0,0.0,0.0,104.0,104.0,0.0,0.0,0.0,0.0,100,0,0,True,,,,,,,,,,,,,2032-01-01,estimee,,
959,5504C,Réseau de Baâlon,Baâlon,Meuse,Grand Est,Commune de Baâlon,Commune de Baâlon,True,2012.0,,8.0,100.0,0.0,0.029,109.22,94.0,6.0,107.41,109.61,102.0,0.0,83.0,0.0,0.0,0.0,0.0,0.0,83.0,0.0,0.0,0.0,0.0,0.0,0.0,0.0,0.0,0.0,0.0,0.0,0.08,0.0,0.0,0.0,0.0,0.0,0.08,0.0,0.0,0.0,0.0,0.0,0.0,0.0,0.0,0.0,0.0,0.0,85.0,76.0,8.0,0.0,0.0,0.0,100,0,0,True,,,,,,,,,,,,,2032-01-01,estimee,,
960,5605C,Réseau de la commune de Guer,Guer,Morbihan,Bretagne,Ville de Guer,Ville de Guer / Dalkia,True,2008.0,,6.0,100.0,0.0,0.022,133.36,50.0,50.0,125.39,154.67,84.0,0.0,915.0,0.0,0.0,0.0,0.0,0.0,915.0,0.0,0.0,0.0,0.0,0.0,0.0,0.0,0.0,0.0,0.0,0.0,0.75,0.0,0.0,0.0,0.0,0.0,0.75,0.0,0.0,0.0,0.0,0.0,0.0,0.0,0.0,0.0,0.0,0.0,766.0,0.0,766.0,0.0,0.0,0.0,100,0,0,True,,,,,,,,,,,,,2028-01-01,estimee,,
961,5607C,Réseau de Serent,Sérent,Morbihan,Bretagne,Marie de Serent,Marie de Serent,False,2008.0,,6.0,87.7,0.039,0.065,,,,,,72.0,0.0,772.0,95.0,0.0,0.0,0.0,0.0,677.0,0.0,0.0,0.0,0.0,0.0,0.0,0.0,0.0,0.0,0.0,0.0,0.64,0.32,0.0,0.0,0.0,0.0,0.32,0.0,0.0,0.0,0.0,0.0,0.0,0.0,0.0,0.0,0.0,0.0,558.0,,,,,,100,0,0,True,,,,,,,,,,,,,2028-01-01,estimee,,
962,5615C,Centre-bourg - Bubry,Bubry,Morbihan,Bretagne,Bois Energie Renouvelable,SPL Bois Energie Renouvelable,False,2021.0,,4.0,100.0,0.0,0.021,,,,,,87.0,0.0,208.0,0.0,0.0,0.0,0.0,0.0,208.0,0.0,0.0,0.0,0.0,0.0,0.0,0.0,0.0,0.0,0.0,0.0,0.14,0.0,0.0,0.0,0.0,0.0,0.14,0.0,0.0,0.0,0.0,0.0,0.0,0.0,0.0,0.0,0.0,0.0,181.0,0.0,181.0,0.0,0.0,0.0,,,,True,,,,,,,,,,,,,2041-01-01,estimee,,
963,5616C,Réseau CH Centre Bretagne – Polyclinique KERIO,Noyal-Pontivy,Morbihan,Bretagne,CENTRE HOSPITALIER DU CENTRE BRETAGNE,Dalkia,False,2010.0,,2.0,59.9,0.095,0.119,73.11,80.0,20.0,,,100.0,150.0,3396.0,1863.0,0.0,0.0,0.0,0.0,1533.0,0.0,0.0,0.0,0.0,0.0,0.0,0.0,0.0,0.0,0.0,0.0,5.4,3.9,0.0,0.0,0.0,0.0,1.5,0.0,0.0,0.0,0.0,0.0,0.0,0.0,0.0,0.0,0.0,0.0,3396.0,0.0,0.0,0.0,0.0,3396.0,,,,True,,,,,,,,,,,,,2030-01-01,estimee,,
964,5617C,Réseau LACTALIS - AKIOLIS,Pontivy,Morbihan,Bretagne,SITTOM-MI,PAPREC ENERGIES ATLANTIQUE,False,,,1.0,100.0,0.0,0.004,,,,,,90.0,0.0,45812.0,0.0,0.0,0.0,0.0,0.0,0.0,45812.0,0.0,0.0,0.0,0.0,0.0,0.0,0.0,0.0,0.0,0.0,7.5,0.0,0.0,0.0,0.0,0.0,0.0,7.5,0.0,0.0,0.0,0.0,0.0,0.0,0.0,0.0,0.0,0.0,41200.0,0.0,0.0,41200.0,0.0,0.0,,,,True,,,,,,,,,,,,,,inconnue,,
965,5804C,Réseau de chaleur de la Maison du Parc du Morvan,Saint-Brisson,Nièvre,Bourgogne-Franche-Comté,Syndicat mixte du Parc naturel régional du Morvan,Syndicat mixte du Parc naturel régional du Morvan,False,1998.0,,9.0,66.7,0.114,0.143,,,,,,84.0,,339.0,0.0,0.0,0.0,0.0,0.0,339.0,0.0,0.0,0.0,0.0,0.0,0.0,0.0,0.0,0.0,0.0,0.0,0.4,0.0,0.0,0.0,0.0,0.0,0.4,0.0,0.0,0.0,0.0,0.0,0.0,0.0,0.0,0.0,0.0,0.0,284.0,0.0,284.0,0.0,0.0,0.0,100,0,0,True,,,,,,,,,,,,,2018-01-01,estimee,,
966,5824C,Réseau de Luzy,Luzy,Nièvre,Bourgogne-Franche-Comté,Commune de Luzy,Commune de Luzy,True,2019.0,2.0,12.0,97.3,0.007,0.028,113.22,79.0,21.0,,,98.0,0.0,2086.0,97.0,0.0,0.0,0.0,0.0,1989.0,0.0,0.0,0.0,0.0,0.0,0.0,0.0,0.0,0.0,0.0,0.0,1.85,1.21,0.0,0.0,0.0,0.0,0.64,0.0,0.0,0.0,0.0,0.0,0.0,0.0,0.0,0.0,0.0,0.0,2050.0,0.0,2050.0,0.0,0.0,0.0,100,0,0,True,,,,,,,,,,,,,2039-01-01,estimee,,
967,5918C,Réseau de chaleur de Baisieux,Baisieux,Nord,Hauts-de-France,MISSENARD CLIMATIQUE,MISSENARD CLIMATIQUE,False,,,,0.0,0.342,0.385,,,,,,0.0,,,,,,,,,,,,,,,,,,,,,,,,,,,,,,,,,,,,,,,,,,,,100,0,0,True,,,,,,,,,,,,,,inconnue,,
968,5919C,Réseau du Parc St Maur,Lille,Nord,Hauts-de-France,Engie Solutions VILLENEUVE D'ASCQ,ENGIE SOLUTIONS Ile de France,False,,,4.0,0.0,0.241,0.239,,,,,,100.0,0.0,5823.0,5823.0,0.0,0.0,0.0,0.0,0.0,0.0,0.0,0.0,0.0,0.0,0.0,0.0,0.0,0.0,0.0,0.0,8.55,8.55,0.0,0.0,0.0,0.0,0.0,0.0,0.0,0.0,0.0,0.0,0.0,0.0,0.0,0.0,0.0,0.0,5823.0,5823.0,0.0,0.0,0.0,0.0,100,0,0,True,,,,,,,,,,,,,,inconnue,,
969,6007C,VSPU Villers Saint Paul Utilités,Villers-Saint-Paul,Oise,Hauts-de-France,ENGIE SOLUTIONS,VSPU (ENGIE SOLUTIONS),False,2005.0,2.0,4.0,87.4,0.051,0.06,,,,,,81.0,0.0,55002.0,6919.0,0.0,0.0,0.0,0.0,0.0,0.0,48083.0,0.0,0.0,0.0,0.0,0.0,0.0,0.0,0.0,0.0,52.0,36.0,0.0,0.0,0.0,0.0,0.0,0.0,16.0,0.0,0.0,0.0,0.0,0.0,0.0,0.0,0.0,0.0,44385.0,0.0,0.0,44385.0,0.0,0.0,0,0,100,True,,,,,,,,,,,,,2025-01-01,estimee,,
970,6106C,Réseau de Perrou,Perrou,Orne,Normandie,,,False,,,,,,,,,,,,0.0,,,,,,,,,,,,,,,,,,,,,,,,,,,,,,,,,,,,,,,,,,,,,,,True,,,,,,,,,,,,,,inconnue,,
971,6213C,Chaufferie bois d'Anvin,Anvin,Pas-de-Calais,Hauts-de-France,Mairie d'Anvin,Mairie d'Anvin,False,,,,33.3,0.228,0.264,,,,,,0.0,,,,,,,,,,,,,,,,,,,,,,,,,,,,,,,,,,,,,,,,,,,,100,0,0,True,,,,,,,,,,,,,,inconnue,,
972,6215C,Réseau CVE Flamoval,Wardrecques,Pas-de-Calais,Hauts-de-France,CGW,CGW,False,2019.0,,,66.7,0.114,0.131,,,,,,100.0,,73275.0,0.0,0.0,0.0,0.0,0.0,0.0,73275.0,0.0,0.0,0.0,0.0,0.0,0.0,0.0,0.0,0.0,0.0,22.0,0.0,0.0,0.0,0.0,0.0,0.0,22.0,0.0,0.0,0.0,0.0,0.0,0.0,0.0,0.0,0.0,0.0,,,,,,,0,0,100,True,,,,,,,,,,,,,2039-01-01,estimee,,
973,6303C,HLM Saint Jacques,Clermont-Ferrand,Puy-de-Dôme,Auvergne-Rhône-Alpes,Logidôme,DALKIA Centre Est,False,,,9.0,0.0,0.266,0.248,171.29,83.0,17.0,166.58,179.14,107.0,0.0,10804.0,10691.0,0.0,113.0,0.0,0.0,0.0,0.0,0.0,0.0,0.0,0.0,0.0,0.0,0.0,0.0,0.0,0.0,15.6,5.1,0.0,10.5,0.0,0.0,0.0,0.0,0.0,0.0,0.0,0.0,0.0,0.0,0.0,0.0,0.0,0.0,11602.0,11022.0,580.0,0.0,0.0,0.0,,,,True,,,,,,,,,,,,,,inconnue,,
974,6313C,Réseau de St Clément de Régnat,Saint-Clément-de-Régnat,Puy-de-Dôme,Auvergne-Rhône-Alpes,Mairie de St Clément de Régnat,Mairie de St Clément de Régnat,False,2009.0,,1.0,66.7,0.159,0.193,,,,,,82.0,0.0,163.0,0.0,163.0,0.0,0.0,0.0,0.0,0.0,0.0,0.0,0.0,0.0,0.0,0.0,0.0,0.0,0.0,0.0,0.13,0.0,0.13,0.0,0.0,0.0,0.0,0.0,0.0,0.0,0.0,0.0,0.0,0.0,0.0,0.0,0.0,0.0,133.0,0.0,133.0,0.0,0.0,0.0,,,,True,,,,,,,,,,,,,2029-01-01,estimee,,
975,6314C,Réseau de chaleur du Brugeron,Le Brugeron,Puy-de-Dôme,Auvergne-Rhône-Alpes,Communauté de commune Ambert Livradois Forez,Communauté de commune Ambert Livradois Forez,True,2011.0,,,66.7,0.114,0.146,,,,,,69.0,,430.0,0.0,0.0,0.0,0.0,0.0,430.0,0.0,0.0,0.0,0.0,0.0,0.0,0.0,0.0,0.0,0.0,0.0,0.35,0.0,0.0,0.0,0.0,0.0,0.35,0.0,0.0,0.0,0.0,0.0,0.0,0.0,0.0,0.0,0.0,0.0,,,,,,,100,0,0,True,,,,,,,,,,,,,2031-01-01,estimee,,
976,6316C,Réseau de chaleur du Luguet,Anzat-le-Luguet,Puy-de-Dôme,Auvergne-Rhône-Alpes,Commune de Anzat-le-Luguet,Régie communale,False,,,38.0,100.0,0.0,0.025,,,,,,67.0,0.0,386.0,0.0,0.0,0.0,0.0,0.0,386.0,0.0,0.0,0.0,0.0,0.0,0.0,0.0,0.0,0.0,0.0,0.0,0.36,0.0,0.0,0.0,0.0,0.0,0.36,0.0,0.0,0.0,0.0,0.0,0.0,0.0,0.0,0.0,0.0,0.0,257.0,257.0,0.0,0.0,0.0,0.0,,,,True,,,,,,,,,,,,,,inconnue,,
977,6318C,Réseau de chaleur d'Arlanc,Arlanc,Puy-de-Dôme,Auvergne-Rhône-Alpes,CC AMBERT LIVRADOIS FOREZ,CC AMBERT LIVRADOIS FOREZ,True,2019.0,,7.0,100.0,0.0,0.026,,,,,,67.0,0.0,59.0,0.0,0.0,0.0,0.0,0.0,59.0,0.0,0.0,0.0,0.0,0.0,0.0,0.0,0.0,0.0,0.0,0.0,0.11,0.0,0.0,0.0,0.0,0.0,0.11,0.0,0.0,0.0,0.0,0.0,0.0,0.0,0.0,0.0,0.0,0.0,40.0,40.0,0.0,0.0,0.0,0.0,,,,True,,,,,,,,,,,,,2039-01-01,estimee,,
978,6404C,Réseau CHEM'PÔLE 64,Mourenx,Pyrénées-Atlantiques,Nouvelle-Aquitaine,Communauté de Communes de Lacq Orthez,PAPREC ENERGIES ATLANTIQUE,False,,,1.0,100.0,0.0,0.004,,,,,,80.0,0.0,17964.0,0.0,0.0,0.0,0.0,0.0,0.0,17964.0,0.0,0.0,0.0,0.0,0.0,0.0,0.0,0.0,0.0,0.0,,,,,,,,,,,,,,,,,,,14424.0,0.0,0.0,14424.0,0.0,0.0,,,,True,,,,,,,,,,,,,,inconnue,,
979,6601C,Réseau communal de Bolquere,Bolquère,Pyrénées-Orientales,Occitanie,Commune de Bolquere,COMMUNE DE BOLQUERE,True,,,,33.3,0.228,0.264,,,,,,0.0,,,,,,,,,,,,,,,,,,,,,,,,,,,,,,,,,,,,,,,,,,,,100,0,0,True,,,,,,,,,,,,,,inconnue,,
980,6704C,Eco-quartier Brasserie cronenbourg,Strasbourg,Bas-Rhin,Grand Est,SERS,ES Services Energétiques,False,2014.0,1.0,21.0,69.1,0.06,0.031,,,,,,90.0,0.0,2202.0,2.0,0.0,0.0,0.0,0.0,0.0,0.0,0.0,0.0,0.0,2200.0,0.0,0.0,0.0,0.0,0.0,0.0,2.96,1.3,0.0,0.0,0.0,0.0,0.0,0.0,0.0,0.0,0.0,1.66,0.0,0.0,0.0,0.0,0.0,0.0,1977.0,1977.0,0.0,0.0,0.0,0.0,100,0,0,True,Ville Eurométropole de Strasbourg,,,,,matched_epci,,,,,,,2034-01-01,estimee,,
981,6705C,Réseau de Hochfelden,Strasbourg,Bas-Rhin,Grand Est,Pierres et territoires de France alsace,Génie climatique de l'Est,False,2012.0,,6.0,14.9,0.159,0.166,76.44,54.0,46.0,72.58,88.11,381.0,0.0,420.0,420.0,0.0,0.0,0.0,0.0,0.0,0.0,0.0,0.0,0.0,0.0,0.0,0.0,0.0,0.0,0.0,0.0,1.83,1.28,0.0,0.0,0.0,0.0,0.0,0.0,0.0,0.0,0.0,0.55,0.0,0.0,0.0,0.0,0.0,0.0,1601.0,1601.0,0.0,0.0,0.0,0.0,100,0,0,True,Ville Eurométropole de Strasbourg,,,,,matched_epci,,,,,,,2032-01-01,estimee,,
982,6712C,Chaufferie,Saales,Bas-Rhin,Grand Est,Commune de Saâles,Commune de Saâles,True,2005.0,1.0,19.0,100.0,0.0,0.02,118.39,89.0,11.0,16.28,24.37,93.0,0.0,961.0,0.0,0.0,0.0,0.0,0.0,961.0,0.0,0.0,0.0,0.0,0.0,0.0,0.0,0.0,0.0,0.0,0.0,0.5,0.0,0.0,0.0,0.0,0.0,0.5,0.0,0.0,0.0,0.0,0.0,0.0,0.0,0.0,0.0,0.0,0.0,892.0,892.0,0.0,0.0,0.0,0.0,100,0,0,True,,,,,,,,,,,,,2025-01-01,estimee,,
983,6715C,Niederbronn,Niederbronn-les-Bains,Bas-Rhin,Grand Est,Ville de Niederbronn,ENGIE SOLUTIONS,True,2006.0,2.0,12.0,84.8,0.031,0.057,,,,,,100.0,0.0,3698.0,563.0,0.0,0.0,0.0,0.0,3135.0,0.0,0.0,0.0,0.0,0.0,0.0,0.0,0.0,0.0,0.0,0.0,2.73,1.44,0.0,0.0,0.0,0.0,1.29,0.0,0.0,0.0,0.0,0.0,0.0,0.0,0.0,0.0,0.0,0.0,3694.0,0.0,0.0,0.0,0.0,3694.0,100,0,0,True,,,,,,,,,,,,,2026-01-01,estimee,,
984,6716C,Réseau de chaleur d'Allenwiller,Sommerau,Bas-Rhin,Grand Est,Commune de Sommerau,Commune de Sommerau,True,,,8.0,100.0,0.0,0.029,,100.0,0.0,79.13,79.13,61.0,0.0,5792.0,0.0,0.0,0.0,0.0,0.0,5792.0,0.0,0.0,0.0,0.0,0.0,0.0,0.0,0.0,0.0,0.0,0.0,1.5,0.0,0.0,0.0,0.0,0.0,1.5,0.0,0.0,0.0,0.0,0.0,0.0,0.0,0.0,0.0,0.0,0.0,3533.0,883.0,707.0,0.0,0.0,1943.0,100,0,0,True,,,,,,,,,,,,,,inconnue,,
985,6721C,Réseau de Villé-Bassemberg,Bassemberg,Bas-Rhin,Grand Est,Communauté de communes de la vallée de Villé,Communauté de communes de la vallée de Villé,True,,,4.0,90.5,0.022,0.044,,,,,,132.0,0.0,1029.0,0.0,0.0,98.0,0.0,0.0,931.0,0.0,0.0,0.0,0.0,0.0,0.0,0.0,0.0,0.0,0.0,0.0,2.34,0.0,0.0,1.8,0.0,0.0,0.54,0.0,0.0,0.0,0.0,0.0,0.0,0.0,0.0,0.0,0.0,0.0,1357.0,163.0,27.0,0.0,0.0,1167.0,,,,True,,,,,,,,,,,,,,inconnue,,
986,6723C,ECOGI,Hatten,Bas-Rhin,Grand Est,ECOGI,ECOGI,False,2015.0,31.0,1.0,100.0,0.0,0.015,,,,,,90.0,0.0,169859.0,0.0,0.0,0.0,0.0,0.0,0.0,0.0,0.0,0.0,169859.0,0.0,0.0,0.0,0.0,0.0,0.0,0.0,20.7,0.0,0.0,0.0,0.0,0.0,0.0,0.0,0.0,0.0,20.7,0.0,0.0,0.0,0.0,0.0,0.0,0.0,153214.0,0.0,0.0,153214.0,0.0,0.0,50,50,0,True,,,,,,,,,,,,,2035-01-01,estimee,,
987,6730C,ILOT ZD5 de la ZAC ETOILE,Strasbourg,Bas-Rhin,Grand Est,ASL pour la Gestion de l'ILOT ZD5 de la ZAC ETOILE,ES Services Energétiques,False,2021.0,,6.0,51.3,0.1,0.085,,,,,,108.0,0.0,451.0,108.0,0.0,0.0,0.0,0.0,0.0,0.0,0.0,0.0,0.0,343.0,0.0,0.0,0.0,0.0,0.0,0.0,0.47,0.27,0.0,0.0,0.0,0.0,0.0,0.0,0.0,0.0,0.0,0.2,0.0,0.0,0.0,0.0,0.0,0.0,487.0,487.0,0.0,0.0,0.0,0.0,100,0,0,True,Ville Eurométropole de Strasbourg,,,,,matched_epci,,,,,,,2041-01-01,estimee,,
988,6736C,Schweighouse - CENPA,Schweighouse-sur-Moder,Bas-Rhin,Grand Est,SMITOM,EVNA (SUEZ),True,1989.0,,1.0,100.0,0.0,0.004,,,,,,84.0,0.0,45147.0,0.0,0.0,0.0,0.0,0.0,0.0,45147.0,0.0,0.0,0.0,0.0,0.0,0.0,0.0,0.0,0.0,0.0,5.0,0.0,0.0,0.0,0.0,0.0,0.0,5.0,0.0,0.0,0.0,0.0,0.0,0.0,0.0,0.0,0.0,0.0,37834.0,0.0,0.0,37834.0,0.0,0.0,0,0,100,True,,,,,,,,,,,,,2009-01-01,estimee,,
989,6737C,Schweighouse - Schaeffler,Schweighouse-sur-Moder,Bas-Rhin,Grand Est,SMITOM,EVNA (SUEZ),True,1989.0,,1.0,100.0,0.0,0.004,,,,,,,0.0,0.0,0.0,0.0,0.0,0.0,0.0,0.0,0.0,0.0,0.0,0.0,0.0,0.0,0.0,0.0,0.0,0.0,0.0,0.0,0.0,0.0,0.0,0.0,0.0,0.0,0.0,0.0,0.0,0.0,0.0,0.0,0.0,0.0,0.0,0.0,0.0,0.0,,,,,,100,0,0,True,,,,,,,,,,,,,2009-01-01,estimee,,
990,6803C,Porte de Bâle,Mulhouse,Haut-Rhin,Grand Est,Syndicat des Copropriétaires Chaufferie Bâle,WEIBLEN IMMEUBLES,False,1954.0,,35.0,0.0,0.207,0.234,,,,,,110.0,0.0,15484.0,15484.0,0.0,0.0,0.0,0.0,0.0,0.0,0.0,0.0,0.0,0.0,0.0,0.0,0.0,0.0,0.0,0.0,12.0,12.0,0.0,0.0,0.0,0.0,0.0,0.0,0.0,0.0,0.0,0.0,0.0,0.0,0.0,0.0,0.0,0.0,17000.0,11900.0,5100.0,0.0,0.0,0.0,100,0,0,True,,,,,,,,,,,,,1974-01-01,estimee,,
991,6817C,réseau communal de Friesen,Friesen,Haut-Rhin,Grand Est,Commune de Friesen,COMMUNE DE FRIESEN,False,2009.0,,4.0,100.0,0.0,0.022,,,,,,84.0,0.0,292.0,0.0,0.0,0.0,0.0,0.0,292.0,0.0,0.0,0.0,0.0,0.0,0.0,0.0,0.0,0.0,0.0,0.0,0.23,0.0,0.0,0.0,0.0,0.0,0.23,0.0,0.0,0.0,0.0,0.0,0.0,0.0,0.0,0.0,0.0,0.0,245.0,93.0,0.0,152.0,0.0,0.0,100,0,0,True,,,,,,,,,,,,,2029-01-01,estimee,,
992,6818C,Réseau de Lapoutroie,Lapoutroie,Haut-Rhin,Grand Est,Régie Municipale de Chauffage Lapoutroie,Régie Municipale de Chauffage Lapoutroie,True,2010.0,1.0,14.0,100.0,0.0,0.023,138.39,67.0,33.0,107.01,114.21,78.0,100.0,1606.0,0.0,0.0,0.0,0.0,0.0,1606.0,0.0,0.0,0.0,0.0,0.0,0.0,0.0,0.0,0.0,0.0,0.0,1.2,0.0,0.0,0.0,0.0,0.0,1.2,0.0,0.0,0.0,0.0,0.0,0.0,0.0,0.0,0.0,0.0,0.0,1251.0,1251.0,0.0,0.0,0.0,0.0,100,0,0,True,,,,,,,,,,,,,2030-01-01,estimee,,
993,6820C,Réseau chaufferies bois Freland,Fréland,Haut-Rhin,Grand Est,Commune de Freland,Commune de Freland,False,2016.0,,8.0,100.0,0.0,0.022,,,,,,83.0,0.0,542.0,0.0,0.0,0.0,0.0,0.0,542.0,0.0,0.0,0.0,0.0,0.0,0.0,0.0,0.0,0.0,0.0,0.0,0.22,0.0,0.0,0.0,0.0,0.0,0.22,0.0,0.0,0.0,0.0,0.0,0.0,0.0,0.0,0.0,0.0,0.0,450.0,,,,,,100,0,0,True,,,,,,,,,,,,,2036-01-01,estimee,,
994,6821C,Papeteries du Rhin,Rixheim,Haut-Rhin,Grand Est,ENERSICO,Valorim (Suez),False,2017.0,,1.0,100.0,0.0,0.004,40.32,95.0,5.0,44.3,47.39,96.0,0.0,41989.0,0.0,0.0,0.0,0.0,0.0,0.0,0.0,41989.0,0.0,0.0,0.0,0.0,0.0,0.0,0.0,0.0,0.0,10.0,0.0,0.0,0.0,0.0,0.0,0.0,0.0,10.0,0.0,0.0,0.0,0.0,0.0,0.0,0.0,0.0,0.0,40088.0,0.0,0.0,40088.0,0.0,0.0,0,0,100,True,,,,,,,,,,,,,2037-01-01,estimee,,
995,6902C,HLM Les Sources,Écully,Rhône,Auvergne-Rhône-Alpes,Société Lyonnaise pour l'Habitat,DALKIA Centre Est,False,,3.0,,,,,,,,,,0.0,,,,,,,,,,,,,,,,,,,,,,,,,,,,,,,,,,,,,,,,,,,,100,0,0,True,Métropole de Lyon,,,,,matched_epci,,,,,,,,inconnue,,
996,6908C,Quartier La Perralière,Villeurbanne,Rhône,Auvergne-Rhône-Alpes,Copro La perralière,DALKIA Centre Est,False,,2.0,,,,,,,,,,0.0,,,,,,,,,,,,,,,,,,,,,,,,,,,,,,,,,,,,,,,,,,,,100,0,0,True,Métropole de Lyon,,,,,matched_epci,,,,,,,,inconnue,,
997,6914C,Plateau de Montmein,Oullins-Pierre-Bénite,Rhône,Auvergne-Rhône-Alpes,REGIR,DALKIA Centre Est,False,1970.0,1.0,3.0,0.0,0.311,0.324,58.47,84.0,16.0,83.31,100.33,108.0,0.0,6459.0,6459.0,0.0,0.0,0.0,0.0,0.0,0.0,0.0,0.0,0.0,0.0,0.0,0.0,0.0,0.0,0.0,0.0,7.0,7.0,0.0,0.0,0.0,0.0,0.0,0.0,0.0,0.0,0.0,0.0,0.0,0.0,0.0,0.0,0.0,0.0,7006.0,7006.0,0.0,0.0,0.0,0.0,100,0,0,True,Métropole de Lyon,,,,,matched_epci,,,,,,,1990-01-01,estimee,,
998,6921C,Quartier de la Roue,Rillieux-la-Pape,Rhône,Auvergne-Rhône-Alpes,Dynacité,DALKIA Centre Est,False,1970.0,2.0,6.0,0.0,0.342,0.385,,,,,,100.0,,3883.0,3883.0,0.0,0.0,0.0,0.0,0.0,0.0,0.0,0.0,0.0,0.0,0.0,0.0,0.0,0.0,0.0,0.0,5.15,5.15,0.0,0.0,0.0,0.0,0.0,0.0,0.0,0.0,0.0,0.0,0.0,0.0,0.0,0.0,0.0,0.0,3865.0,3865.0,0.0,0.0,0.0,0.0,100,0,0,True,Métropole de Lyon,,,,,matched_epci,,,,,,,1990-01-01,estimee,,
999,6924C,Les Combes,Yzeron,Rhône,Auvergne-Rhône-Alpes,COMMUNE YZERON,COMMUNE YZERON,False,2006.0,,4.0,99.3,0.002,0.021,92.2,63.0,37.0,91.07,107.37,102.0,0.0,601.0,0.0,0.0,4.0,0.0,0.0,596.0,0.0,0.0,0.0,0.0,0.0,0.0,0.0,0.0,0.0,0.0,0.0,0.66,0.0,0.0,0.46,0.0,0.0,0.2,0.0,0.0,0.0,0.0,0.0,0.0,0.0,0.0,0.0,0.0,0.0,616.0,542.0,74.0,0.0,0.0,0.0,100,0,0,True,,,,,,,,,,,,,2026-01-01,estimee,,
1000,6925C,Le Bourg,Yzeron,Rhône,Auvergne-Rhône-Alpes,COMMUNE YZERON,COMMUNE YZERON,False,2013.0,1.0,10.0,80.2,0.06,0.088,95.49,39.0,61.0,79.61,100.75,101.0,0.0,541.0,0.0,0.0,107.0,0.0,0.0,434.0,0.0,0.0,0.0,0.0,0.0,0.0,0.0,0.0,0.0,0.0,0.0,0.6,0.0,0.0,0.4,0.0,0.0,0.2,0.0,0.0,0.0,0.0,0.0,0.0,0.0,0.0,0.0,0.0,0.0,545.0,87.0,458.0,0.0,0.0,0.0,100,0,0,True,,,,,,,,,,,,,2033-01-01,estimee,,
1001,6926C,Réseau de chaleur communal,Lamure-sur-Azergues,Rhône,Auvergne-Rhône-Alpes,,,False,,,,,,,,,,,,0.0,,,,,,,,,,,,,,,,,,,,,,,,,,,,,,,,,,,,,,,,,,,,,,,True,,,,,,,,,,,,,,inconnue,,
1002,6929C,Réseau du Breuil,Chevigny-Saint-Sauveur,Côte-d'Or,Bourgogne-Franche-Comté,les syndicats des copropriétés de l'union coopérative du Breuil,DALKIA Centre Est,False,2020.0,,2.0,0.0,0.237,0.266,77.39,80.0,20.0,114.33,140.53,100.0,0.0,3051.0,1495.0,0.0,0.0,0.0,0.0,0.0,0.0,0.0,0.0,0.0,0.0,0.0,1556.0,0.0,0.0,0.0,0.0,0.6,0.6,0.0,0.0,0.0,0.0,0.0,0.0,0.0,0.0,0.0,0.0,0.0,0.0,0.0,0.0,0.0,0.0,3051.0,3051.0,0.0,0.0,0.0,0.0,100,0,0,True,,,,,,,,,,,,,2040-01-01,estimee,,
1003,7001C,Zup des Capucins,Gray,Haute-Saône,Bourgogne-Franche-Comté,Syndicat mixte de la chaufferie centrale de Gray,DALKIA,True,1966.0,3.0,23.0,59.8,0.109,0.137,126.14,59.0,41.0,105.35,122.51,87.0,0.0,8215.0,4294.0,0.0,0.0,0.0,0.0,3921.0,0.0,0.0,0.0,0.0,0.0,0.0,0.0,0.0,0.0,0.0,0.0,8.2,5.0,0.0,0.0,0.0,0.0,3.2,0.0,0.0,0.0,0.0,0.0,0.0,0.0,0.0,0.0,0.0,0.0,7151.0,3933.0,3218.0,0.0,0.0,0.0,100,0,0,True,,,,,,,,,,,,,1986-01-01,estimee,,
1004,7005C,Réseau de Plancher-bas,Plancher-Bas,Haute-Saône,Bourgogne-Franche-Comté,,,False,,,,,,,,,,,,0.0,,,,,,,,,,,,,,,,,,,,,,,,,,,,,,,,,,,,,,,,,,,,,,,True,,,,,,,,,,,,,,inconnue,,
1005,7105C,Réseau de chaleur de Tramayes,Tramayes,Saône-et-Loire,Bourgogne-Franche-Comté,Mairie de Tramayes,Mairie de Tramayes,True,2006.0,1.0,50.0,93.8,0.025,0.052,125.86,19.0,81.0,81.08,109.41,71.0,0.0,1844.0,0.0,0.0,162.0,0.0,0.0,1682.0,0.0,0.0,0.0,0.0,0.0,0.0,0.0,0.0,0.0,0.0,0.0,1.8,0.0,0.0,0.6,0.0,0.0,1.2,0.0,0.0,0.0,0.0,0.0,0.0,0.0,0.0,0.0,0.0,0.0,1307.0,405.0,902.0,0.0,0.0,0.0,100,0,0,True,,,,,,,,,,,,,2026-01-01,estimee,,
1006,7106C,Réseau d'Anost,Anost,Saône-et-Loire,Bourgogne-Franche-Comté,,,False,,,,,,,,,,,,0.0,,,,,,,,,,,,,,,,,,,,,,,,,,,,,,,,,,,,,,,,,,,,,,,True,,,,,,,,,,,,,,inconnue,,
1007,7109C,Réseau de chaleur des bâtiments communaux,Saint-Gengoux-de-Scissé,Saône-et-Loire,Bourgogne-Franche-Comté,Mairie de Saint Gengoux de Scisse,MAIRIE de SAINT GENGOUX DE SCISSE,True,2012.0,,6.0,100.0,0.0,0.024,7.12,0.0,100.0,,,75.0,0.0,266.0,0.0,0.0,0.0,0.0,0.0,266.0,0.0,0.0,0.0,0.0,0.0,0.0,0.0,0.0,0.0,0.0,0.0,0.15,0.0,0.0,0.0,0.0,0.0,0.15,0.0,0.0,0.0,0.0,0.0,0.0,0.0,0.0,0.0,0.0,0.0,200.0,100.0,100.0,0.0,0.0,0.0,100,0,0,True,,,,,,,,,,,,,2032-01-01,estimee,,
1008,7205C,Réseau de la commune de Tuffe,Tuffé Val de la Chéronne,Sarthe,Pays de la Loire,Mairie de Tuffe Val de la Cheronne,MAIRIE DE TUFFE VAL DE LA CHERONNE,True,2011.0,,3.0,83.3,0.047,0.07,104.8,70.0,30.0,,,85.0,400.0,569.0,157.0,0.0,0.0,0.0,0.0,412.0,0.0,0.0,0.0,0.0,0.0,0.0,0.0,0.0,0.0,0.0,0.0,0.77,0.57,0.0,0.0,0.0,0.0,0.2,0.0,0.0,0.0,0.0,0.0,0.0,0.0,0.0,0.0,0.0,0.0,483.0,0.0,483.0,0.0,0.0,0.0,100,0,0,True,,,,,,,,,,,,,2031-01-01,estimee,,
1009,7304C,La Plagne,La Plagne Tarentaise,Savoie,Auvergne-Rhône-Alpes,Union des syndicats des Propriétaires de La Plagne,ECHM,False,1971.0,4.0,55.0,82.7,0.058,0.087,,,,,,91.0,0.0,13995.0,0.0,0.0,2424.0,0.0,0.0,11570.0,0.0,0.0,0.0,0.0,0.0,0.0,0.0,0.0,0.0,0.0,0.0,11.68,0.0,0.0,9.0,0.0,0.0,2.68,0.0,0.0,0.0,0.0,0.0,0.0,0.0,0.0,0.0,0.0,0.0,12751.0,11476.0,1275.0,0.0,0.0,0.0,100,0,0,True,,,,,,,,,,,,,1991-01-01,estimee,,
1010,7305C,Les Arcs,Bourg-Saint-Maurice,Savoie,Auvergne-Rhône-Alpes,USPB,ECHM,False,1971.0,1.0,22.0,92.9,0.026,0.051,,,,,,84.0,0.0,6152.0,0.0,0.0,438.0,0.0,0.0,5714.0,0.0,0.0,0.0,0.0,0.0,0.0,0.0,0.0,0.0,0.0,0.0,7.66,0.0,0.0,5.9,0.0,0.0,1.76,0.0,0.0,0.0,0.0,0.0,0.0,0.0,0.0,0.0,0.0,0.0,5199.0,3171.0,2028.0,0.0,0.0,0.0,100,0,0,True,,,,,,,,,,,,,1991-01-01,estimee,,
1011,7310C,Ecole,Chanaz,Savoie,Auvergne-Rhône-Alpes,Mairie de Chanaz,Mairie de Chanaz,False,2006.0,,4.0,100.0,0.0,0.042,,,,,,40.0,0.0,140.0,0.0,0.0,0.0,0.0,0.0,140.0,0.0,0.0,0.0,0.0,0.0,0.0,0.0,0.0,0.0,0.0,0.0,0.14,0.0,0.0,0.0,0.0,0.0,0.14,0.0,0.0,0.0,0.0,0.0,0.0,0.0,0.0,0.0,0.0,0.0,56.0,,,,,,100,0,0,True,,,,,,,,,,,,,2026-01-01,estimee,,
1012,7313C,Ilots,Chanaz,Savoie,Auvergne-Rhône-Alpes,Mairie de Chanaz,Mairie de Chanaz,False,2012.0,,,66.7,0.114,0.143,,,,,,84.0,,34.0,0.0,0.0,0.0,0.0,0.0,34.0,0.0,0.0,0.0,0.0,0.0,0.0,0.0,0.0,0.0,0.0,0.0,0.04,0.0,0.0,0.0,0.0,0.0,0.04,0.0,0.0,0.0,0.0,0.0,0.0,0.0,0.0,0.0,0.0,0.0,,,,,,,100,0,0,True,,,,,,,,,,,,,2032-01-01,estimee,,
1013,7316C,Réseau de St Jean d'Arvey,Saint-Jean-d'Arvey,Savoie,Auvergne-Rhône-Alpes,Saint jean d'arvey,Saint jean d'arvey,True,2004.0,1.0,13.0,59.3,0.151,0.192,,,,,,74.0,,1157.0,0.0,0.0,63.0,0.0,0.0,1094.0,0.0,0.0,0.0,0.0,0.0,0.0,0.0,0.0,0.0,0.0,0.0,1.55,0.0,0.0,0.9,0.0,0.0,0.65,0.0,0.0,0.0,0.0,0.0,0.0,0.0,0.0,0.0,0.0,0.0,861.0,631.0,202.0,0.0,0.0,28.0,100,0,0,True,,,,,,,,,,,,,2024-01-01,estimee,,
1014,7321C,CROUZE,Tignes,Savoie,Auvergne-Rhône-Alpes,La SARL ATLAS,ECHM,False,,,5.0,92.3,0.027,0.052,,,,,,87.0,0.0,419.0,0.0,0.0,32.0,0.0,0.0,387.0,0.0,0.0,0.0,0.0,0.0,0.0,0.0,0.0,0.0,0.0,0.0,0.53,0.0,0.0,0.31,0.0,0.0,0.22,0.0,0.0,0.0,0.0,0.0,0.0,0.0,0.0,0.0,0.0,0.0,364.0,364.0,0.0,0.0,0.0,0.0,100,0,0,True,,,,,,,,,,,,,,inconnue,,
1015,7409C,ECHM Flaine,Arâches-la-Frasse,Haute-Savoie,Auvergne-Rhône-Alpes,Syndicat Intercommunal de Flaine,ECHM,False,1970.0,3.0,34.0,0.0,0.238,0.275,165.5,43.0,57.0,142.45,177.67,86.0,0.0,13747.0,13708.0,0.0,39.0,0.0,0.0,0.0,0.0,0.0,0.0,0.0,0.0,0.0,0.0,0.0,0.0,0.0,0.0,13.7,13.69,0.0,0.01,0.0,0.0,0.0,0.0,0.0,0.0,0.0,0.0,0.0,0.0,0.0,0.0,0.0,0.0,11882.0,5941.0,5941.0,0.0,0.0,0.0,100,0,0,True,,,,,,,,,,,,,1990-01-01,estimee,,
1016,7413C,Réseau de Clarafond La Presle,Clarafond-Arcine,Haute-Savoie,Auvergne-Rhône-Alpes,MAIRIE DE CLARAFOND-ARCINE,MAIRIE DE CLARAFOND-ARCINE,True,2010.0,,11.0,30.3,0.295,0.364,115.35,43.0,57.0,86.12,106.4,64.0,0.0,544.0,0.0,0.0,418.0,0.0,0.0,126.0,0.0,0.0,0.0,0.0,0.0,0.0,0.0,0.0,0.0,0.0,0.0,6.0,0.0,0.0,3.0,0.0,0.0,3.0,0.0,0.0,0.0,0.0,0.0,0.0,0.0,0.0,0.0,0.0,0.0,348.0,239.0,108.0,0.0,0.0,0.0,100,0,0,True,,,,,,,,,,,,,2030-01-01,estimee,,
1017,7417C,Réseau de chaleur de Vallorcine,Vallorcine,Haute-Savoie,Auvergne-Rhône-Alpes,Commune de Vallorcine,Commune de Vallorcine,True,2010.0,1.0,4.0,92.1,0.025,0.049,90.91,49.0,51.0,79.09,96.38,94.0,0.0,1851.0,0.0,0.0,145.0,0.0,0.0,1705.0,0.0,0.0,0.0,0.0,0.0,0.0,0.0,0.0,0.0,0.0,0.0,1.81,0.0,0.0,0.91,0.0,0.0,0.9,0.0,0.0,0.0,0.0,0.0,0.0,0.0,0.0,0.0,0.0,0.0,1746.0,1397.0,349.0,0.0,0.0,0.0,100,0,0,True,,,,,,,,,,,,,2030-01-01,estimee,,
1018,7418C,Réseau UVE du STOC,Thonon-les-Bains,Haute-Savoie,Auvergne-Rhône-Alpes,STOC,IDEX,True,1988.0,,1.0,100.0,0.0,0.004,,0.0,0.0,,,64.0,0.0,80288.0,0.0,0.0,0.0,0.0,0.0,0.0,80288.0,0.0,0.0,0.0,0.0,0.0,0.0,0.0,0.0,0.0,0.0,15.0,0.0,0.0,0.0,0.0,0.0,0.0,15.0,0.0,0.0,0.0,0.0,0.0,0.0,0.0,0.0,0.0,0.0,51805.0,0.0,0.0,51805.0,0.0,0.0,0,0,100,True,,,,,,,,,,,,,2008-01-01,estimee,,
1019,7427C,Réseau de chaleur du Centre Bourg de Cusy,Cusy,Haute-Savoie,Auvergne-Rhône-Alpes,Commune de Cusy,Commune de Cusy,True,,,,30.8,0.241,0.281,,,,,,0.0,,,,,,,,,,,,,,,,,,,,,,,,,,,,,,,,,,,,,,,,,,,,100,0,0,True,,,,,,,,,,,,,,inconnue,,
1020,7433C,Les Hauts d'Evian,Évian-les-Bains,Haute-Savoie,Auvergne-Rhône-Alpes,SYAN CHALEUR,SYAN CHALEUR,False,,,13.0,76.8,0.06,0.086,131.78,46.0,54.0,147.01,180.37,72.0,0.0,4462.0,1037.0,0.0,0.0,0.0,0.0,3425.0,0.0,0.0,0.0,0.0,0.0,0.0,0.0,0.0,0.0,0.0,0.0,,,,,,,,,,,,,,,,,,,3211.0,1156.0,2055.0,0.0,0.0,0.0,,,,True,,,,,,,,,,,,,,inconnue,,
1021,7504C,Rue Legendre,Paris,Paris,Île-de-France,Syndicat de copropriété,DALKIA Paris la Defense,False,1972.0,,14.0,50.3,0.15,0.176,,,,,,99.0,0.0,3923.0,0.0,0.0,0.0,0.0,0.0,0.0,0.0,0.0,0.0,0.0,0.0,0.0,0.0,0.0,3923.0,0.0,0.0,0.0,0.0,0.0,0.0,0.0,0.0,0.0,0.0,0.0,0.0,0.0,0.0,0.0,0.0,0.0,0.0,0.0,0.0,3886.0,,,,,,0,0,100,True,,,,,,,,,,,,,1992-01-01,estimee,,
1022,7617C,RCU de Neufchatel-en-Bray,Neufchâtel-en-Bray,Seine-Maritime,Normandie,VILLE DE NEUFCHATEL-EN-BRAY,VIRIA,True,2013.0,5.0,30.0,71.1,0.087,0.115,113.66,52.0,48.0,107.84,132.34,80.0,35.0,12058.0,4278.0,0.0,0.0,0.0,0.0,7780.0,0.0,0.0,0.0,0.0,0.0,0.0,0.0,0.0,0.0,0.0,0.0,10.0,7.2,0.0,0.0,0.0,0.0,2.8,0.0,0.0,0.0,0.0,0.0,0.0,0.0,0.0,0.0,0.0,0.0,9657.0,2414.0,7243.0,0.0,0.0,0.0,100,0,0,True,,,,,,,,,,,,,2033-01-01,estimee,,
1023,7623C,Réseau de la chaleur de la commune des Grandes Ventes,Les Grandes-Ventes,Seine-Maritime,Normandie,Régie communal de la chaleur,Régie communale de la chaleur,False,,,6.0,67.7,0.116,0.154,187.4,57.0,43.0,164.48,193.44,82.0,0.0,564.0,0.0,0.0,182.0,0.0,0.0,382.0,0.0,0.0,0.0,0.0,0.0,0.0,0.0,0.0,0.0,0.0,0.0,0.64,0.0,0.0,0.44,0.0,0.0,0.2,0.0,0.0,0.0,0.0,0.0,0.0,0.0,0.0,0.0,0.0,0.0,462.0,341.0,121.0,0.0,0.0,0.0,,,,True,,,,,,,,,,,,,,inconnue,,
1024,7725C,Réseau Eurodisney,Chessy,Seine-et-Marne,Île-de-France,Disneyland Paris,Disneyland Paris,False,1992.0,,70.0,,,,,,,,,89.0,,48255.0,33812.0,0.0,0.0,0.0,0.0,0.0,0.0,0.0,0.0,0.0,0.0,0.0,0.0,0.0,14443.0,0.0,0.0,48.0,48.0,0.0,0.0,0.0,0.0,0.0,0.0,0.0,0.0,0.0,0.0,0.0,0.0,0.0,0.0,0.0,0.0,31896.0,0.0,0.0,0.0,0.0,31896.0,100,0,0,True,CA VAL D EUROPE AGGLOMERATION,,,,,matched_epci,,,,,,,2012-01-01,estimee,,
1025,7801C,Les Nouveaux Horizons,Élancourt,Yvelines,Île-de-France,UFFI Versailles SA,DALKIA Paris la Defense,False,1991.0,,4.0,0.0,0.195,0.22,135.81,77.0,23.0,266.21,372.42,97.0,0.0,10466.0,10466.0,0.0,0.0,0.0,0.0,0.0,0.0,0.0,0.0,0.0,0.0,0.0,0.0,0.0,0.0,0.0,0.0,9.28,9.28,0.0,0.0,0.0,0.0,0.0,0.0,0.0,0.0,0.0,0.0,0.0,0.0,0.0,0.0,0.0,0.0,10192.0,10192.0,0.0,0.0,0.0,0.0,100,0,0,True,,,,,,,,,,,,,2011-01-01,estimee,,
1026,7813C,Réseau de la Boissière,La Boissière-École,Yvelines,Île-de-France,Ferme de la Tremblaye,Ferme de la Tremblaye,False,,,2.0,100.0,0.0,0.022,,,,,,86.0,0.0,602.0,0.0,0.0,0.0,0.0,0.0,602.0,0.0,0.0,0.0,0.0,0.0,0.0,0.0,0.0,0.0,0.0,0.0,0.58,0.0,0.0,0.0,0.0,0.0,0.58,0.0,0.0,0.0,0.0,0.0,0.0,0.0,0.0,0.0,0.0,0.0,515.0,0.0,52.0,464.0,0.0,0.0,100,0,0,True,,,,,,,,,,,,,,inconnue,,
1027,7820C,Veligeo,Vélizy-Villacoublay,Yvelines,Île-de-France,Ville de Vélizy,ENGIE SOLUTIONS Ile de France,True,2022.0,,2.0,84.3,0.029,0.017,98.64,41.0,59.0,193.68,270.51,99.0,0.0,67357.0,0.0,0.0,0.0,0.0,0.0,0.0,0.0,0.0,0.0,0.0,67357.0,0.0,0.0,0.0,0.0,0.0,0.0,12.0,0.0,0.0,0.0,0.0,0.0,0.0,0.0,0.0,0.0,0.0,12.0,0.0,0.0,0.0,0.0,0.0,0.0,1797.0,0.0,1797.0,0.0,0.0,0.0,100,0,0,True,,,,,,,,,,,,,2042-01-01,estimee,,
1028,7821C,DOMNIS ACHÈRES Plantes d'Hennemont,Achères,Yvelines,Île-de-France,DOMNIS,DOMNIS (ENGIE SOLUTIONS),False,,,9.0,52.6,0.117,0.142,109.91,71.0,29.0,105.71,119.31,92.0,0.0,10563.0,5003.0,0.0,0.0,0.0,0.0,5559.0,0.0,0.0,0.0,0.0,0.0,0.0,0.0,0.0,0.0,0.0,0.0,7.5,5.0,0.0,0.0,0.0,0.0,2.5,0.0,0.0,0.0,0.0,0.0,0.0,0.0,0.0,0.0,0.0,0.0,9745.0,8770.0,974.0,0.0,0.0,0.0,,,,True,,,,,,,,,,,,,,inconnue,,
1029,7902C,Réseau de Bressuire,Bressuire,Deux-Sèvres,Nouvelle-Aquitaine,Communauté d'agglomération du bocage Bressuirais,Communauté d'agglomération du bocage Bressuirais,False,,2.0,,,,,,,,,,0.0,,,,,,,,,,,,,,,,,,,,,,,,,,,,,,,,,,,,,,,,,,,,100,0,0,True,,,,,,,,,,,,,,inconnue,,
1030,7903C,Réseau de Romans,Romans,Deux-Sèvres,Nouvelle-Aquitaine,Mairie de Romans,Mairie de Romans,False,2003.0,,1.0,66.7,0.114,0.142,,,,,,83.0,,259.0,0.0,0.0,0.0,0.0,0.0,259.0,0.0,0.0,0.0,0.0,0.0,0.0,0.0,0.0,0.0,0.0,0.0,3.4,0.0,0.0,0.0,0.0,0.0,3.4,0.0,0.0,0.0,0.0,0.0,0.0,0.0,0.0,0.0,0.0,0.0,216.0,0.0,216.0,0.0,0.0,0.0,100,0,0,True,,,,,,,,,,,,,2023-01-01,estimee,,
1031,7904C,Réseau de l'Absie,L'Absie,Deux-Sèvres,Nouvelle-Aquitaine,Mairie de l'Absie,Mairie de l'Absie,True,2001.0,,19.0,100.0,0.0,0.018,90.89,65.0,35.0,89.4,102.76,109.0,0.0,1376.0,0.0,0.0,0.0,0.0,0.0,1376.0,0.0,0.0,0.0,0.0,0.0,0.0,0.0,0.0,0.0,0.0,0.0,0.8,0.0,0.0,0.0,0.0,0.0,0.8,0.0,0.0,0.0,0.0,0.0,0.0,0.0,0.0,0.0,0.0,0.0,1494.0,747.0,747.0,0.0,0.0,0.0,0,100,0,True,,,,,,,,,,,,,2021-01-01,estimee,,
1032,7907C,La Normande,Thouars,Deux-Sèvres,Nouvelle-Aquitaine,Deux-Sèvres - Habitat,DALKIA Poitiers,False,2018.0,,9.0,100.0,0.0,0.017,,,,,,114.0,0.0,489.0,0.0,0.0,0.0,0.0,0.0,489.0,0.0,0.0,0.0,0.0,0.0,0.0,0.0,0.0,0.0,0.0,0.0,0.89,0.0,0.0,0.0,0.0,0.0,0.89,0.0,0.0,0.0,0.0,0.0,0.0,0.0,0.0,0.0,0.0,0.0,560.0,560.0,0.0,0.0,0.0,0.0,,,,True,,,,,,,,,,,,,2038-01-01,estimee,,
1033,8007C,EPSM,Amiens,Somme,Hauts-de-France,CH PINEL,ENGIE SOLUTIONS VILLENEUVE D'ASCQ,True,2016.0,,26.0,80.0,0.058,0.088,,,,,,72.0,0.0,6721.0,1347.0,0.0,0.0,0.0,0.0,5374.0,0.0,0.0,0.0,0.0,0.0,0.0,0.0,0.0,0.0,0.0,0.0,6.55,5.05,0.0,0.0,0.0,0.0,1.5,0.0,0.0,0.0,0.0,0.0,0.0,0.0,0.0,0.0,0.0,0.0,4854.0,0.0,4854.0,0.0,0.0,0.0,,,,True,Amiens Métropole,,,,,matched_epci,,,,,,,2036-01-01,estimee,,
1034,8305C,Chaudière bois,Cogolin,Var,Provence-Alpes-Côte d'Azur,Commune de Cogolin,COMMUNE DE COGOLIN,False,2014.0,,1.0,100.0,0.0,0.017,,,,,,116.0,0.0,63.0,0.0,0.0,0.0,0.0,0.0,63.0,0.0,0.0,0.0,0.0,0.0,0.0,0.0,0.0,0.0,0.0,0.0,73.2,0.0,0.0,0.0,0.0,0.0,73.2,0.0,0.0,0.0,0.0,0.0,0.0,0.0,0.0,0.0,0.0,0.0,73.0,,,,,,100,0,0,True,,,,,,,,,,,,,2034-01-01,estimee,,
1035,8306C,Réseau communal de Puget Ville (bois et chaleur),Puget-Ville,Var,Provence-Alpes-Côte d'Azur,Mairie de Puget-Ville,Mairie de Puget-Ville,False,2013.0,,2.0,0.0,0.342,0.385,,,,,,84.0,,1300.0,0.0,0.0,1300.0,0.0,0.0,0.0,0.0,0.0,0.0,0.0,0.0,0.0,0.0,0.0,0.0,0.0,0.0,0.22,0.0,0.0,0.22,0.0,0.0,0.0,0.0,0.0,0.0,0.0,0.0,0.0,0.0,0.0,0.0,0.0,0.0,1089.0,0.0,0.0,0.0,0.0,1089.0,100,0,0,True,,,,,,,,,,,,,2033-01-01,estimee,,
1036,8405C,NOVALIE,Vedène,Vaucluse,Provence-Alpes-Côte d'Azur,ENGIE Solutions Ouest Provence,SUEZ RV ENERGIE,False,2018.0,,1.0,100.0,0.0,0.004,,,,,,76.0,0.0,28595.0,0.0,0.0,0.0,0.0,0.0,0.0,28595.0,0.0,0.0,0.0,0.0,0.0,0.0,0.0,0.0,0.0,0.0,10.2,0.0,0.0,0.0,0.0,0.0,0.0,10.2,0.0,0.0,0.0,0.0,0.0,0.0,0.0,0.0,0.0,0.0,21732.0,0.0,0.0,21732.0,0.0,0.0,0,0,100,True,,,,,,,,,,,,,2038-01-01,estimee,,
1037,8501C,ZAD Nord-Est,La Roche-sur-Yon,Vendée,Pays de la Loire,OPH VENDEE HABITAT,OPH VENDEE HABITAT,False,,,14.0,0.0,0.205,0.231,140.86,50.0,50.0,,,100.0,0.0,6136.0,6002.0,0.0,0.0,0.0,0.0,0.0,0.0,0.0,0.0,0.0,0.0,0.0,0.0,0.0,134.0,0.0,0.0,11.2,6.2,0.0,0.0,0.0,0.0,0.0,0.0,0.0,0.0,0.0,0.0,0.0,0.0,0.0,5.0,0.0,0.0,6136.0,6136.0,0.0,0.0,0.0,0.0,100,0,0,True,,,,,,,,,,,,,,inconnue,,
1038,8603C,Réseau de chaleur de Couhé,Valence-en-Poitou,Vienne,Nouvelle-Aquitaine,,,False,,,,,,,,,,,,0.0,,,,,,,,,,,,,,,,,,,,,,,,,,,,,,,,,,,,,,,,,,,,,,,True,,,,,,,,,,,,,,inconnue,,
1039,8608C,Réseau de BEL AIR,Poitiers,Vienne,Nouvelle-Aquitaine,EKIDOM,EKIDOM,False,1955.0,1.0,17.0,0.0,0.246,0.259,82.11,83.0,17.0,76.28,80.36,98.0,0.0,3572.0,3572.0,0.0,0.0,0.0,0.0,0.0,0.0,0.0,0.0,0.0,0.0,0.0,0.0,0.0,0.0,0.0,0.0,5.0,5.0,0.0,0.0,0.0,0.0,0.0,0.0,0.0,0.0,0.0,0.0,0.0,0.0,0.0,0.0,0.0,0.0,3500.0,3500.0,0.0,0.0,0.0,0.0,100,0,0,True,,,,,,,,,,,,,1975-01-01,estimee,,
1040,8609C,Réseau Saint Cyprien - Clos Gaultier,Poitiers,Vienne,Nouvelle-Aquitaine,EKIDOM,EKIDOM,False,,5.0,,,,,,,,,,0.0,,,,,,,,,,,,,,,,,,,,,,,,,,,,,,,,,,,,,,,,,,,,100,0,0,True,,,,,,,,,,,,,,inconnue,,
1041,8705C,Réseau de Chamboret,Chamboret,Haute-Vienne,Nouvelle-Aquitaine,Mairie de Chamborêt,Mairie de Chamborêt,False,2014.0,,4.0,100.0,0.0,0.017,,,,,,116.0,37.0,230.0,0.0,0.0,0.0,0.0,0.0,230.0,0.0,0.0,0.0,0.0,0.0,0.0,0.0,0.0,0.0,0.0,0.0,0.15,0.0,0.0,0.0,0.0,0.0,0.15,0.0,0.0,0.0,0.0,0.0,0.0,0.0,0.0,0.0,0.0,0.0,267.0,0.0,267.0,0.0,0.0,0.0,,,,True,,,,,,,,,,,,,2034-01-01,estimee,,
1042,8706C,Réseau de Pageas,Pageas,Haute-Vienne,Nouvelle-Aquitaine,,,False,,,,,,,,,,,,0.0,,,,,,,,,,,,,,,,,,,,,,,,,,,,,,,,,,,,,,,,,,,,,,,True,,,,,,,,,,,,,,inconnue,,
1043,8708C,SSLF RESEAU DE CHALEUR ET PRODUCTION D'EAU CHAUDE,Saint-Sulpice-les-Feuilles,Haute-Vienne,Nouvelle-Aquitaine,Commune de St sulpice les feuilles,Commune de St Sulpice les Feuilles,False,,,2.0,100.0,0.0,0.022,,0.0,0.0,,,83.0,0.0,216.0,0.0,0.0,0.0,0.0,0.0,216.0,0.0,0.0,0.0,0.0,0.0,0.0,0.0,0.0,0.0,0.0,0.0,0.01,0.0,0.0,0.0,0.0,0.0,0.01,0.0,0.0,0.0,0.0,0.0,0.0,0.0,0.0,0.0,0.0,0.0,178.0,0.0,178.0,0.0,0.0,0.0,,,,True,,,,,,,,,,,,,,inconnue,,
1044,8805C,Réseau de Fresse sur Moselle,Fresse-sur-Moselle,Vosges,Grand Est,COMMUNE DE FRESSE S/ MOSELLE,COMMUNE DE FRESSE S/ MOSELLE,True,2004.0,,16.0,96.5,0.015,0.048,,,,,,32.0,0.0,605.0,25.0,0.0,0.0,0.0,0.0,580.0,0.0,0.0,0.0,0.0,0.0,0.0,0.0,0.0,0.0,0.0,0.0,1.29,0.54,0.0,0.0,0.0,0.0,0.75,0.0,0.0,0.0,0.0,0.0,0.0,0.0,0.0,0.0,0.0,0.0,193.0,96.0,96.0,0.0,0.0,0.0,100,0,0,True,,,,,,,,,,,,,2024-01-01,estimee,,
1045,8808C,Réseau de La Bresse 1,La Bresse,Vosges,Grand Est,Commune de LA BRESSE,Commune de LA BRESSE,False,2016.0,,8.0,70.2,0.127,0.171,151.65,51.0,49.0,119.11,140.22,60.0,-26.0,2113.0,0.0,0.0,792.0,0.0,0.0,1320.0,0.0,0.0,0.0,0.0,0.0,0.0,0.0,0.0,0.0,0.0,0.0,2.11,0.0,0.0,1.36,0.0,0.0,0.75,0.0,0.0,0.0,0.0,0.0,0.0,0.0,0.0,0.0,0.0,0.0,1271.0,0.0,1271.0,0.0,0.0,0.0,100,0,0,True,,,,,,,,,,,,,2036-01-01,estimee,,
1046,8809C,Réseau de La Bresse 2,La Bresse,Vosges,Grand Est,Commune de LA BRESSE,Régie Municipale d'Electricité (RME),True,2016.0,1.0,9.0,78.9,0.077,0.111,115.42,61.0,39.0,111.1,131.44,75.0,-1.0,2545.0,0.0,0.0,693.0,0.0,0.0,1853.0,0.0,0.0,0.0,0.0,0.0,0.0,0.0,0.0,0.0,0.0,0.0,1.57,0.0,0.0,0.65,0.0,0.0,0.92,0.0,0.0,0.0,0.0,0.0,0.0,0.0,0.0,0.0,0.0,0.0,1901.0,240.0,1661.0,0.0,0.0,0.0,100,0,0,True,,,,,,,,,,,,,2036-01-01,estimee,,
1047,8811C,Réseau de Fremifontaine,Fremifontaine,Vosges,Grand Est,Commune de Fremifontaine,COMMUNE DE FREMIFONTAINE,False,2006.0,,3.0,100.0,0.0,0.017,,,,,,113.0,0.0,126.0,0.0,0.0,0.0,0.0,0.0,126.0,0.0,0.0,0.0,0.0,0.0,0.0,0.0,0.0,0.0,0.0,0.0,1.11,0.0,0.0,0.0,0.0,0.0,1.11,0.0,0.0,0.0,0.0,0.0,0.0,0.0,0.0,0.0,0.0,0.0,143.0,,,,,,100,0,0,True,,,,,,,,,,,,,2026-01-01,estimee,,
1048,8816C,Réseau Ban de Sapt,Ban-de-Sapt,Vosges,Grand Est,Mairie Bandesapt,Mairie Bandesapt,False,,,12.0,66.7,0.114,0.146,,,,,,95.0,,292.0,0.0,0.0,0.0,0.0,0.0,292.0,0.0,0.0,0.0,0.0,0.0,0.0,0.0,0.0,0.0,0.0,0.0,0.15,0.0,0.0,0.0,0.0,0.0,0.15,0.0,0.0,0.0,0.0,0.0,0.0,0.0,0.0,0.0,0.0,0.0,280.0,168.0,112.0,0.0,0.0,0.0,100,0,0,True,,,,,,,,,,,,,,inconnue,,
1049,8817C,Réseau de Hurbache,Hurbache,Vosges,Grand Est,Mairie Hurbache,Mairie Hurbache,False,,,3.0,100.0,0.0,0.018,55.79,100.0,0.0,,,105.0,233.0,100.0,0.0,0.0,0.0,0.0,0.0,100.0,0.0,0.0,0.0,0.0,0.0,0.0,0.0,0.0,0.0,0.0,0.0,0.1,0.0,0.0,0.0,0.0,0.0,0.1,0.0,0.0,0.0,0.0,0.0,0.0,0.0,0.0,0.0,0.0,0.0,105.0,34.0,71.0,0.0,0.0,0.0,100,0,0,True,,,,,,,,,,,,,,inconnue,,
1050,8821C,Chaufferie Bois de Saulxures sur Moselotte,Saulxures-sur-Moselotte,Vosges,Grand Est,Mairie de Saulxures sur Moselotte,Régie Municipale de Chauffage,True,2006.0,,30.0,88.5,0.054,0.09,115.68,51.0,49.0,84.4,97.06,64.0,23.0,5177.0,0.0,0.0,593.0,0.0,0.0,4584.0,0.0,0.0,0.0,0.0,0.0,0.0,0.0,0.0,0.0,0.0,0.0,4.51,0.0,0.0,2.31,0.0,0.0,2.2,0.0,0.0,0.0,0.0,0.0,0.0,0.0,0.0,0.0,0.0,0.0,3316.0,134.0,3105.0,77.0,0.0,0.0,100,0,0,True,,,,,,,,,,,,,2026-01-01,estimee,,
1051,8904C,Réseau de Quarré-les-Tombes,Quarré-les-Tombes,Yonne,Bourgogne-Franche-Comté,Mairie de Quarre Les Tombes,MAIRIE DE QUARRE LES TOMBES,True,2011.0,,,66.7,0.114,0.142,123.08,52.0,48.0,102.91,122.12,83.0,0.0,432.0,0.0,0.0,0.0,0.0,0.0,432.0,0.0,0.0,0.0,0.0,0.0,0.0,0.0,0.0,0.0,0.0,0.0,0.8,0.0,0.0,0.0,0.0,0.0,0.8,0.0,0.0,0.0,0.0,0.0,0.0,0.0,0.0,0.0,0.0,0.0,,,,,,,100,0,0,True,,,,,,,,,,,,,2031-01-01,estimee,,
1052,9003C,Réseau de chaleur de Delle,Delle,Territoire de Belfort,Bourgogne-Franche-Comté,TERRITOIRE HABITAT 90,DALKIA,False,,1.0,7.0,84.6,0.036,0.056,,,,,,98.0,0.0,1556.0,239.0,0.0,0.0,0.0,0.0,1317.0,0.0,0.0,0.0,0.0,0.0,0.0,0.0,0.0,0.0,0.0,0.0,2.6,1.4,0.0,0.0,0.0,0.0,1.2,0.0,0.0,0.0,0.0,0.0,0.0,0.0,0.0,0.0,0.0,0.0,1533.0,0.0,1533.0,0.0,0.0,0.0,100,0,0,True,,,,,,,,,,,,,,inconnue,,
1053,9108C,CEA DIF,Bruyères-le-Châtel,Essonne,Île-de-France,CEA,CEA,False,1970.0,6.0,15.0,66.9,0.069,0.06,,,,,,99.0,0.0,20316.0,3300.0,0.0,0.0,0.0,0.0,0.0,0.0,0.0,0.0,0.0,17016.0,0.0,0.0,0.0,0.0,0.0,0.0,22.0,16.9,0.0,0.0,0.0,0.0,0.0,0.0,0.0,0.0,0.0,5.1,0.0,0.0,0.0,0.0,0.0,0.0,20065.0,0.0,16052.0,4013.0,0.0,0.0,97,0,3,True,,,,,,,,,,,,,1990-01-01,estimee,,
1054,9237C,BET NANTERRE chaud,Nanterre,Hauts-de-Seine,Île-de-France,Dalkia,Dalkia,False,2020.0,,21.0,54.8,0.116,0.136,186.81,56.0,44.0,186.85,238.47,85.0,0.0,4809.0,1787.0,0.0,0.0,0.0,0.0,261.0,0.0,0.0,0.0,0.0,2761.0,0.0,0.0,0.0,0.0,0.0,0.0,3.86,2.35,0.0,0.0,0.0,0.0,0.43,0.0,0.0,0.0,0.0,1.08,0.0,0.0,0.0,0.0,0.0,0.0,4083.0,2817.0,1266.0,0.0,0.0,0.0,100,0,0,True,,,,,,,,,,,,,2040-01-01,estimee,,
1055,9307C,Pariferic,Aubervilliers,Seine-Saint-Denis,Île-de-France,Patrimonial Le Pré Saint Gervais,DALKIA Paris la Defense,False,1987.0,,5.0,0.0,0.245,0.276,188.73,77.0,23.0,198.93,216.63,80.0,0.0,9154.0,9154.0,0.0,0.0,0.0,0.0,0.0,0.0,0.0,0.0,0.0,0.0,0.0,0.0,0.0,0.0,0.0,0.0,11.46,11.46,0.0,0.0,0.0,0.0,0.0,0.0,0.0,0.0,0.0,0.0,0.0,0.0,0.0,0.0,0.0,0.0,7334.0,7334.0,0.0,0.0,0.0,0.0,100,0,0,True,,,,,,,,,,,,,2007-01-01,estimee,,
1056,9327C,OPH de Drancy,Drancy,Seine-Saint-Denis,Île-de-France,OFFICE PUBLIC DE L'HABITAT DE DRANCY,ENGIE SOLUTIONS,False,,,14.0,54.9,0.1,0.123,86.98,76.0,24.0,82.81,91.2,103.0,0.0,3684.0,1660.0,0.0,0.0,0.0,0.0,2023.0,0.0,0.0,0.0,0.0,0.0,0.0,0.0,0.0,0.0,0.0,0.0,3.2,2.3,0.0,0.0,0.0,0.0,0.9,0.0,0.0,0.0,0.0,0.0,0.0,0.0,0.0,0.0,0.0,0.0,3785.0,3406.0,378.0,0.0,0.0,0.0,100,0,0,True,,,,,,,,,,,,,,inconnue,,
1057,9428C,Champs sur Marne,Champs-sur-Marne,Seine-et-Marne,Île-de-France,,,False,,,,,,,,,,,,0.0,,,,,,,,,,,,,,,,,,,,,,,,,,,,,,,,,,,,,,,,,,,,,,,True,,,,,,,,,,,,,,inconnue,,
1058,9521C,Les chenes,Ermont,Val-d'Oise,Île-de-France,Nexity,Nexity (ENGIE SOLUTIONS),False,,,35.0,0.0,0.232,0.261,172.16,80.0,20.0,,,98.0,0.0,5188.0,5188.0,0.0,0.0,0.0,0.0,0.0,0.0,0.0,0.0,0.0,0.0,0.0,0.0,0.0,0.0,0.0,0.0,6.0,6.0,0.0,0.0,0.0,0.0,0.0,0.0,0.0,0.0,0.0,0.0,0.0,0.0,0.0,0.0,0.0,0.0,5090.0,5090.0,0.0,0.0,0.0,0.0,100,0,0,True,,,,,,,,,,,,,,inconnue,,
1059,9522C,Réseau de Garges-les-Gonesse,Garges-lès-Gonesse,Val-d'Oise,Île-de-France,Ville de Garges-lès-Gonesse\n,ENERGIE VERTE DE GARGES (Coriance),False,,,25.0,0.0,0.272,0.305,,,,,,84.0,0.0,24561.0,24561.0,0.0,0.0,0.0,0.0,0.0,0.0,0.0,0.0,0.0,0.0,0.0,0.0,0.0,0.0,0.0,0.0,10.5,10.5,0.0,0.0,0.0,0.0,0.0,0.0,0.0,0.0,0.0,0.0,0.0,0.0,0.0,0.0,0.0,0.0,20559.0,20010.0,549.0,0.0,0.0,0.0,,,,True,,,,,,,,,,,,,,inconnue,,
