id,idweb,nature_categorise_libelle,nomacheteur,denomination_acheteur,ville_acheteur,cp_acheteur,code_departement,objet_complet,cpv,titulaire,date_attribution,duree_mois,montant,nb_offre_recu,dateparution,url_avis,completude,acheteur_norm,priority,nb_avis_regroupes,completude_finale,fcu_idx,statut_match
23_95468,23-95468,Résultat de marché/Concession,Ville d'ABBEVILLE,Ville d'ABBEVILLE,ABBEVILLE,,80,"délégation de service public pour lapprovisionnement du réseau, le transport et la distribution de chaleur aux usagers au moyen du réseau de distribution de chaleur, et également le financement, la conception et la réalisation de nouveaux ouvrages et leur exploitation, ainsi que le renouvellement de lensemble des ouvrages nécessaires au service public, destinées à la production et à la distribution de chauffage mais aussi la préparation de leau chaude sanitaire. La gestion et lexploitation du réseau de chaleur.",50721000,DALKIA,2023-06-14,240.0,50000000.0,1.0,2023-07-06,https://www.boamp.fr/pages/avis/?q=idweb:23-95468,4,abbeville,0,1,4,695.0,matched_exact
17_99206,17-99206,Résultat de marché/Concession,Ville de Charleville Mézières,Ville de Charleville Mézières,Charleville-Mézières,8109.0,8,dsp de production et de distribution de chaleur sur la zone de Manchester/Citadelle/Port Bussy,09323000,DALKIA,2017-06-22,300.0,53262103.0,2.0,2017-07-11,https://www.boamp.fr/pages/avis/?q=idweb:17-99206,4,charleville mezieres,0,3,4,39.0,matched_exact
17_99206,17-99206,Résultat de marché/Concession,Ville de Charleville Mézières,Ville de Charleville Mézières,Charleville-Mézières,8109.0,8,dsp de production et de distribution de chaleur sur la zone de Manchester/Citadelle/Port Bussy,09323000,DALKIA,2017-06-22,300.0,53262103.0,2.0,2017-07-11,https://www.boamp.fr/pages/avis/?q=idweb:17-99206,4,charleville mezieres,0,3,4,42.0,matched_exact
17_149807,17-149807,Résultat de marché/Concession,Ville du Havre,Ville du Havre,Le Havre,76600.0,76,Délégation de service public provisoire du réseau de distribution de chaleur du quartier de Caucriauville au Havre,09323000,Société RESOCEANE,2017-09-18,13.0,7738000.0,1.0,2017-10-27,https://www.boamp.fr/pages/avis/?q=idweb:17-149807,4,u havre,0,5,4,,unmatched
17_45308,17-45308,Résultat de marché/Concession,SITRU,SITRU,Carrières-sur-Seine,78420.0,"78,75,92","Travaux d'extension du réseau de chauffage urbain sur les villes de Houilles, Carrières-sur-Seine et Chatou",09323000,Ouest OM énergie,2017-03-31,21.0,4938400.0,1.0,2017-04-03,https://www.boamp.fr/pages/avis/?q=idweb:17-45308,4,sitru,0,1,4,,unmatched
17_162952,17-162952,Résultat de marché/Concession,Ville de Sainte Ménehould,Ville de Sainte Ménehould,SAINTE MENEHOULD,51800.0,51,"La présente délégation a pour objet de confier, dans le cadre d'une délégation de service public de type concessif à un délégataire, la création, la réalisation d'investissements et l'exploitation du futur réseau de chaleur de la commune de Sainte-Ménehould",09323000,ENGIE ENERGIE SERVICES - ENGIE COFELY,2018-01-26,300.0,10222881.0,1.0,2018-02-16,https://www.boamp.fr/pages/avis/?q=idweb:17-162952,4,sainte menehould,0,2,4,384.0,matched_exact
18_145907,18-145907,Résultat de marché/Concession,Communauté de communes Roche aux fées,Communauté de communes Roche aux fées,Retiers,35240.0,35,"Délégation de service public, sous la forme de concession, ayant pour objet la conception, la réalisation, le  financement et l'exploitation de réseaux de chaleur alimentés en majorité par des chaufferies bois, sur les communes de Retiers, Coësmes et Martigné-Ferchaud, passée en application des articles L.1411-1 et suivants du Code Général des Collectivités Territoriales.",09323000,Nass &amp; Wind Energie Verte,2018-09-25,312.0,8066537.0,1.0,2018-10-19,https://www.boamp.fr/pages/avis/?q=idweb:18-145907,4,roche aux fees,0,2,4,,unmatched
17_10270,17-10270,Résultat de marché/Concession,Nantes Métropole,Nantes Métropole,Nantes Cedex 9,44923.0,44,"Délégation de service public de type concessif régie par les articles L.1411-1 et suivants du code général des collectivités territoriales (CGCT). Le contrat a notamment pour objet :la conception, le financement et la réalisation de lensemble des travaux de premier établissement nécessaires au réseau de chaleur (installations de production, réseaux de distribution primaires, équipements primaires des postes de livraison abonnés) ; la recherche de subventions, le montage des dossiers de subvention et l'obtention des autorisations administratives requises ;l'exploitation, l'entretien, la maintenance et le renouvellement des installations réalisées ;la gestion de l'approvisionnement en combustible ;la recherche d'usagers ;la fourniture et la distribution de chaleur aux usagers ;la gestion des relations contractuelles avec les abonnés (conclusion des polices dabonnement) ;la perception des redevances auprès des abonnés ;lensemble des contrôles techniques réglementaires nécessaires.La durée du contrat est de 20 ans à compter de la mise en service du réseau compte tenu de la durée d'amortissement prévisible des installations à construire.",09323000,IDEX Infra,2016-12-16,240.0,107251894.0,3.0,2017-01-23,https://www.boamp.fr/pages/avis/?q=idweb:17-10270,4,nantes metropole,0,3,4,321.0,matched_epci
17_10270,17-10270,Résultat de marché/Concession,Nantes Métropole,Nantes Métropole,Nantes Cedex 9,44923.0,44,"Délégation de service public de type concessif régie par les articles L.1411-1 et suivants du code général des collectivités territoriales (CGCT). Le contrat a notamment pour objet :la conception, le financement et la réalisation de lensemble des travaux de premier établissement nécessaires au réseau de chaleur (installations de production, réseaux de distribution primaires, équipements primaires des postes de livraison abonnés) ; la recherche de subventions, le montage des dossiers de subvention et l'obtention des autorisations administratives requises ;l'exploitation, l'entretien, la maintenance et le renouvellement des installations réalisées ;la gestion de l'approvisionnement en combustible ;la recherche d'usagers ;la fourniture et la distribution de chaleur aux usagers ;la gestion des relations contractuelles avec les abonnés (conclusion des polices dabonnement) ;la perception des redevances auprès des abonnés ;lensemble des contrôles techniques réglementaires nécessaires.La durée du contrat est de 20 ans à compter de la mise en service du réseau compte tenu de la durée d'amortissement prévisible des installations à construire.",09323000,IDEX Infra,2016-12-16,240.0,107251894.0,3.0,2017-01-23,https://www.boamp.fr/pages/avis/?q=idweb:17-10270,4,nantes metropole,0,3,4,323.0,matched_epci
17_10270,17-10270,Résultat de marché/Concession,Nantes Métropole,Nantes Métropole,Nantes Cedex 9,44923.0,44,"Délégation de service public de type concessif régie par les articles L.1411-1 et suivants du code général des collectivités territoriales (CGCT). Le contrat a notamment pour objet :la conception, le financement et la réalisation de lensemble des travaux de premier établissement nécessaires au réseau de chaleur (installations de production, réseaux de distribution primaires, équipements primaires des postes de livraison abonnés) ; la recherche de subventions, le montage des dossiers de subvention et l'obtention des autorisations administratives requises ;l'exploitation, l'entretien, la maintenance et le renouvellement des installations réalisées ;la gestion de l'approvisionnement en combustible ;la recherche d'usagers ;la fourniture et la distribution de chaleur aux usagers ;la gestion des relations contractuelles avec les abonnés (conclusion des polices dabonnement) ;la perception des redevances auprès des abonnés ;lensemble des contrôles techniques réglementaires nécessaires.La durée du contrat est de 20 ans à compter de la mise en service du réseau compte tenu de la durée d'amortissement prévisible des installations à construire.",09323000,IDEX Infra,2016-12-16,240.0,107251894.0,3.0,2017-01-23,https://www.boamp.fr/pages/avis/?q=idweb:17-10270,4,nantes metropole,0,3,4,324.0,matched_epci
17_10270,17-10270,Résultat de marché/Concession,Nantes Métropole,Nantes Métropole,Nantes Cedex 9,44923.0,44,"Délégation de service public de type concessif régie par les articles L.1411-1 et suivants du code général des collectivités territoriales (CGCT). Le contrat a notamment pour objet :la conception, le financement et la réalisation de lensemble des travaux de premier établissement nécessaires au réseau de chaleur (installations de production, réseaux de distribution primaires, équipements primaires des postes de livraison abonnés) ; la recherche de subventions, le montage des dossiers de subvention et l'obtention des autorisations administratives requises ;l'exploitation, l'entretien, la maintenance et le renouvellement des installations réalisées ;la gestion de l'approvisionnement en combustible ;la recherche d'usagers ;la fourniture et la distribution de chaleur aux usagers ;la gestion des relations contractuelles avec les abonnés (conclusion des polices dabonnement) ;la perception des redevances auprès des abonnés ;lensemble des contrôles techniques réglementaires nécessaires.La durée du contrat est de 20 ans à compter de la mise en service du réseau compte tenu de la durée d'amortissement prévisible des installations à construire.",09323000,IDEX Infra,2016-12-16,240.0,107251894.0,3.0,2017-01-23,https://www.boamp.fr/pages/avis/?q=idweb:17-10270,4,nantes metropole,0,3,4,325.0,matched_epci
17_10270,17-10270,Résultat de marché/Concession,Nantes Métropole,Nantes Métropole,Nantes Cedex 9,44923.0,44,"Délégation de service public de type concessif régie par les articles L.1411-1 et suivants du code général des collectivités territoriales (CGCT). Le contrat a notamment pour objet :la conception, le financement et la réalisation de lensemble des travaux de premier établissement nécessaires au réseau de chaleur (installations de production, réseaux de distribution primaires, équipements primaires des postes de livraison abonnés) ; la recherche de subventions, le montage des dossiers de subvention et l'obtention des autorisations administratives requises ;l'exploitation, l'entretien, la maintenance et le renouvellement des installations réalisées ;la gestion de l'approvisionnement en combustible ;la recherche d'usagers ;la fourniture et la distribution de chaleur aux usagers ;la gestion des relations contractuelles avec les abonnés (conclusion des polices dabonnement) ;la perception des redevances auprès des abonnés ;lensemble des contrôles techniques réglementaires nécessaires.La durée du contrat est de 20 ans à compter de la mise en service du réseau compte tenu de la durée d'amortissement prévisible des installations à construire.",09323000,IDEX Infra,2016-12-16,240.0,107251894.0,3.0,2017-01-23,https://www.boamp.fr/pages/avis/?q=idweb:17-10270,4,nantes metropole,0,3,4,326.0,matched_epci
17_10270,17-10270,Résultat de marché/Concession,Nantes Métropole,Nantes Métropole,Nantes Cedex 9,44923.0,44,"Délégation de service public de type concessif régie par les articles L.1411-1 et suivants du code général des collectivités territoriales (CGCT). Le contrat a notamment pour objet :la conception, le financement et la réalisation de lensemble des travaux de premier établissement nécessaires au réseau de chaleur (installations de production, réseaux de distribution primaires, équipements primaires des postes de livraison abonnés) ; la recherche de subventions, le montage des dossiers de subvention et l'obtention des autorisations administratives requises ;l'exploitation, l'entretien, la maintenance et le renouvellement des installations réalisées ;la gestion de l'approvisionnement en combustible ;la recherche d'usagers ;la fourniture et la distribution de chaleur aux usagers ;la gestion des relations contractuelles avec les abonnés (conclusion des polices dabonnement) ;la perception des redevances auprès des abonnés ;lensemble des contrôles techniques réglementaires nécessaires.La durée du contrat est de 20 ans à compter de la mise en service du réseau compte tenu de la durée d'amortissement prévisible des installations à construire.",09323000,IDEX Infra,2016-12-16,240.0,107251894.0,3.0,2017-01-23,https://www.boamp.fr/pages/avis/?q=idweb:17-10270,4,nantes metropole,0,3,4,327.0,matched_epci
17_10270,17-10270,Résultat de marché/Concession,Nantes Métropole,Nantes Métropole,Nantes Cedex 9,44923.0,44,"Délégation de service public de type concessif régie par les articles L.1411-1 et suivants du code général des collectivités territoriales (CGCT). Le contrat a notamment pour objet :la conception, le financement et la réalisation de lensemble des travaux de premier établissement nécessaires au réseau de chaleur (installations de production, réseaux de distribution primaires, équipements primaires des postes de livraison abonnés) ; la recherche de subventions, le montage des dossiers de subvention et l'obtention des autorisations administratives requises ;l'exploitation, l'entretien, la maintenance et le renouvellement des installations réalisées ;la gestion de l'approvisionnement en combustible ;la recherche d'usagers ;la fourniture et la distribution de chaleur aux usagers ;la gestion des relations contractuelles avec les abonnés (conclusion des polices dabonnement) ;la perception des redevances auprès des abonnés ;lensemble des contrôles techniques réglementaires nécessaires.La durée du contrat est de 20 ans à compter de la mise en service du réseau compte tenu de la durée d'amortissement prévisible des installations à construire.",09323000,IDEX Infra,2016-12-16,240.0,107251894.0,3.0,2017-01-23,https://www.boamp.fr/pages/avis/?q=idweb:17-10270,4,nantes metropole,0,3,4,328.0,matched_epci
17_10270,17-10270,Résultat de marché/Concession,Nantes Métropole,Nantes Métropole,Nantes Cedex 9,44923.0,44,"Délégation de service public de type concessif régie par les articles L.1411-1 et suivants du code général des collectivités territoriales (CGCT). Le contrat a notamment pour objet :la conception, le financement et la réalisation de lensemble des travaux de premier établissement nécessaires au réseau de chaleur (installations de production, réseaux de distribution primaires, équipements primaires des postes de livraison abonnés) ; la recherche de subventions, le montage des dossiers de subvention et l'obtention des autorisations administratives requises ;l'exploitation, l'entretien, la maintenance et le renouvellement des installations réalisées ;la gestion de l'approvisionnement en combustible ;la recherche d'usagers ;la fourniture et la distribution de chaleur aux usagers ;la gestion des relations contractuelles avec les abonnés (conclusion des polices dabonnement) ;la perception des redevances auprès des abonnés ;lensemble des contrôles techniques réglementaires nécessaires.La durée du contrat est de 20 ans à compter de la mise en service du réseau compte tenu de la durée d'amortissement prévisible des installations à construire.",09323000,IDEX Infra,2016-12-16,240.0,107251894.0,3.0,2017-01-23,https://www.boamp.fr/pages/avis/?q=idweb:17-10270,4,nantes metropole,0,3,4,949.0,matched_epci
23_178804,23-178804,Résultat de marché/Concession,COMMUNE DE MONT-SAINT-VINCENT,COMMUNE DE MONT-SAINT-VINCENT,Mont-saint-vincent,71300.0,71,"Contrat de concession de service public pour la conception, la réalisation, le financement et l'exploitation-maintenance et le renouvellement, dans une démarche d'amélioration continue de la performance, d'un réseau de chaleur urbain sur le territoire de la Commune de Mont-Saint-Vincent conclu en application des dispositions des articles L.1411-1 et suivants du CGCT et du Code de la Commande Publique.",50720000,FORESTENER,2023-12-20,240.0,2689500.0,1.0,2023-12-22,https://www.boamp.fr/pages/avis/?q=idweb:23-178804,4,mont saint vincent,0,2,4,,unmatched
23_67710,23-67710,Résultat de marché/Concession,COMMUNE DE LES MARTRES DE VEYRE,COMMUNE DE LES MARTRES DE VEYRE,Les Martres-de-Veyre,63730.0,63,"La présente consultation concerne la passation d'un contrat de concession de services pour la gestion déléguée du service public de production, le transport et la distribution de chaleur, comprenant l'exploitation et la gestion de la chaufferie collective bois-énergie et du réseau de chaleur de la Ville de Les Martres-de-Veyre.Le concessionnaire aura pour mission :-La création de la chaufferie et son réseau de chaleur-La production, le transport et la distribution de chaleur-L'exploitation et la gestion de la chaufferie collective bois-énergie et du réseau de chaleur-L'entretien et le renouvellement des installations (travaux nécessaires au maintien des installations et ouvrages en bon état de fonctionnement, réparations d'éventuels dommages)-Mise en conformité et sécurité des ouvragesLa gestion et l'exploitation se feront aux risques et périls du concessionnaire.La durée prévisible du contrat est de 30 ans",65200000,Beta Energie,2023-04-26,360.0,142577.13,2.0,2023-05-17,https://www.boamp.fr/pages/avis/?q=idweb:23-67710,4,les martres de veyre,0,3,4,,unmatched
19_152786,19-152786,Résultat de marché/Concession,Ville d'Héricourt,Ville d'Héricourt,Héricourt,70400.0,70,"Production, transport et distribution de chaleur comprenant l'exploitation et la gestion de la chaufferie mixte bois/gaz et du réseau de chaleur",09323000,ENGIE COFELY,2019-09-27,72.0,2304567.0,3.0,2019-10-09,https://www.boamp.fr/pages/avis/?q=idweb:19-152786,4,hericourt,0,3,4,598.0,matched_exact
22_90666,22-90666,Résultat de marché/Concession,ville de Clichy-sous-bois,ville de Clichy-sous-bois,Clichy-sous-Bois,93390.0,93,Concession pour l'exploitation du réseau de chaleur de la ville de Clichy-sous-Bois ,09323000,société Dhuysienne de Chaleur,2022-06-27,36.0,13518364.0,1.0,2022-06-30,https://www.boamp.fr/pages/avis/?q=idweb:22-90666,4,clichy sous bois,0,2,4,792.0,matched_exact
19_99583,19-99583,Résultat de marché/Concession,VILLE DE LORIENT,VILLE DE LORIENT,LORIENT,56100.0,56,"Les missions du délégataire sont notamment la conception et la réalisation dune chaufferie biomasse, la création et le développement dun réseau de distribution de chaleur sur le périmètre de la délégation (Lanveur), la livraison de chaleur aux abonnés, la gestion, lentretien, la maintenance et le renouvellement des ouvrages et des équipements du chauffage urbain et lapprovisionnement en bois dans le cadre de filières gérées durablement.",65400000,SOCIETE PUBLIQUE LOCALE BOIS ENERGIE RENOUVELABLE,2019-06-27,360.0,8445000.0,1.0,2019-08-12,https://www.boamp.fr/pages/avis/?q=idweb:19-99583,4,lorient,0,2,4,417.0,matched_exact
19_99583,19-99583,Résultat de marché/Concession,VILLE DE LORIENT,VILLE DE LORIENT,LORIENT,56100.0,56,"Les missions du délégataire sont notamment la conception et la réalisation dune chaufferie biomasse, la création et le développement dun réseau de distribution de chaleur sur le périmètre de la délégation (Lanveur), la livraison de chaleur aux abonnés, la gestion, lentretien, la maintenance et le renouvellement des ouvrages et des équipements du chauffage urbain et lapprovisionnement en bois dans le cadre de filières gérées durablement.",65400000,SOCIETE PUBLIQUE LOCALE BOIS ENERGIE RENOUVELABLE,2019-06-27,360.0,8445000.0,1.0,2019-08-12,https://www.boamp.fr/pages/avis/?q=idweb:19-99583,4,lorient,0,2,4,418.0,matched_exact
19_111013,19-111013,Résultat de marché/Concession,Ville de Bar le Duc,Ville de Bar le Duc,BAR LE DUC CEDEX,55012.0,55,"Exploitation d'un réseau de chaleur dans la Commune de BAR LE DUC avec construction d'une chaufferie biomasse.La Commune confie au DELEGATAIRE l'ensemble des ouvrages existants et les installations qui seront réalisées. Il devra notamment :. Utiliser les biens et équipements d'exploitation nécessaires au fonctionnement du service, appartenant à l'autorité délégante qui lui seront remis ;. Obtenir les autorisations administratives nécessaires à leur exploitation. Renouveler et entretenir l'ensemble des ouvrages et équipements destinés à l'exploitation du service. Concevoir, réaliser et financer les travaux, ouvrages et équipements neufs et ceux de renouvellement ou de modernisation nécessaire. Fournir et distribuer la chaleur destinée à la production du chauffage et de l'eau chaude sanitaire dans les sous stations. Percevoir les recettes dues par les abonnés.",09323000,SA ENGIE ENERGIE SERVICES,2019-07-12,240.0,33976051.3,4.0,2019-07-17,https://www.boamp.fr/pages/avis/?q=idweb:19-111013,4,bar le duc,0,3,4,406.0,matched_exact
23_143745,23-143745,Résultat de marché/Concession,Ville de Fourmies,Ville de Fourmies,FOURMIES,59611.0,59,"Concession de Service Public ayant pour objet la production, la fourniture, le transport et la distribution de chaleur majoritairement issue d'énergies renouvelables sur la Ville de Fourmies via la réalisation d'un réseau de chaleur ",09323000,,,288.0,,,2023-10-13,https://www.boamp.fr/pages/avis/?q=idweb:23-143745,1,fourmies,0,2,1,486.0,matched_exact
23_64722,23-64722,Avis de marché/Concession,COMMUNE D'ONET LE CHATEAU,COMMUNE D'ONET LE CHATEAU,ONET LE CHATEAU,12850.0,12,"Le Délégataire sera notamment chargé des missions suivantes :	L'exploitation, l'entretien et maintenance, le gros entretien et renouvellement des installations du réseau et des chaufferies ;	Lapprovisionnement en combustibles et/ou énergies, la production, la distribution et la fourniture de chaleur aux abonnés ;	La gestion des relations contractuelles avec les abonnés ;	La perception de redevances auprès des abonnés au titre des prestations réalisées.La valeur prévisionnelle globale de la Délégation est évaluée entre 1 875 000 euro HT et 2 550 000 euro HT (euros constants) sur la base du chiffre daffaires total estimé sur la durée de la convention de Délégation (5 ans). Le contrat daffermage aura pour périmètre géographique le périmètre actuel du réseau de chaleur (carte en annexe au contrat daffermage).",09323000,,,60.0,,,2023-05-15,https://www.boamp.fr/pages/avis/?q=idweb:23-64722,1,onet le chateau,4,1,1,873.0,matched_exact
23_25083,23-25083,Résultat de marché/Concession,COMMUNE DE PONT AUDEMER,COMMUNE DE PONT AUDEMER,Pont Audemer,27500.0,"27,76","Délégation de service public pour la production, le transport et la distribution de chaleur sur la Ville de PONT AUDEMER",09323000,,,288.0,,,2023-02-23,https://www.boamp.fr/pages/avis/?q=idweb:23-25083,1,pont audemer,0,2,1,149.0,matched_exact
16_84268,16-84268,Avis de marché/Concession,Ville de Limoges,Ville de Limoges,Limoges,87000.0,87,"Conformément aux avis du Comité Technique et de la Commission Consultative des Services Publics Locaux, le Conseil Municipal de la Ville de Limoges a, par délibération en date du 2 juin 2016, approuvé le recours à la délégation du service public pour l'exploitation du réseau de chaleur.Il s'agit d'un contrat de délégation de service public sous forme de concession dans les conditions fixées par le Décret no 2016-86 du 1er février 2016 relatif aux contrats de concession et conformément lOrdonnance no 2016-65 du 29 janvier 2016 relative aux contrats de concession ainsi que les articles L1411-1 et suivants et R1411-1 et suivants du code général des collectivités territoriales.",09323000,,,60.0,,,2016-06-16,https://www.boamp.fr/pages/avis/?q=idweb:16-84268,1,limoges,4,2,1,724.0,matched_exact
16_84268,16-84268,Avis de marché/Concession,Ville de Limoges,Ville de Limoges,Limoges,87000.0,87,"Conformément aux avis du Comité Technique et de la Commission Consultative des Services Publics Locaux, le Conseil Municipal de la Ville de Limoges a, par délibération en date du 2 juin 2016, approuvé le recours à la délégation du service public pour l'exploitation du réseau de chaleur.Il s'agit d'un contrat de délégation de service public sous forme de concession dans les conditions fixées par le Décret no 2016-86 du 1er février 2016 relatif aux contrats de concession et conformément lOrdonnance no 2016-65 du 29 janvier 2016 relative aux contrats de concession ainsi que les articles L1411-1 et suivants et R1411-1 et suivants du code général des collectivités territoriales.",09323000,,,60.0,,,2016-06-16,https://www.boamp.fr/pages/avis/?q=idweb:16-84268,1,limoges,4,2,1,725.0,matched_exact
16_84268,16-84268,Avis de marché/Concession,Ville de Limoges,Ville de Limoges,Limoges,87000.0,87,"Conformément aux avis du Comité Technique et de la Commission Consultative des Services Publics Locaux, le Conseil Municipal de la Ville de Limoges a, par délibération en date du 2 juin 2016, approuvé le recours à la délégation du service public pour l'exploitation du réseau de chaleur.Il s'agit d'un contrat de délégation de service public sous forme de concession dans les conditions fixées par le Décret no 2016-86 du 1er février 2016 relatif aux contrats de concession et conformément lOrdonnance no 2016-65 du 29 janvier 2016 relative aux contrats de concession ainsi que les articles L1411-1 et suivants et R1411-1 et suivants du code général des collectivités territoriales.",09323000,,,60.0,,,2016-06-16,https://www.boamp.fr/pages/avis/?q=idweb:16-84268,1,limoges,4,2,1,727.0,matched_exact
22_54083,22-54083,Résultat de marché/Concession,Ville d'Avion,Ville d'Avion,Avion,62210.0,62,"la présente consultation vise à conclure un  contrat de concession ayant pour objet la conception , la réalisation et l'exploitation d'un réseau de chaleur . Le souhait de l'Autorité Concédante est de favoriser le développement d'énergie renouvelable afin d'apporter à un maximum d'usagers un coût de chaleur compétitif et pérenne",09323000,,,231.0,,,2022-04-14,https://www.boamp.fr/pages/avis/?q=idweb:22-54083,1,avion,0,2,1,505.0,matched_exact
18_87449,18-87449,Rectificatif/,Ville de Gournay en Bray,Ville de Gournay en Bray,Gournay en Bray,76220.0,76,"DSP/ concession - [conception, construction, financement, la maintenance, l'exploitation d'un réseau de chaleur -",09323000,,,216.0,,,2018-06-25,https://www.boamp.fr/pages/avis/?q=idweb:18-87449,0,gournay en bray,2,2,1,,unmatched
19_2381,19-2381,Avis de marché/Concession,COMMUNE DE GIRONDE SUR DROPT,COMMUNE DE GIRONDE SUR DROPT,Gironde sur Dropt,33190.0,33,"La commune de Gironde sur Dropt exploite un réseau de chaleur doté dune chaudière biomasse. La commune envisage de déléguer lexploitation de ce réseau à un organisme habilité. La Commune sest orientée vers le choix dune concession de service sous forme de délégation de service public visant à confier, pour une durée denviron 20 ans, à un exploitant la gestion, lexploitation et la maintenance de la chaufferie bois et de son réseau de chaleur associé en application des articles L.1411-1 et suivants du Code Général des Collectivités Territoriales.",71314200,,,240.0,,,2019-01-21,https://www.boamp.fr/pages/avis/?q=idweb:19-2381,1,gironde sur dropt,4,1,1,915.0,matched_exact
23_106956,23-106956,Avis de marché/Concession,MOSELIS OPH MOSELLE,MOSELIS OPH MOSELLE,METZ,57071.0,57,La présente consultation a pour objet de confier à un concessionnaire la conception et la réalisation des travaux de premier établissement et l'exploitation d'un réseau de distribution de chaleur appartenant à l'Oph Moselis alimentant le quartier de St Pierre-Miliaire de la commune de Thionville dans le cadre d'une concession d'une durée de 20 ans.Cf. Note d'informations,45232140,,,239.0,,,2023-07-26,https://www.boamp.fr/pages/avis/?q=idweb:23-106956,1,moselis oph moselle,4,1,1,,unmatched
26_6819,26-6819,Avis de marché/,Territoires Soixante-Deux,Territoires Soixante-Deux,,,62,,61,,,,,,2026-01-20,https://www.boamp.fr/pages/avis/?q=idweb:26-6819,0,territoires soixante deux,5,1,0,,unmatched
15_179775,15-179775,Avis d'intention de conclure/,Communauté Urbaine Toulouse Métropole,Communauté Urbaine Toulouse Métropole,TOULOUSE CEDEX 5,31505.0,31,réalisation et exploitation d'un réseau de chaleur et de froid,406,,,,,,2015-11-30,https://www.boamp.fr/pages/avis/?q=idweb:15-179775,0,toulouse metropole,3,1,0,168.0,matched_epci
15_179775,15-179775,Avis d'intention de conclure/,Communauté Urbaine Toulouse Métropole,Communauté Urbaine Toulouse Métropole,TOULOUSE CEDEX 5,31505.0,31,réalisation et exploitation d'un réseau de chaleur et de froid,406,,,,,,2015-11-30,https://www.boamp.fr/pages/avis/?q=idweb:15-179775,0,toulouse metropole,3,1,0,169.0,matched_epci
15_179775,15-179775,Avis d'intention de conclure/,Communauté Urbaine Toulouse Métropole,Communauté Urbaine Toulouse Métropole,TOULOUSE CEDEX 5,31505.0,31,réalisation et exploitation d'un réseau de chaleur et de froid,406,,,,,,2015-11-30,https://www.boamp.fr/pages/avis/?q=idweb:15-179775,0,toulouse metropole,3,1,0,170.0,matched_epci
15_179775,15-179775,Avis d'intention de conclure/,Communauté Urbaine Toulouse Métropole,Communauté Urbaine Toulouse Métropole,TOULOUSE CEDEX 5,31505.0,31,réalisation et exploitation d'un réseau de chaleur et de froid,406,,,,,,2015-11-30,https://www.boamp.fr/pages/avis/?q=idweb:15-179775,0,toulouse metropole,3,1,0,171.0,matched_epci
15_179775,15-179775,Avis d'intention de conclure/,Communauté Urbaine Toulouse Métropole,Communauté Urbaine Toulouse Métropole,TOULOUSE CEDEX 5,31505.0,31,réalisation et exploitation d'un réseau de chaleur et de froid,406,,,,,,2015-11-30,https://www.boamp.fr/pages/avis/?q=idweb:15-179775,0,toulouse metropole,3,1,0,172.0,matched_epci
15_179775,15-179775,Avis d'intention de conclure/,Communauté Urbaine Toulouse Métropole,Communauté Urbaine Toulouse Métropole,TOULOUSE CEDEX 5,31505.0,31,réalisation et exploitation d'un réseau de chaleur et de froid,406,,,,,,2015-11-30,https://www.boamp.fr/pages/avis/?q=idweb:15-179775,0,toulouse metropole,3,1,0,173.0,matched_epci
15_179775,15-179775,Avis d'intention de conclure/,Communauté Urbaine Toulouse Métropole,Communauté Urbaine Toulouse Métropole,TOULOUSE CEDEX 5,31505.0,31,réalisation et exploitation d'un réseau de chaleur et de froid,406,,,,,,2015-11-30,https://www.boamp.fr/pages/avis/?q=idweb:15-179775,0,toulouse metropole,3,1,0,176.0,matched_epci
15_179775,15-179775,Avis d'intention de conclure/,Communauté Urbaine Toulouse Métropole,Communauté Urbaine Toulouse Métropole,TOULOUSE CEDEX 5,31505.0,31,réalisation et exploitation d'un réseau de chaleur et de froid,406,,,,,,2015-11-30,https://www.boamp.fr/pages/avis/?q=idweb:15-179775,0,toulouse metropole,3,1,0,177.0,matched_epci
17_38714,17-38714,Résultat de marché/,Ville de Valence,Ville de Valence,Valence cedex,26021.0,26,"La délégation concerne le service public de chauffage urbain de Valence. Le service délégué a pour objet la production, le transport et la distribution de chaleur. Le Délégataire devra exploiter et moderniser les équipements existants et procéder à la réalisation d'extensions éventuelles. Il se rémunèrera substantiellement par les résultats d'exploitation du service, et notamment par les redevances qu'il percevra sur les usagers.Le contrat comportera des dispositions relatives à la remise et à la reprise des biens en fin de contrat. La Ville de Valence souhaite apporter de notables améliorations aux équipements existants pour les rendre plus performants, tout en garantissant un prix moyen du kWh acceptable pour les usagers.",1,,,,,,2017-03-20,https://www.boamp.fr/pages/avis/?q=idweb:17-38714,0,valence,1,3,0,142.0,matched_exact
17_38714,17-38714,Résultat de marché/,Ville de Valence,Ville de Valence,Valence cedex,26021.0,26,"La délégation concerne le service public de chauffage urbain de Valence. Le service délégué a pour objet la production, le transport et la distribution de chaleur. Le Délégataire devra exploiter et moderniser les équipements existants et procéder à la réalisation d'extensions éventuelles. Il se rémunèrera substantiellement par les résultats d'exploitation du service, et notamment par les redevances qu'il percevra sur les usagers.Le contrat comportera des dispositions relatives à la remise et à la reprise des biens en fin de contrat. La Ville de Valence souhaite apporter de notables améliorations aux équipements existants pour les rendre plus performants, tout en garantissant un prix moyen du kWh acceptable pour les usagers.",1,,,,,,2017-03-20,https://www.boamp.fr/pages/avis/?q=idweb:17-38714,0,valence,1,3,0,908.0,matched_exact
17_2076,17-2076,Avis d'intention de conclure/,CA VAL D EUROPE AGGLOMERATION,CA VAL D EUROPE AGGLOMERATION,Marne la vallée,77701.0,77,"Délégation de service public pour la conception, réalisation et exploitation d'un réseau de chaleur",59,,,,,,2017-01-05,https://www.boamp.fr/pages/avis/?q=idweb:17-2076,0,val d europe agglomeration,3,1,0,671.0,matched_epci
17_2076,17-2076,Avis d'intention de conclure/,CA VAL D EUROPE AGGLOMERATION,CA VAL D EUROPE AGGLOMERATION,Marne la vallée,77701.0,77,"Délégation de service public pour la conception, réalisation et exploitation d'un réseau de chaleur",59,,,,,,2017-01-05,https://www.boamp.fr/pages/avis/?q=idweb:17-2076,0,val d europe agglomeration,3,1,0,672.0,matched_epci
17_2076,17-2076,Avis d'intention de conclure/,CA VAL D EUROPE AGGLOMERATION,CA VAL D EUROPE AGGLOMERATION,Marne la vallée,77701.0,77,"Délégation de service public pour la conception, réalisation et exploitation d'un réseau de chaleur",59,,,,,,2017-01-05,https://www.boamp.fr/pages/avis/?q=idweb:17-2076,0,val d europe agglomeration,3,1,0,673.0,matched_epci
17_2076,17-2076,Avis d'intention de conclure/,CA VAL D EUROPE AGGLOMERATION,CA VAL D EUROPE AGGLOMERATION,Marne la vallée,77701.0,77,"Délégation de service public pour la conception, réalisation et exploitation d'un réseau de chaleur",59,,,,,,2017-01-05,https://www.boamp.fr/pages/avis/?q=idweb:17-2076,0,val d europe agglomeration,3,1,0,677.0,matched_epci
17_2076,17-2076,Avis d'intention de conclure/,CA VAL D EUROPE AGGLOMERATION,CA VAL D EUROPE AGGLOMERATION,Marne la vallée,77701.0,77,"Délégation de service public pour la conception, réalisation et exploitation d'un réseau de chaleur",59,,,,,,2017-01-05,https://www.boamp.fr/pages/avis/?q=idweb:17-2076,0,val d europe agglomeration,3,1,0,1024.0,matched_epci
15_179932,15-179932,Avis de marché/,Ville de Rambervillers,Ville de Rambervillers,Rambervillers,88700.0,88,"Délégation de service public en vue de la création et de la gestion des activités de production, transport et distribution de chaleur",45232140,,,,,,2015-11-30,https://www.boamp.fr/pages/avis/?q=idweb:15-179932,0,rambervillers,5,1,0,738.0,matched_exact
16_54707,16-54707,Avis d'intention de conclure/,Ville de Roanne,Ville de Roanne,Roanne,42328.0,42,Délégation de service public relative au service de production et de distribution de chaleur du réseau 'RN7',"59,60,61",,,,,,2016-04-18,https://www.boamp.fr/pages/avis/?q=idweb:16-54707,0,roanne,3,3,0,265.0,matched_exact
16_54707,16-54707,Avis d'intention de conclure/,Ville de Roanne,Ville de Roanne,Roanne,42328.0,42,Délégation de service public relative au service de production et de distribution de chaleur du réseau 'RN7',"59,60,61",,,,,,2016-04-18,https://www.boamp.fr/pages/avis/?q=idweb:16-54707,0,roanne,3,3,0,266.0,matched_exact
16_54707,16-54707,Avis d'intention de conclure/,Ville de Roanne,Ville de Roanne,Roanne,42328.0,42,Délégation de service public relative au service de production et de distribution de chaleur du réseau 'RN7',"59,60,61",,,,,,2016-04-18,https://www.boamp.fr/pages/avis/?q=idweb:16-54707,0,roanne,3,3,0,291.0,matched_exact
16_54707,16-54707,Avis d'intention de conclure/,Ville de Roanne,Ville de Roanne,Roanne,42328.0,42,Délégation de service public relative au service de production et de distribution de chaleur du réseau 'RN7',"59,60,61",,,,,,2016-04-18,https://www.boamp.fr/pages/avis/?q=idweb:16-54707,0,roanne,3,3,0,294.0,matched_exact
23_134139,23-134139,Avis de marché/Concession,Mairie de BAPAUME,Mairie de BAPAUME,Bapaume cedex,62452.0,62,"Le Délégataire devra à ses risques et périls concevoir, financer, réaliser les ouvrages neufs et exploiter l'ensemble des ouvrages de la Concession. Il réalisera, selon les conditions du DCE, en particulier :- une centrale ENR permettant d'assurer le mix énergétique, potentiellement sur le site mis à disposition par l'AUTORITE DELEGANTE- l'ensemble des Travaux de Premier Etablissement ;- la conduite, l'entretien et la maintenance des installations ;- l'approvisionnement en combustibles et énergies, la production- la fourniture et la distribution de la chaleur ;-la gestion des relations avec les abonnés dont la commercialisation et le développement du service public,-la perception des recettes correspondantes auprès des abonnés et la gestion des impayés ;-la continuité du service public dans le respect des principes d'égalité des usagers, de laïcité et de neutralité du service public.",45231112,,,,,,2023-09-27,https://www.boamp.fr/pages/avis/?q=idweb:23-134139,0,bapaume,4,1,0,,unmatched
15_49833,15-49833,Résultat de marché/,Commune de Rocroi,Commune de Rocroi,Rocroi,8230.0,8,Délégation de service public du chauffage urbain de Rocroi,09323000,,,,,,2015-04-02,https://www.boamp.fr/pages/avis/?q=idweb:15-49833,0,rocroi,1,1,0,43.0,matched_exact
15_127876,15-127876,Avis de marché/,Commune de Rueil-Malmaison,Commune de Rueil-Malmaison,Rueil-malmaison cedex,92501.0,92,"La délégation de service public (DSP), qui prend la forme d'un contrat de concession, porte sur la création et l'exploitation, aux risques et périls du délégataire, du service public de production et de distribution d'énergie calorifique de la ZAC de l'Arsenal sur la commune de Rueil-Malmaison.","59,61,406",,,,,,2015-08-18,https://www.boamp.fr/pages/avis/?q=idweb:15-127876,0,rueil malmaison,5,1,0,780.0,matched_exact
24_101767,24-101767,Résultat de marché/,Commune des Herbiers,Commune des Herbiers,,,85,,59,,,,,,2024-09-06,https://www.boamp.fr/pages/avis/?q=idweb:24-101767,0,s herbiers,1,2,0,,unmatched
15_186639,15-186639,Avis de marché/,Université Lille 1 Sciences et Techno,Université Lille 1 Sciences et Techno,Villeneuve d'ascq,59650.0,59,procédure de consultation pour l'exploitation d'un réseau de chaleur sous la forme d'une concession de service public,"59,406",,,,,,2015-12-15,https://www.boamp.fr/pages/avis/?q=idweb:15-186639,0,universite lille 1 sciences et techno,5,2,0,,unmatched
15_58088,15-58088,Résultat de marché/,Ville d'Angers,Ville d'Angers,Angers cedex 02,49020.0,49,"Délégation de service public pour le réseau de chaleur du quartier de la Roseraie à Angers. Le délégataire aura pour mission :1°) la production et la distribution d'énergie thermique à partir d'une chaufferie d'appoint mixte Gaz / fioul domestique, ainsi que l'achat de chaleur à la centrale de cogénération biomasse Biowatts. A ce titre, il devra assurer l'exploitation :- de la chaufferie, en intégrant la fourniture d'énergie, la maintenance du site (petite maintenance ou remplacement d'équipements), des chaudières et leurs périphériques, ainsi que le suivi du volet environnemental,- des réseaux sous voirie et les antennes alimentant les bâtiments,- des sous-stations dans chacun de ces bâtiments.Le délégataire devra répondre aux besoins d'optimisation des températures retours que nécessite la cogénération biomasse de la centrale Biowatts (condenseurs).2°) la vente d'énergie et la gestion des abonnés publics ou privés, en veillant à la continuité de service de fourniture de chaleur et à l'information des abonnés et des usagers sur la vie de ce réseau de chauffage. Il devra veiller à ce que les abonnés paient le juste prix nécessaire, et devra donc avoir une forte vigilance sur les consommations en cas de dérive ou de consommations anormalement élevées.La Ville d'Angers attend de son futur délégataire qu'il soit force de proposition pour l'optimisation des équipements production/distribution thermique en exploitation.",09323000,,,,,,2015-05-29,https://www.boamp.fr/pages/avis/?q=idweb:15-58088,0,angers,1,2,0,355.0,matched_exact
15_58088,15-58088,Résultat de marché/,Ville d'Angers,Ville d'Angers,Angers cedex 02,49020.0,49,"Délégation de service public pour le réseau de chaleur du quartier de la Roseraie à Angers. Le délégataire aura pour mission :1°) la production et la distribution d'énergie thermique à partir d'une chaufferie d'appoint mixte Gaz / fioul domestique, ainsi que l'achat de chaleur à la centrale de cogénération biomasse Biowatts. A ce titre, il devra assurer l'exploitation :- de la chaufferie, en intégrant la fourniture d'énergie, la maintenance du site (petite maintenance ou remplacement d'équipements), des chaudières et leurs périphériques, ainsi que le suivi du volet environnemental,- des réseaux sous voirie et les antennes alimentant les bâtiments,- des sous-stations dans chacun de ces bâtiments.Le délégataire devra répondre aux besoins d'optimisation des températures retours que nécessite la cogénération biomasse de la centrale Biowatts (condenseurs).2°) la vente d'énergie et la gestion des abonnés publics ou privés, en veillant à la continuité de service de fourniture de chaleur et à l'information des abonnés et des usagers sur la vie de ce réseau de chauffage. Il devra veiller à ce que les abonnés paient le juste prix nécessaire, et devra donc avoir une forte vigilance sur les consommations en cas de dérive ou de consommations anormalement élevées.La Ville d'Angers attend de son futur délégataire qu'il soit force de proposition pour l'optimisation des équipements production/distribution thermique en exploitation.",09323000,,,,,,2015-05-29,https://www.boamp.fr/pages/avis/?q=idweb:15-58088,0,angers,1,2,0,356.0,matched_exact
15_58088,15-58088,Résultat de marché/,Ville d'Angers,Ville d'Angers,Angers cedex 02,49020.0,49,"Délégation de service public pour le réseau de chaleur du quartier de la Roseraie à Angers. Le délégataire aura pour mission :1°) la production et la distribution d'énergie thermique à partir d'une chaufferie d'appoint mixte Gaz / fioul domestique, ainsi que l'achat de chaleur à la centrale de cogénération biomasse Biowatts. A ce titre, il devra assurer l'exploitation :- de la chaufferie, en intégrant la fourniture d'énergie, la maintenance du site (petite maintenance ou remplacement d'équipements), des chaudières et leurs périphériques, ainsi que le suivi du volet environnemental,- des réseaux sous voirie et les antennes alimentant les bâtiments,- des sous-stations dans chacun de ces bâtiments.Le délégataire devra répondre aux besoins d'optimisation des températures retours que nécessite la cogénération biomasse de la centrale Biowatts (condenseurs).2°) la vente d'énergie et la gestion des abonnés publics ou privés, en veillant à la continuité de service de fourniture de chaleur et à l'information des abonnés et des usagers sur la vie de ce réseau de chauffage. Il devra veiller à ce que les abonnés paient le juste prix nécessaire, et devra donc avoir une forte vigilance sur les consommations en cas de dérive ou de consommations anormalement élevées.La Ville d'Angers attend de son futur délégataire qu'il soit force de proposition pour l'optimisation des équipements production/distribution thermique en exploitation.",09323000,,,,,,2015-05-29,https://www.boamp.fr/pages/avis/?q=idweb:15-58088,0,angers,1,2,0,357.0,matched_exact
15_58088,15-58088,Résultat de marché/,Ville d'Angers,Ville d'Angers,Angers cedex 02,49020.0,49,"Délégation de service public pour le réseau de chaleur du quartier de la Roseraie à Angers. Le délégataire aura pour mission :1°) la production et la distribution d'énergie thermique à partir d'une chaufferie d'appoint mixte Gaz / fioul domestique, ainsi que l'achat de chaleur à la centrale de cogénération biomasse Biowatts. A ce titre, il devra assurer l'exploitation :- de la chaufferie, en intégrant la fourniture d'énergie, la maintenance du site (petite maintenance ou remplacement d'équipements), des chaudières et leurs périphériques, ainsi que le suivi du volet environnemental,- des réseaux sous voirie et les antennes alimentant les bâtiments,- des sous-stations dans chacun de ces bâtiments.Le délégataire devra répondre aux besoins d'optimisation des températures retours que nécessite la cogénération biomasse de la centrale Biowatts (condenseurs).2°) la vente d'énergie et la gestion des abonnés publics ou privés, en veillant à la continuité de service de fourniture de chaleur et à l'information des abonnés et des usagers sur la vie de ce réseau de chauffage. Il devra veiller à ce que les abonnés paient le juste prix nécessaire, et devra donc avoir une forte vigilance sur les consommations en cas de dérive ou de consommations anormalement élevées.La Ville d'Angers attend de son futur délégataire qu'il soit force de proposition pour l'optimisation des équipements production/distribution thermique en exploitation.",09323000,,,,,,2015-05-29,https://www.boamp.fr/pages/avis/?q=idweb:15-58088,0,angers,1,2,0,360.0,matched_exact
15_58088,15-58088,Résultat de marché/,Ville d'Angers,Ville d'Angers,Angers cedex 02,49020.0,49,"Délégation de service public pour le réseau de chaleur du quartier de la Roseraie à Angers. Le délégataire aura pour mission :1°) la production et la distribution d'énergie thermique à partir d'une chaufferie d'appoint mixte Gaz / fioul domestique, ainsi que l'achat de chaleur à la centrale de cogénération biomasse Biowatts. A ce titre, il devra assurer l'exploitation :- de la chaufferie, en intégrant la fourniture d'énergie, la maintenance du site (petite maintenance ou remplacement d'équipements), des chaudières et leurs périphériques, ainsi que le suivi du volet environnemental,- des réseaux sous voirie et les antennes alimentant les bâtiments,- des sous-stations dans chacun de ces bâtiments.Le délégataire devra répondre aux besoins d'optimisation des températures retours que nécessite la cogénération biomasse de la centrale Biowatts (condenseurs).2°) la vente d'énergie et la gestion des abonnés publics ou privés, en veillant à la continuité de service de fourniture de chaleur et à l'information des abonnés et des usagers sur la vie de ce réseau de chauffage. Il devra veiller à ce que les abonnés paient le juste prix nécessaire, et devra donc avoir une forte vigilance sur les consommations en cas de dérive ou de consommations anormalement élevées.La Ville d'Angers attend de son futur délégataire qu'il soit force de proposition pour l'optimisation des équipements production/distribution thermique en exploitation.",09323000,,,,,,2015-05-29,https://www.boamp.fr/pages/avis/?q=idweb:15-58088,0,angers,1,2,0,362.0,matched_exact
15_58088,15-58088,Résultat de marché/,Ville d'Angers,Ville d'Angers,Angers cedex 02,49020.0,49,"Délégation de service public pour le réseau de chaleur du quartier de la Roseraie à Angers. Le délégataire aura pour mission :1°) la production et la distribution d'énergie thermique à partir d'une chaufferie d'appoint mixte Gaz / fioul domestique, ainsi que l'achat de chaleur à la centrale de cogénération biomasse Biowatts. A ce titre, il devra assurer l'exploitation :- de la chaufferie, en intégrant la fourniture d'énergie, la maintenance du site (petite maintenance ou remplacement d'équipements), des chaudières et leurs périphériques, ainsi que le suivi du volet environnemental,- des réseaux sous voirie et les antennes alimentant les bâtiments,- des sous-stations dans chacun de ces bâtiments.Le délégataire devra répondre aux besoins d'optimisation des températures retours que nécessite la cogénération biomasse de la centrale Biowatts (condenseurs).2°) la vente d'énergie et la gestion des abonnés publics ou privés, en veillant à la continuité de service de fourniture de chaleur et à l'information des abonnés et des usagers sur la vie de ce réseau de chauffage. Il devra veiller à ce que les abonnés paient le juste prix nécessaire, et devra donc avoir une forte vigilance sur les consommations en cas de dérive ou de consommations anormalement élevées.La Ville d'Angers attend de son futur délégataire qu'il soit force de proposition pour l'optimisation des équipements production/distribution thermique en exploitation.",09323000,,,,,,2015-05-29,https://www.boamp.fr/pages/avis/?q=idweb:15-58088,0,angers,1,2,0,363.0,matched_exact
15_58088,15-58088,Résultat de marché/,Ville d'Angers,Ville d'Angers,Angers cedex 02,49020.0,49,"Délégation de service public pour le réseau de chaleur du quartier de la Roseraie à Angers. Le délégataire aura pour mission :1°) la production et la distribution d'énergie thermique à partir d'une chaufferie d'appoint mixte Gaz / fioul domestique, ainsi que l'achat de chaleur à la centrale de cogénération biomasse Biowatts. A ce titre, il devra assurer l'exploitation :- de la chaufferie, en intégrant la fourniture d'énergie, la maintenance du site (petite maintenance ou remplacement d'équipements), des chaudières et leurs périphériques, ainsi que le suivi du volet environnemental,- des réseaux sous voirie et les antennes alimentant les bâtiments,- des sous-stations dans chacun de ces bâtiments.Le délégataire devra répondre aux besoins d'optimisation des températures retours que nécessite la cogénération biomasse de la centrale Biowatts (condenseurs).2°) la vente d'énergie et la gestion des abonnés publics ou privés, en veillant à la continuité de service de fourniture de chaleur et à l'information des abonnés et des usagers sur la vie de ce réseau de chauffage. Il devra veiller à ce que les abonnés paient le juste prix nécessaire, et devra donc avoir une forte vigilance sur les consommations en cas de dérive ou de consommations anormalement élevées.La Ville d'Angers attend de son futur délégataire qu'il soit force de proposition pour l'optimisation des équipements production/distribution thermique en exploitation.",09323000,,,,,,2015-05-29,https://www.boamp.fr/pages/avis/?q=idweb:15-58088,0,angers,1,2,0,366.0,matched_exact
16_2007,16-2007,Résultat de marché/,SEAPFA,SEAPFA,Villepinte cedex,93423.0,93,DSP pour l'exploitation du service public de production et de vente de chaleur avec renouvellement des installations de géothermie au Dogger,"59,406",,,,,,2016-01-08,https://www.boamp.fr/pages/avis/?q=idweb:16-2007,0,seapfa,1,2,0,,unmatched
16_2823,16-2823,Avis de marché/,SIEEEN,SIEEEN,Nevers Cedex,58027.0,58,"DSP par affermange du réseau de chaleur de La Charité-sur-LoireConfier la fourniture, le transport et la distribution de chaleur sur le périmètre concerné par le projet ; le réseau de chaleur sera alimenté de façon majoritaire par des énergies renouvelables.",09323000,,,,,,2016-01-15,https://www.boamp.fr/pages/avis/?q=idweb:16-2823,0,sieeen,5,2,0,,unmatched
20_71459,20-71459,Avis de marché/Concession,Mairie de Niort,Mairie de Niort,Niort cedex,79027.0,79,Exploitation de la chaufferie bois et le réseau de chaleur sur le quartier des Brizeaux dans le cadre d'un contrat de délégation de service public par voie de concession (articles L.1411-1 et suivants et R.1411-1 et suivants du Code Général des Collectivités Territoriales ainsi que du Code de la Commande Publique).,50721000,,,,,,2020-06-03,https://www.boamp.fr/pages/avis/?q=idweb:20-71459,0,niort,4,2,0,689.0,matched_exact
20_71459,20-71459,Avis de marché/Concession,Mairie de Niort,Mairie de Niort,Niort cedex,79027.0,79,Exploitation de la chaufferie bois et le réseau de chaleur sur le quartier des Brizeaux dans le cadre d'un contrat de délégation de service public par voie de concession (articles L.1411-1 et suivants et R.1411-1 et suivants du Code Général des Collectivités Territoriales ainsi que du Code de la Commande Publique).,50721000,,,,,,2020-06-03,https://www.boamp.fr/pages/avis/?q=idweb:20-71459,0,niort,4,2,0,690.0,matched_exact
24_126986,24-126986,Avis de marché/,MAIRIE DE SURESNES,MAIRIE DE SURESNES,,,92,,59,,,,,,2024-11-07,https://www.boamp.fr/pages/avis/?q=idweb:24-126986,0,suresnes,5,2,0,770.0,matched_exact
16_131822,16-131822,Résultat de marché/,Communauté Urbaine du Grand Nancy,Communauté Urbaine du Grand Nancy,Nancy cedex,54035.0,54,Domaine de la délégation : le contrat aura pour objet la production et la distribution de chaleur.,"59,406",,,,,,2016-09-14,https://www.boamp.fr/pages/avis/?q=idweb:16-131822,0,u grand nancy,1,2,0,395.0,matched_epci
16_131822,16-131822,Résultat de marché/,Communauté Urbaine du Grand Nancy,Communauté Urbaine du Grand Nancy,Nancy cedex,54035.0,54,Domaine de la délégation : le contrat aura pour objet la production et la distribution de chaleur.,"59,406",,,,,,2016-09-14,https://www.boamp.fr/pages/avis/?q=idweb:16-131822,0,u grand nancy,1,2,0,396.0,matched_epci
16_131822,16-131822,Résultat de marché/,Communauté Urbaine du Grand Nancy,Communauté Urbaine du Grand Nancy,Nancy cedex,54035.0,54,Domaine de la délégation : le contrat aura pour objet la production et la distribution de chaleur.,"59,406",,,,,,2016-09-14,https://www.boamp.fr/pages/avis/?q=idweb:16-131822,0,u grand nancy,1,2,0,397.0,matched_epci
16_131822,16-131822,Résultat de marché/,Communauté Urbaine du Grand Nancy,Communauté Urbaine du Grand Nancy,Nancy cedex,54035.0,54,Domaine de la délégation : le contrat aura pour objet la production et la distribution de chaleur.,"59,406",,,,,,2016-09-14,https://www.boamp.fr/pages/avis/?q=idweb:16-131822,0,u grand nancy,1,2,0,399.0,matched_epci
16_131822,16-131822,Résultat de marché/,Communauté Urbaine du Grand Nancy,Communauté Urbaine du Grand Nancy,Nancy cedex,54035.0,54,Domaine de la délégation : le contrat aura pour objet la production et la distribution de chaleur.,"59,406",,,,,,2016-09-14,https://www.boamp.fr/pages/avis/?q=idweb:16-131822,0,u grand nancy,1,2,0,400.0,matched_epci
16_131822,16-131822,Résultat de marché/,Communauté Urbaine du Grand Nancy,Communauté Urbaine du Grand Nancy,Nancy cedex,54035.0,54,Domaine de la délégation : le contrat aura pour objet la production et la distribution de chaleur.,"59,406",,,,,,2016-09-14,https://www.boamp.fr/pages/avis/?q=idweb:16-131822,0,u grand nancy,1,2,0,402.0,matched_epci
25_12562,25-12562,Rectificatif/,ASSOCIATION HOSPITALIERE DE MOZE,ASSOCIATION HOSPITALIERE DE MOZE,,,7,,59,,,,,,2025-02-03,https://www.boamp.fr/pages/avis/?q=idweb:25-12562,0,association hospitaliere de moze,2,2,0,,unmatched
16_175615,16-175615,Résultat de marché/,Ville de Brive-la-Gaillarde,Ville de Brive-la-Gaillarde,Brive cedex,19312.0,19,Délégation de service public pour la construction et l'exploitation d'un réseau de chaleur biomasse.Parutions initiales : Date d'envoi au JOUE : 24 juillet 2015 BOAMP: Mise en ligne du 27 juillet 2015 au 21/09/2015.- Le Moniteur des travaux publics du 31 juillet 2015- JOUE du 05 août 2015Parutions avis intention de conclure : BOAMP: Mise en ligne du 16 novembre 2016.Le Moniteur des travaux publics du 25 novembre 2016 JOUE du 26 novembre 2016.,09323000,,,,,,2017-01-25,https://www.boamp.fr/pages/avis/?q=idweb:16-175615,0,brive la gaillarde,1,3,0,106.0,matched_exact
15_82465,15-82465,Résultat de marché/,Ville de Moulins,Ville de Moulins,Moulins cedex,3016.0,3,"La présente procédure a pour objet le service délégué de production en appoint et de distribution de chaleur de Moulins.Le service sera assuré sur le territoire de la commune de Moulins grevé du périmètre qui a déjà été délégué à la SDCM.Le délégataire est rémunéré directement par la fourniture de chaleur aux usagers du service public et par la perception de subventions éventuelles. Après mise à disposition des ouvrages existants, le délégataire assure à ses risques et périls la conception, la réalisation et le financement des travaux prévus en début de délégation et indiqués dans le contrat de concession, tous les achats d'énergies et éventuellement de combustibles, la conduite, l'entretien et le renouvellement des installations, la gestion des relations contractuelles avec les abonnés-usagers du service, la perception des redevances auprès des abonnés-usagers du service.Le délégataire utilise l'énergie calorifique importée depuis la SDCM dans le conditions fixées par le contrat.","59,406",,,,,,2015-06-01,https://www.boamp.fr/pages/avis/?q=idweb:15-82465,0,moulins,1,1,0,14.0,matched_exact
15_82465,15-82465,Résultat de marché/,Ville de Moulins,Ville de Moulins,Moulins cedex,3016.0,3,"La présente procédure a pour objet le service délégué de production en appoint et de distribution de chaleur de Moulins.Le service sera assuré sur le territoire de la commune de Moulins grevé du périmètre qui a déjà été délégué à la SDCM.Le délégataire est rémunéré directement par la fourniture de chaleur aux usagers du service public et par la perception de subventions éventuelles. Après mise à disposition des ouvrages existants, le délégataire assure à ses risques et périls la conception, la réalisation et le financement des travaux prévus en début de délégation et indiqués dans le contrat de concession, tous les achats d'énergies et éventuellement de combustibles, la conduite, l'entretien et le renouvellement des installations, la gestion des relations contractuelles avec les abonnés-usagers du service, la perception des redevances auprès des abonnés-usagers du service.Le délégataire utilise l'énergie calorifique importée depuis la SDCM dans le conditions fixées par le contrat.","59,406",,,,,,2015-06-01,https://www.boamp.fr/pages/avis/?q=idweb:15-82465,0,moulins,1,1,0,845.0,matched_exact
23_87775,23-87775,Avis de marché/Concession,Commune de Gruissan,Commune de Gruissan,GRUISSAN,,11,"La concession a pour objet le financement, la conception, la réalisation et lexploitation dun réseau deau tempérée ainsi que la mise en uvre déquipements de production de chaleur et/ou de froid pour assurer la production, le transport et la distribution de la chaleur et éventuellement de froid sur une partie du territoire de la Ville.",09323000,,,,,,2023-07-10,https://www.boamp.fr/pages/avis/?q=idweb:23-87775,0,gruissan,4,1,0,,unmatched
26_46142,26-46142,Avis de marché/,Brest Métropole,Brest Métropole,,,29,,406,,,,,,2026-05-07,https://www.boamp.fr/pages/avis/?q=idweb:26-46142,0,brest metropole,5,1,0,158.0,matched_epci
26_46142,26-46142,Avis de marché/,Brest Métropole,Brest Métropole,,,29,,406,,,,,,2026-05-07,https://www.boamp.fr/pages/avis/?q=idweb:26-46142,0,brest metropole,5,1,0,159.0,matched_epci
26_46142,26-46142,Avis de marché/,Brest Métropole,Brest Métropole,,,29,,406,,,,,,2026-05-07,https://www.boamp.fr/pages/avis/?q=idweb:26-46142,0,brest metropole,5,1,0,161.0,matched_epci
15_168763,15-168763,Avis d'intention de conclure/,ville de Cosne-Cours-sur-Loire,ville de Cosne-Cours-sur-Loire,Cosne-Cours-sur-Loire,58200.0,58,Délégation de service public pour le chauffage urbain consistant en la production et la distribution d'énergie calorifique par la Ville sur son territoire,09300000,,,,,,2015-11-17,https://www.boamp.fr/pages/avis/?q=idweb:15-168763,0,cosne cours sur loire,3,1,0,455.0,matched_exact
16_7450,16-7450,Résultat de marché/,Ville de Dammarie-Lès-Lys,Ville de Dammarie-Lès-Lys,Dammarie les lys,77190.0,77,"La convention a pour objet la délégation du service public de la production, de l'exploitation et de la distribution du réseau de chaleur par géothermie pour les quartiers de l'Abbaye et de la Plaine du Lys.","59,406",,,,,,2016-01-19,https://www.boamp.fr/pages/avis/?q=idweb:16-7450,0,dammarie les lys,1,2,0,662.0,matched_exact
15_89620,15-89620,Avis d'intention de conclure/,Ville de Dourdan,Ville de Dourdan,Dourdan,91410.0,91,Délégation de service public de chauffage urbain de la ville de Dourdan,"59,406",,,,,,2015-06-12,https://www.boamp.fr/pages/avis/?q=idweb:15-89620,0,dourdan,3,1,0,749.0,matched_exact
16_34822,16-34822,Avis d'intention de conclure/,Ville Eurométropole de Strasbourg,Ville Eurométropole de Strasbourg,Strasbourg,67076.0,67,"le délégataire devra assurer la poursuite et l'optimisation de l'exploitation actuelle de la chaufferie collective et du réseau de chaleur des quartiers de Hautepierre et Poteries à Strasbourg. Les moyens de production et de distribution de chaleur, existants, seront remis par l'eurométropole au délégataire. Il sera chargé: - de la production, la fourniture et la distribution de chaleur aux abonnés, - de la gestion, l'exploitation l'entretien, la maintenance et du renouvellement de l'ensemble des équipements, - de la gestion des relations avec les abonnés et la perception de redevances auprès des abonnés, - de la réalisation des contrôles techniques et réglementaires.","59,406",,,,,,2016-03-29,https://www.boamp.fr/pages/avis/?q=idweb:16-34822,0,eurometropole de strasbourg,3,2,0,533.0,matched_epci
16_34822,16-34822,Avis d'intention de conclure/,Ville Eurométropole de Strasbourg,Ville Eurométropole de Strasbourg,Strasbourg,67076.0,67,"le délégataire devra assurer la poursuite et l'optimisation de l'exploitation actuelle de la chaufferie collective et du réseau de chaleur des quartiers de Hautepierre et Poteries à Strasbourg. Les moyens de production et de distribution de chaleur, existants, seront remis par l'eurométropole au délégataire. Il sera chargé: - de la production, la fourniture et la distribution de chaleur aux abonnés, - de la gestion, l'exploitation l'entretien, la maintenance et du renouvellement de l'ensemble des équipements, - de la gestion des relations avec les abonnés et la perception de redevances auprès des abonnés, - de la réalisation des contrôles techniques et réglementaires.","59,406",,,,,,2016-03-29,https://www.boamp.fr/pages/avis/?q=idweb:16-34822,0,eurometropole de strasbourg,3,2,0,534.0,matched_epci
16_34822,16-34822,Avis d'intention de conclure/,Ville Eurométropole de Strasbourg,Ville Eurométropole de Strasbourg,Strasbourg,67076.0,67,"le délégataire devra assurer la poursuite et l'optimisation de l'exploitation actuelle de la chaufferie collective et du réseau de chaleur des quartiers de Hautepierre et Poteries à Strasbourg. Les moyens de production et de distribution de chaleur, existants, seront remis par l'eurométropole au délégataire. Il sera chargé: - de la production, la fourniture et la distribution de chaleur aux abonnés, - de la gestion, l'exploitation l'entretien, la maintenance et du renouvellement de l'ensemble des équipements, - de la gestion des relations avec les abonnés et la perception de redevances auprès des abonnés, - de la réalisation des contrôles techniques et réglementaires.","59,406",,,,,,2016-03-29,https://www.boamp.fr/pages/avis/?q=idweb:16-34822,0,eurometropole de strasbourg,3,2,0,535.0,matched_epci
16_34822,16-34822,Avis d'intention de conclure/,Ville Eurométropole de Strasbourg,Ville Eurométropole de Strasbourg,Strasbourg,67076.0,67,"le délégataire devra assurer la poursuite et l'optimisation de l'exploitation actuelle de la chaufferie collective et du réseau de chaleur des quartiers de Hautepierre et Poteries à Strasbourg. Les moyens de production et de distribution de chaleur, existants, seront remis par l'eurométropole au délégataire. Il sera chargé: - de la production, la fourniture et la distribution de chaleur aux abonnés, - de la gestion, l'exploitation l'entretien, la maintenance et du renouvellement de l'ensemble des équipements, - de la gestion des relations avec les abonnés et la perception de redevances auprès des abonnés, - de la réalisation des contrôles techniques et réglementaires.","59,406",,,,,,2016-03-29,https://www.boamp.fr/pages/avis/?q=idweb:16-34822,0,eurometropole de strasbourg,3,2,0,536.0,matched_epci
16_34822,16-34822,Avis d'intention de conclure/,Ville Eurométropole de Strasbourg,Ville Eurométropole de Strasbourg,Strasbourg,67076.0,67,"le délégataire devra assurer la poursuite et l'optimisation de l'exploitation actuelle de la chaufferie collective et du réseau de chaleur des quartiers de Hautepierre et Poteries à Strasbourg. Les moyens de production et de distribution de chaleur, existants, seront remis par l'eurométropole au délégataire. Il sera chargé: - de la production, la fourniture et la distribution de chaleur aux abonnés, - de la gestion, l'exploitation l'entretien, la maintenance et du renouvellement de l'ensemble des équipements, - de la gestion des relations avec les abonnés et la perception de redevances auprès des abonnés, - de la réalisation des contrôles techniques et réglementaires.","59,406",,,,,,2016-03-29,https://www.boamp.fr/pages/avis/?q=idweb:16-34822,0,eurometropole de strasbourg,3,2,0,539.0,matched_epci
16_34822,16-34822,Avis d'intention de conclure/,Ville Eurométropole de Strasbourg,Ville Eurométropole de Strasbourg,Strasbourg,67076.0,67,"le délégataire devra assurer la poursuite et l'optimisation de l'exploitation actuelle de la chaufferie collective et du réseau de chaleur des quartiers de Hautepierre et Poteries à Strasbourg. Les moyens de production et de distribution de chaleur, existants, seront remis par l'eurométropole au délégataire. Il sera chargé: - de la production, la fourniture et la distribution de chaleur aux abonnés, - de la gestion, l'exploitation l'entretien, la maintenance et du renouvellement de l'ensemble des équipements, - de la gestion des relations avec les abonnés et la perception de redevances auprès des abonnés, - de la réalisation des contrôles techniques et réglementaires.","59,406",,,,,,2016-03-29,https://www.boamp.fr/pages/avis/?q=idweb:16-34822,0,eurometropole de strasbourg,3,2,0,542.0,matched_epci
16_34822,16-34822,Avis d'intention de conclure/,Ville Eurométropole de Strasbourg,Ville Eurométropole de Strasbourg,Strasbourg,67076.0,67,"le délégataire devra assurer la poursuite et l'optimisation de l'exploitation actuelle de la chaufferie collective et du réseau de chaleur des quartiers de Hautepierre et Poteries à Strasbourg. Les moyens de production et de distribution de chaleur, existants, seront remis par l'eurométropole au délégataire. Il sera chargé: - de la production, la fourniture et la distribution de chaleur aux abonnés, - de la gestion, l'exploitation l'entretien, la maintenance et du renouvellement de l'ensemble des équipements, - de la gestion des relations avec les abonnés et la perception de redevances auprès des abonnés, - de la réalisation des contrôles techniques et réglementaires.","59,406",,,,,,2016-03-29,https://www.boamp.fr/pages/avis/?q=idweb:16-34822,0,eurometropole de strasbourg,3,2,0,544.0,matched_epci
16_34822,16-34822,Avis d'intention de conclure/,Ville Eurométropole de Strasbourg,Ville Eurométropole de Strasbourg,Strasbourg,67076.0,67,"le délégataire devra assurer la poursuite et l'optimisation de l'exploitation actuelle de la chaufferie collective et du réseau de chaleur des quartiers de Hautepierre et Poteries à Strasbourg. Les moyens de production et de distribution de chaleur, existants, seront remis par l'eurométropole au délégataire. Il sera chargé: - de la production, la fourniture et la distribution de chaleur aux abonnés, - de la gestion, l'exploitation l'entretien, la maintenance et du renouvellement de l'ensemble des équipements, - de la gestion des relations avec les abonnés et la perception de redevances auprès des abonnés, - de la réalisation des contrôles techniques et réglementaires.","59,406",,,,,,2016-03-29,https://www.boamp.fr/pages/avis/?q=idweb:16-34822,0,eurometropole de strasbourg,3,2,0,545.0,matched_epci
16_34822,16-34822,Avis d'intention de conclure/,Ville Eurométropole de Strasbourg,Ville Eurométropole de Strasbourg,Strasbourg,67076.0,67,"le délégataire devra assurer la poursuite et l'optimisation de l'exploitation actuelle de la chaufferie collective et du réseau de chaleur des quartiers de Hautepierre et Poteries à Strasbourg. Les moyens de production et de distribution de chaleur, existants, seront remis par l'eurométropole au délégataire. Il sera chargé: - de la production, la fourniture et la distribution de chaleur aux abonnés, - de la gestion, l'exploitation l'entretien, la maintenance et du renouvellement de l'ensemble des équipements, - de la gestion des relations avec les abonnés et la perception de redevances auprès des abonnés, - de la réalisation des contrôles techniques et réglementaires.","59,406",,,,,,2016-03-29,https://www.boamp.fr/pages/avis/?q=idweb:16-34822,0,eurometropole de strasbourg,3,2,0,546.0,matched_epci
16_34822,16-34822,Avis d'intention de conclure/,Ville Eurométropole de Strasbourg,Ville Eurométropole de Strasbourg,Strasbourg,67076.0,67,"le délégataire devra assurer la poursuite et l'optimisation de l'exploitation actuelle de la chaufferie collective et du réseau de chaleur des quartiers de Hautepierre et Poteries à Strasbourg. Les moyens de production et de distribution de chaleur, existants, seront remis par l'eurométropole au délégataire. Il sera chargé: - de la production, la fourniture et la distribution de chaleur aux abonnés, - de la gestion, l'exploitation l'entretien, la maintenance et du renouvellement de l'ensemble des équipements, - de la gestion des relations avec les abonnés et la perception de redevances auprès des abonnés, - de la réalisation des contrôles techniques et réglementaires.","59,406",,,,,,2016-03-29,https://www.boamp.fr/pages/avis/?q=idweb:16-34822,0,eurometropole de strasbourg,3,2,0,547.0,matched_epci
16_34822,16-34822,Avis d'intention de conclure/,Ville Eurométropole de Strasbourg,Ville Eurométropole de Strasbourg,Strasbourg,67076.0,67,"le délégataire devra assurer la poursuite et l'optimisation de l'exploitation actuelle de la chaufferie collective et du réseau de chaleur des quartiers de Hautepierre et Poteries à Strasbourg. Les moyens de production et de distribution de chaleur, existants, seront remis par l'eurométropole au délégataire. Il sera chargé: - de la production, la fourniture et la distribution de chaleur aux abonnés, - de la gestion, l'exploitation l'entretien, la maintenance et du renouvellement de l'ensemble des équipements, - de la gestion des relations avec les abonnés et la perception de redevances auprès des abonnés, - de la réalisation des contrôles techniques et réglementaires.","59,406",,,,,,2016-03-29,https://www.boamp.fr/pages/avis/?q=idweb:16-34822,0,eurometropole de strasbourg,3,2,0,548.0,matched_epci
16_34822,16-34822,Avis d'intention de conclure/,Ville Eurométropole de Strasbourg,Ville Eurométropole de Strasbourg,Strasbourg,67076.0,67,"le délégataire devra assurer la poursuite et l'optimisation de l'exploitation actuelle de la chaufferie collective et du réseau de chaleur des quartiers de Hautepierre et Poteries à Strasbourg. Les moyens de production et de distribution de chaleur, existants, seront remis par l'eurométropole au délégataire. Il sera chargé: - de la production, la fourniture et la distribution de chaleur aux abonnés, - de la gestion, l'exploitation l'entretien, la maintenance et du renouvellement de l'ensemble des équipements, - de la gestion des relations avec les abonnés et la perception de redevances auprès des abonnés, - de la réalisation des contrôles techniques et réglementaires.","59,406",,,,,,2016-03-29,https://www.boamp.fr/pages/avis/?q=idweb:16-34822,0,eurometropole de strasbourg,3,2,0,550.0,matched_epci
16_34822,16-34822,Avis d'intention de conclure/,Ville Eurométropole de Strasbourg,Ville Eurométropole de Strasbourg,Strasbourg,67076.0,67,"le délégataire devra assurer la poursuite et l'optimisation de l'exploitation actuelle de la chaufferie collective et du réseau de chaleur des quartiers de Hautepierre et Poteries à Strasbourg. Les moyens de production et de distribution de chaleur, existants, seront remis par l'eurométropole au délégataire. Il sera chargé: - de la production, la fourniture et la distribution de chaleur aux abonnés, - de la gestion, l'exploitation l'entretien, la maintenance et du renouvellement de l'ensemble des équipements, - de la gestion des relations avec les abonnés et la perception de redevances auprès des abonnés, - de la réalisation des contrôles techniques et réglementaires.","59,406",,,,,,2016-03-29,https://www.boamp.fr/pages/avis/?q=idweb:16-34822,0,eurometropole de strasbourg,3,2,0,551.0,matched_epci
16_34822,16-34822,Avis d'intention de conclure/,Ville Eurométropole de Strasbourg,Ville Eurométropole de Strasbourg,Strasbourg,67076.0,67,"le délégataire devra assurer la poursuite et l'optimisation de l'exploitation actuelle de la chaufferie collective et du réseau de chaleur des quartiers de Hautepierre et Poteries à Strasbourg. Les moyens de production et de distribution de chaleur, existants, seront remis par l'eurométropole au délégataire. Il sera chargé: - de la production, la fourniture et la distribution de chaleur aux abonnés, - de la gestion, l'exploitation l'entretien, la maintenance et du renouvellement de l'ensemble des équipements, - de la gestion des relations avec les abonnés et la perception de redevances auprès des abonnés, - de la réalisation des contrôles techniques et réglementaires.","59,406",,,,,,2016-03-29,https://www.boamp.fr/pages/avis/?q=idweb:16-34822,0,eurometropole de strasbourg,3,2,0,552.0,matched_epci
16_34822,16-34822,Avis d'intention de conclure/,Ville Eurométropole de Strasbourg,Ville Eurométropole de Strasbourg,Strasbourg,67076.0,67,"le délégataire devra assurer la poursuite et l'optimisation de l'exploitation actuelle de la chaufferie collective et du réseau de chaleur des quartiers de Hautepierre et Poteries à Strasbourg. Les moyens de production et de distribution de chaleur, existants, seront remis par l'eurométropole au délégataire. Il sera chargé: - de la production, la fourniture et la distribution de chaleur aux abonnés, - de la gestion, l'exploitation l'entretien, la maintenance et du renouvellement de l'ensemble des équipements, - de la gestion des relations avec les abonnés et la perception de redevances auprès des abonnés, - de la réalisation des contrôles techniques et réglementaires.","59,406",,,,,,2016-03-29,https://www.boamp.fr/pages/avis/?q=idweb:16-34822,0,eurometropole de strasbourg,3,2,0,553.0,matched_epci
16_34822,16-34822,Avis d'intention de conclure/,Ville Eurométropole de Strasbourg,Ville Eurométropole de Strasbourg,Strasbourg,67076.0,67,"le délégataire devra assurer la poursuite et l'optimisation de l'exploitation actuelle de la chaufferie collective et du réseau de chaleur des quartiers de Hautepierre et Poteries à Strasbourg. Les moyens de production et de distribution de chaleur, existants, seront remis par l'eurométropole au délégataire. Il sera chargé: - de la production, la fourniture et la distribution de chaleur aux abonnés, - de la gestion, l'exploitation l'entretien, la maintenance et du renouvellement de l'ensemble des équipements, - de la gestion des relations avec les abonnés et la perception de redevances auprès des abonnés, - de la réalisation des contrôles techniques et réglementaires.","59,406",,,,,,2016-03-29,https://www.boamp.fr/pages/avis/?q=idweb:16-34822,0,eurometropole de strasbourg,3,2,0,554.0,matched_epci
16_34822,16-34822,Avis d'intention de conclure/,Ville Eurométropole de Strasbourg,Ville Eurométropole de Strasbourg,Strasbourg,67076.0,67,"le délégataire devra assurer la poursuite et l'optimisation de l'exploitation actuelle de la chaufferie collective et du réseau de chaleur des quartiers de Hautepierre et Poteries à Strasbourg. Les moyens de production et de distribution de chaleur, existants, seront remis par l'eurométropole au délégataire. Il sera chargé: - de la production, la fourniture et la distribution de chaleur aux abonnés, - de la gestion, l'exploitation l'entretien, la maintenance et du renouvellement de l'ensemble des équipements, - de la gestion des relations avec les abonnés et la perception de redevances auprès des abonnés, - de la réalisation des contrôles techniques et réglementaires.","59,406",,,,,,2016-03-29,https://www.boamp.fr/pages/avis/?q=idweb:16-34822,0,eurometropole de strasbourg,3,2,0,980.0,matched_epci
16_34822,16-34822,Avis d'intention de conclure/,Ville Eurométropole de Strasbourg,Ville Eurométropole de Strasbourg,Strasbourg,67076.0,67,"le délégataire devra assurer la poursuite et l'optimisation de l'exploitation actuelle de la chaufferie collective et du réseau de chaleur des quartiers de Hautepierre et Poteries à Strasbourg. Les moyens de production et de distribution de chaleur, existants, seront remis par l'eurométropole au délégataire. Il sera chargé: - de la production, la fourniture et la distribution de chaleur aux abonnés, - de la gestion, l'exploitation l'entretien, la maintenance et du renouvellement de l'ensemble des équipements, - de la gestion des relations avec les abonnés et la perception de redevances auprès des abonnés, - de la réalisation des contrôles techniques et réglementaires.","59,406",,,,,,2016-03-29,https://www.boamp.fr/pages/avis/?q=idweb:16-34822,0,eurometropole de strasbourg,3,2,0,981.0,matched_epci
16_34822,16-34822,Avis d'intention de conclure/,Ville Eurométropole de Strasbourg,Ville Eurométropole de Strasbourg,Strasbourg,67076.0,67,"le délégataire devra assurer la poursuite et l'optimisation de l'exploitation actuelle de la chaufferie collective et du réseau de chaleur des quartiers de Hautepierre et Poteries à Strasbourg. Les moyens de production et de distribution de chaleur, existants, seront remis par l'eurométropole au délégataire. Il sera chargé: - de la production, la fourniture et la distribution de chaleur aux abonnés, - de la gestion, l'exploitation l'entretien, la maintenance et du renouvellement de l'ensemble des équipements, - de la gestion des relations avec les abonnés et la perception de redevances auprès des abonnés, - de la réalisation des contrôles techniques et réglementaires.","59,406",,,,,,2016-03-29,https://www.boamp.fr/pages/avis/?q=idweb:16-34822,0,eurometropole de strasbourg,3,2,0,987.0,matched_epci
15_54543,15-54543,Résultat de marché/,Ville d'Evreux,Ville d'Evreux,Evreux,27000.0,27,"délégation de service public avec prise en charge par le délégataire de la part non amortie des investissements réalisés, en application des articles L. 1411-1 et suivants et R.1411-1 et suivants du Code général des collectivités territorialesLe délégataire sera rémunéré substantiellement par les ressources tirées de l'exploitation du service public du réseau de chaleur.Le Délégataire assurera à ses risques et périls les missions suivantes :- la production d'énergie calorifique (chaleur) à partir des chaufferies existantes ;- le transport et la distribution d'énergie calorifique jusqu'aux locaux des abonnés sur le périmètre délégué ;- la production d'eau de chauffage et d'eau chaude sanitaire pour tous usages dans les sous-stations des abonnés ;- la prise en charge, dans l'état où il se trouve, de l'ensemble des ouvrages et des équipements du réseau de chauffage urbain appartenant à la Ville d'evreux ; ces ouvrages concernent aussi bien les ouvrages existants, qui seront mis à la disposition du délégataire, que les ouvrages qui s'y ajouteront éventuellement, en cours de délégation ;- réaliser l'ensemble des contrôles techniques réglementaires nécessaires ;- gérer les relations avec les abonnés ;- conclure les polices d'abonnement et percevoir les redevances auprès des abonnés.","59,406",,,,,,2015-04-13,https://www.boamp.fr/pages/avis/?q=idweb:15-54543,0,evreux,1,2,0,147.0,matched_exact
18_30850,18-30850,Rectificatif/,VILLE DE FORBACH,VILLE DE FORBACH,FORBACH,57600.0,57,"La DSP concerne le transport et la distribution de chaleur sur le périmètre de la Ville de FORBACH. Le réseau de chaleur est alimenté en production à partir d'outils extérieurs au périmètre de la concession, propriété d'ENGIE COFELY, à savoir :- centrale biofely (cogénération biomasse)- chaufferie gaz fuel du Holweg",59,,,,,,2018-03-05,https://www.boamp.fr/pages/avis/?q=idweb:18-30850,0,forbach,2,2,0,426.0,matched_exact
16_116900,16-116900,Résultat de marché/,Grand Troyes,Grand Troyes,troyes,10000.0,10,Délégation de service public relative à la gestion du réseau de chaleur des Chartreux à Troyes,09323000,,,,,,2016-08-03,https://www.boamp.fr/pages/avis/?q=idweb:16-116900,0,grand troyes,1,2,0,,unmatched
16_179458,16-179458,Avis d'intention de conclure/,BORDEAUX METROPOLE,BORDEAUX METROPOLE,Bordeaux cedex,33076.0,33,"Le contrat de délégation de service public porte sur l'exploitation du service de fourniture de chaleur au sein du secteur de la Plaine Rive Droite, ainsi qu'à la conception et la réalisation des installations. Le contrat comporte également une option relative à la réalisation d'un réseau de froid et à l'exploitation d'un service public de fourniture de froid au sein du périmètre contractuel. L'Autorité Délégante décidera, en cours de contrat, de l'opportunité de lever ou non cette option.","59,61",,,,,,2016-12-20,https://www.boamp.fr/pages/avis/?q=idweb:16-179458,0,bordeaux metropole,3,1,0,179.0,matched_epci
16_179458,16-179458,Avis d'intention de conclure/,BORDEAUX METROPOLE,BORDEAUX METROPOLE,Bordeaux cedex,33076.0,33,"Le contrat de délégation de service public porte sur l'exploitation du service de fourniture de chaleur au sein du secteur de la Plaine Rive Droite, ainsi qu'à la conception et la réalisation des installations. Le contrat comporte également une option relative à la réalisation d'un réseau de froid et à l'exploitation d'un service public de fourniture de froid au sein du périmètre contractuel. L'Autorité Délégante décidera, en cours de contrat, de l'opportunité de lever ou non cette option.","59,61",,,,,,2016-12-20,https://www.boamp.fr/pages/avis/?q=idweb:16-179458,0,bordeaux metropole,3,1,0,180.0,matched_epci
16_179458,16-179458,Avis d'intention de conclure/,BORDEAUX METROPOLE,BORDEAUX METROPOLE,Bordeaux cedex,33076.0,33,"Le contrat de délégation de service public porte sur l'exploitation du service de fourniture de chaleur au sein du secteur de la Plaine Rive Droite, ainsi qu'à la conception et la réalisation des installations. Le contrat comporte également une option relative à la réalisation d'un réseau de froid et à l'exploitation d'un service public de fourniture de froid au sein du périmètre contractuel. L'Autorité Délégante décidera, en cours de contrat, de l'opportunité de lever ou non cette option.","59,61",,,,,,2016-12-20,https://www.boamp.fr/pages/avis/?q=idweb:16-179458,0,bordeaux metropole,3,1,0,181.0,matched_epci
16_179458,16-179458,Avis d'intention de conclure/,BORDEAUX METROPOLE,BORDEAUX METROPOLE,Bordeaux cedex,33076.0,33,"Le contrat de délégation de service public porte sur l'exploitation du service de fourniture de chaleur au sein du secteur de la Plaine Rive Droite, ainsi qu'à la conception et la réalisation des installations. Le contrat comporte également une option relative à la réalisation d'un réseau de froid et à l'exploitation d'un service public de fourniture de froid au sein du périmètre contractuel. L'Autorité Délégante décidera, en cours de contrat, de l'opportunité de lever ou non cette option.","59,61",,,,,,2016-12-20,https://www.boamp.fr/pages/avis/?q=idweb:16-179458,0,bordeaux metropole,3,1,0,183.0,matched_epci
16_179458,16-179458,Avis d'intention de conclure/,BORDEAUX METROPOLE,BORDEAUX METROPOLE,Bordeaux cedex,33076.0,33,"Le contrat de délégation de service public porte sur l'exploitation du service de fourniture de chaleur au sein du secteur de la Plaine Rive Droite, ainsi qu'à la conception et la réalisation des installations. Le contrat comporte également une option relative à la réalisation d'un réseau de froid et à l'exploitation d'un service public de fourniture de froid au sein du périmètre contractuel. L'Autorité Délégante décidera, en cours de contrat, de l'opportunité de lever ou non cette option.","59,61",,,,,,2016-12-20,https://www.boamp.fr/pages/avis/?q=idweb:16-179458,0,bordeaux metropole,3,1,0,184.0,matched_epci
16_179458,16-179458,Avis d'intention de conclure/,BORDEAUX METROPOLE,BORDEAUX METROPOLE,Bordeaux cedex,33076.0,33,"Le contrat de délégation de service public porte sur l'exploitation du service de fourniture de chaleur au sein du secteur de la Plaine Rive Droite, ainsi qu'à la conception et la réalisation des installations. Le contrat comporte également une option relative à la réalisation d'un réseau de froid et à l'exploitation d'un service public de fourniture de froid au sein du périmètre contractuel. L'Autorité Délégante décidera, en cours de contrat, de l'opportunité de lever ou non cette option.","59,61",,,,,,2016-12-20,https://www.boamp.fr/pages/avis/?q=idweb:16-179458,0,bordeaux metropole,3,1,0,185.0,matched_epci
16_179458,16-179458,Avis d'intention de conclure/,BORDEAUX METROPOLE,BORDEAUX METROPOLE,Bordeaux cedex,33076.0,33,"Le contrat de délégation de service public porte sur l'exploitation du service de fourniture de chaleur au sein du secteur de la Plaine Rive Droite, ainsi qu'à la conception et la réalisation des installations. Le contrat comporte également une option relative à la réalisation d'un réseau de froid et à l'exploitation d'un service public de fourniture de froid au sein du périmètre contractuel. L'Autorité Délégante décidera, en cours de contrat, de l'opportunité de lever ou non cette option.","59,61",,,,,,2016-12-20,https://www.boamp.fr/pages/avis/?q=idweb:16-179458,0,bordeaux metropole,3,1,0,186.0,matched_epci
16_179458,16-179458,Avis d'intention de conclure/,BORDEAUX METROPOLE,BORDEAUX METROPOLE,Bordeaux cedex,33076.0,33,"Le contrat de délégation de service public porte sur l'exploitation du service de fourniture de chaleur au sein du secteur de la Plaine Rive Droite, ainsi qu'à la conception et la réalisation des installations. Le contrat comporte également une option relative à la réalisation d'un réseau de froid et à l'exploitation d'un service public de fourniture de froid au sein du périmètre contractuel. L'Autorité Délégante décidera, en cours de contrat, de l'opportunité de lever ou non cette option.","59,61",,,,,,2016-12-20,https://www.boamp.fr/pages/avis/?q=idweb:16-179458,0,bordeaux metropole,3,1,0,187.0,matched_epci
16_179458,16-179458,Avis d'intention de conclure/,BORDEAUX METROPOLE,BORDEAUX METROPOLE,Bordeaux cedex,33076.0,33,"Le contrat de délégation de service public porte sur l'exploitation du service de fourniture de chaleur au sein du secteur de la Plaine Rive Droite, ainsi qu'à la conception et la réalisation des installations. Le contrat comporte également une option relative à la réalisation d'un réseau de froid et à l'exploitation d'un service public de fourniture de froid au sein du périmètre contractuel. L'Autorité Délégante décidera, en cours de contrat, de l'opportunité de lever ou non cette option.","59,61",,,,,,2016-12-20,https://www.boamp.fr/pages/avis/?q=idweb:16-179458,0,bordeaux metropole,3,1,0,189.0,matched_epci
16_179458,16-179458,Avis d'intention de conclure/,BORDEAUX METROPOLE,BORDEAUX METROPOLE,Bordeaux cedex,33076.0,33,"Le contrat de délégation de service public porte sur l'exploitation du service de fourniture de chaleur au sein du secteur de la Plaine Rive Droite, ainsi qu'à la conception et la réalisation des installations. Le contrat comporte également une option relative à la réalisation d'un réseau de froid et à l'exploitation d'un service public de fourniture de froid au sein du périmètre contractuel. L'Autorité Délégante décidera, en cours de contrat, de l'opportunité de lever ou non cette option.","59,61",,,,,,2016-12-20,https://www.boamp.fr/pages/avis/?q=idweb:16-179458,0,bordeaux metropole,3,1,0,190.0,matched_epci
16_179458,16-179458,Avis d'intention de conclure/,BORDEAUX METROPOLE,BORDEAUX METROPOLE,Bordeaux cedex,33076.0,33,"Le contrat de délégation de service public porte sur l'exploitation du service de fourniture de chaleur au sein du secteur de la Plaine Rive Droite, ainsi qu'à la conception et la réalisation des installations. Le contrat comporte également une option relative à la réalisation d'un réseau de froid et à l'exploitation d'un service public de fourniture de froid au sein du périmètre contractuel. L'Autorité Délégante décidera, en cours de contrat, de l'opportunité de lever ou non cette option.","59,61",,,,,,2016-12-20,https://www.boamp.fr/pages/avis/?q=idweb:16-179458,0,bordeaux metropole,3,1,0,191.0,matched_epci
16_179458,16-179458,Avis d'intention de conclure/,BORDEAUX METROPOLE,BORDEAUX METROPOLE,Bordeaux cedex,33076.0,33,"Le contrat de délégation de service public porte sur l'exploitation du service de fourniture de chaleur au sein du secteur de la Plaine Rive Droite, ainsi qu'à la conception et la réalisation des installations. Le contrat comporte également une option relative à la réalisation d'un réseau de froid et à l'exploitation d'un service public de fourniture de froid au sein du périmètre contractuel. L'Autorité Délégante décidera, en cours de contrat, de l'opportunité de lever ou non cette option.","59,61",,,,,,2016-12-20,https://www.boamp.fr/pages/avis/?q=idweb:16-179458,0,bordeaux metropole,3,1,0,192.0,matched_epci
16_179458,16-179458,Avis d'intention de conclure/,BORDEAUX METROPOLE,BORDEAUX METROPOLE,Bordeaux cedex,33076.0,33,"Le contrat de délégation de service public porte sur l'exploitation du service de fourniture de chaleur au sein du secteur de la Plaine Rive Droite, ainsi qu'à la conception et la réalisation des installations. Le contrat comporte également une option relative à la réalisation d'un réseau de froid et à l'exploitation d'un service public de fourniture de froid au sein du périmètre contractuel. L'Autorité Délégante décidera, en cours de contrat, de l'opportunité de lever ou non cette option.","59,61",,,,,,2016-12-20,https://www.boamp.fr/pages/avis/?q=idweb:16-179458,0,bordeaux metropole,3,1,0,193.0,matched_epci
16_179458,16-179458,Avis d'intention de conclure/,BORDEAUX METROPOLE,BORDEAUX METROPOLE,Bordeaux cedex,33076.0,33,"Le contrat de délégation de service public porte sur l'exploitation du service de fourniture de chaleur au sein du secteur de la Plaine Rive Droite, ainsi qu'à la conception et la réalisation des installations. Le contrat comporte également une option relative à la réalisation d'un réseau de froid et à l'exploitation d'un service public de fourniture de froid au sein du périmètre contractuel. L'Autorité Délégante décidera, en cours de contrat, de l'opportunité de lever ou non cette option.","59,61",,,,,,2016-12-20,https://www.boamp.fr/pages/avis/?q=idweb:16-179458,0,bordeaux metropole,3,1,0,194.0,matched_epci
16_179458,16-179458,Avis d'intention de conclure/,BORDEAUX METROPOLE,BORDEAUX METROPOLE,Bordeaux cedex,33076.0,33,"Le contrat de délégation de service public porte sur l'exploitation du service de fourniture de chaleur au sein du secteur de la Plaine Rive Droite, ainsi qu'à la conception et la réalisation des installations. Le contrat comporte également une option relative à la réalisation d'un réseau de froid et à l'exploitation d'un service public de fourniture de froid au sein du périmètre contractuel. L'Autorité Délégante décidera, en cours de contrat, de l'opportunité de lever ou non cette option.","59,61",,,,,,2016-12-20,https://www.boamp.fr/pages/avis/?q=idweb:16-179458,0,bordeaux metropole,3,1,0,195.0,matched_epci
16_179458,16-179458,Avis d'intention de conclure/,BORDEAUX METROPOLE,BORDEAUX METROPOLE,Bordeaux cedex,33076.0,33,"Le contrat de délégation de service public porte sur l'exploitation du service de fourniture de chaleur au sein du secteur de la Plaine Rive Droite, ainsi qu'à la conception et la réalisation des installations. Le contrat comporte également une option relative à la réalisation d'un réseau de froid et à l'exploitation d'un service public de fourniture de froid au sein du périmètre contractuel. L'Autorité Délégante décidera, en cours de contrat, de l'opportunité de lever ou non cette option.","59,61",,,,,,2016-12-20,https://www.boamp.fr/pages/avis/?q=idweb:16-179458,0,bordeaux metropole,3,1,0,608.0,matched_epci
16_179458,16-179458,Avis d'intention de conclure/,BORDEAUX METROPOLE,BORDEAUX METROPOLE,Bordeaux cedex,33076.0,33,"Le contrat de délégation de service public porte sur l'exploitation du service de fourniture de chaleur au sein du secteur de la Plaine Rive Droite, ainsi qu'à la conception et la réalisation des installations. Le contrat comporte également une option relative à la réalisation d'un réseau de froid et à l'exploitation d'un service public de fourniture de froid au sein du périmètre contractuel. L'Autorité Délégante décidera, en cours de contrat, de l'opportunité de lever ou non cette option.","59,61",,,,,,2016-12-20,https://www.boamp.fr/pages/avis/?q=idweb:16-179458,0,bordeaux metropole,3,1,0,920.0,matched_epci
16_58534,16-58534,Résultat de marché/,Ville de CLICHY LA GARENNE,Ville de CLICHY LA GARENNE,Clichy,92110.0,92,"La présente délégation a pour objet la production, le transport, la distribution et la vente d'énergie calorifique aux abonnés du réseau de chaleur sur le territoire de Clichy la Garenne. Les principales caractéristiques des prestations sont les suivantes : - l'exploitation et le maintien en parfait état de fonctionnement des ouvrages et équipements de production de chaleur, du réseau et des sous-stations jusqu'en limite de sous-station, - les travaux de maintenance, gros entretien et renouvellement des équipements existants et à construire, - l'installation de compteurs d'énergie en sous station, - la continuité de la fourniture d'énergie calorifique (chauffage et eau chaude sanitaire) - l'approvisionnement en énergies. Le délégataire fera son affaire de la contractualisation des approvisionnements d'énergie renouvelable et de récupération de manière à faire bénéficier aux abonnés d'une TVA réduite sur l'ensemble de la facture, - la gestion des relations contractuelles avec les abonnés et notamment la conclusion des polices d'abonnement avec ces derniers, - la facturation de la chaleur (R1 + R2) auprès des abonnés du service, la rémunération du délégataire sera substantiellement liée aux résultats de l'exploitation du service","59,406",,,,,,2016-04-25,https://www.boamp.fr/pages/avis/?q=idweb:16-58534,0,clichy la garenne,1,2,0,,unmatched
16_71877,16-71877,Résultat de marché/,Le Mans Métropole,Le Mans Métropole,Le Mans cedex 9,72039.0,72,la convention temporaire a pour objet :- de prolonger les engagements de la DSP initiale pour une durée de 7 mois et 26 jours jusqu'au 30 septembre 2016 ;- la prise en compte des nouvelles conditions du crédit-bail,"59,249",,,,,,2016-07-13,https://www.boamp.fr/pages/avis/?q=idweb:16-71877,0,le mans metropole,1,3,0,604.0,matched_epci
16_71877,16-71877,Résultat de marché/,Le Mans Métropole,Le Mans Métropole,Le Mans cedex 9,72039.0,72,la convention temporaire a pour objet :- de prolonger les engagements de la DSP initiale pour une durée de 7 mois et 26 jours jusqu'au 30 septembre 2016 ;- la prise en compte des nouvelles conditions du crédit-bail,"59,249",,,,,,2016-07-13,https://www.boamp.fr/pages/avis/?q=idweb:16-71877,0,le mans metropole,1,3,0,605.0,matched_epci
16_71877,16-71877,Résultat de marché/,Le Mans Métropole,Le Mans Métropole,Le Mans cedex 9,72039.0,72,la convention temporaire a pour objet :- de prolonger les engagements de la DSP initiale pour une durée de 7 mois et 26 jours jusqu'au 30 septembre 2016 ;- la prise en compte des nouvelles conditions du crédit-bail,"59,249",,,,,,2016-07-13,https://www.boamp.fr/pages/avis/?q=idweb:16-71877,0,le mans metropole,1,3,0,606.0,matched_epci
15_41206,15-41206,Avis d'intention de conclure/,Communauté Urbaine de Bordeaux,Communauté Urbaine de Bordeaux,Bordeaux,33076.0,33,"Le contrat de délégation de service public porte sur l'exploitation du service de production de transport et de distribution de chaleur au sein du quartier de Saint-Jean Belcier ainsi que sur une partie de conception et de réalisation des installations. L'offre retenue comporte également une option, que l'autorité délégante a levée, relative à la réalisation d'un réseau de froid et à l'exploitation du service public de production, de transport et de distribution de froid au sein de la zone d'aménagement concerté de Saint-Jean Belcier.",406,,,,,,2015-04-13,https://www.boamp.fr/pages/avis/?q=idweb:15-41206,0,bordeaux,3,1,0,179.0,matched_exact
15_41206,15-41206,Avis d'intention de conclure/,Communauté Urbaine de Bordeaux,Communauté Urbaine de Bordeaux,Bordeaux,33076.0,33,"Le contrat de délégation de service public porte sur l'exploitation du service de production de transport et de distribution de chaleur au sein du quartier de Saint-Jean Belcier ainsi que sur une partie de conception et de réalisation des installations. L'offre retenue comporte également une option, que l'autorité délégante a levée, relative à la réalisation d'un réseau de froid et à l'exploitation du service public de production, de transport et de distribution de froid au sein de la zone d'aménagement concerté de Saint-Jean Belcier.",406,,,,,,2015-04-13,https://www.boamp.fr/pages/avis/?q=idweb:15-41206,0,bordeaux,3,1,0,180.0,matched_exact
15_41206,15-41206,Avis d'intention de conclure/,Communauté Urbaine de Bordeaux,Communauté Urbaine de Bordeaux,Bordeaux,33076.0,33,"Le contrat de délégation de service public porte sur l'exploitation du service de production de transport et de distribution de chaleur au sein du quartier de Saint-Jean Belcier ainsi que sur une partie de conception et de réalisation des installations. L'offre retenue comporte également une option, que l'autorité délégante a levée, relative à la réalisation d'un réseau de froid et à l'exploitation du service public de production, de transport et de distribution de froid au sein de la zone d'aménagement concerté de Saint-Jean Belcier.",406,,,,,,2015-04-13,https://www.boamp.fr/pages/avis/?q=idweb:15-41206,0,bordeaux,3,1,0,184.0,matched_exact
15_41206,15-41206,Avis d'intention de conclure/,Communauté Urbaine de Bordeaux,Communauté Urbaine de Bordeaux,Bordeaux,33076.0,33,"Le contrat de délégation de service public porte sur l'exploitation du service de production de transport et de distribution de chaleur au sein du quartier de Saint-Jean Belcier ainsi que sur une partie de conception et de réalisation des installations. L'offre retenue comporte également une option, que l'autorité délégante a levée, relative à la réalisation d'un réseau de froid et à l'exploitation du service public de production, de transport et de distribution de froid au sein de la zone d'aménagement concerté de Saint-Jean Belcier.",406,,,,,,2015-04-13,https://www.boamp.fr/pages/avis/?q=idweb:15-41206,0,bordeaux,3,1,0,186.0,matched_exact
15_41206,15-41206,Avis d'intention de conclure/,Communauté Urbaine de Bordeaux,Communauté Urbaine de Bordeaux,Bordeaux,33076.0,33,"Le contrat de délégation de service public porte sur l'exploitation du service de production de transport et de distribution de chaleur au sein du quartier de Saint-Jean Belcier ainsi que sur une partie de conception et de réalisation des installations. L'offre retenue comporte également une option, que l'autorité délégante a levée, relative à la réalisation d'un réseau de froid et à l'exploitation du service public de production, de transport et de distribution de froid au sein de la zone d'aménagement concerté de Saint-Jean Belcier.",406,,,,,,2015-04-13,https://www.boamp.fr/pages/avis/?q=idweb:15-41206,0,bordeaux,3,1,0,187.0,matched_exact
15_41206,15-41206,Avis d'intention de conclure/,Communauté Urbaine de Bordeaux,Communauté Urbaine de Bordeaux,Bordeaux,33076.0,33,"Le contrat de délégation de service public porte sur l'exploitation du service de production de transport et de distribution de chaleur au sein du quartier de Saint-Jean Belcier ainsi que sur une partie de conception et de réalisation des installations. L'offre retenue comporte également une option, que l'autorité délégante a levée, relative à la réalisation d'un réseau de froid et à l'exploitation du service public de production, de transport et de distribution de froid au sein de la zone d'aménagement concerté de Saint-Jean Belcier.",406,,,,,,2015-04-13,https://www.boamp.fr/pages/avis/?q=idweb:15-41206,0,bordeaux,3,1,0,190.0,matched_exact
15_41206,15-41206,Avis d'intention de conclure/,Communauté Urbaine de Bordeaux,Communauté Urbaine de Bordeaux,Bordeaux,33076.0,33,"Le contrat de délégation de service public porte sur l'exploitation du service de production de transport et de distribution de chaleur au sein du quartier de Saint-Jean Belcier ainsi que sur une partie de conception et de réalisation des installations. L'offre retenue comporte également une option, que l'autorité délégante a levée, relative à la réalisation d'un réseau de froid et à l'exploitation du service public de production, de transport et de distribution de froid au sein de la zone d'aménagement concerté de Saint-Jean Belcier.",406,,,,,,2015-04-13,https://www.boamp.fr/pages/avis/?q=idweb:15-41206,0,bordeaux,3,1,0,191.0,matched_exact
16_160910,16-160910,Avis d'intention de conclure/,Amiens Métropole,Amiens Métropole,Ville d'Amiens,80027.0,80,"La consultation avait pour objet de sélectionner un ou des actionnaires économiques pour la constitution d'une société d'économie mixte à opération unique (SEMOP) et d'attribuer à cette dernière une délégation de service public pour la construction de moyens de production de la chaleur et la création des réseaux, ainsi que la gestion du service public de la chaleur et des réseaux de distribution de la chaleur.",61,,,,,,2016-11-09,https://www.boamp.fr/pages/avis/?q=idweb:16-160910,0,amiens metropole,3,1,0,692.0,matched_epci
16_160910,16-160910,Avis d'intention de conclure/,Amiens Métropole,Amiens Métropole,Ville d'Amiens,80027.0,80,"La consultation avait pour objet de sélectionner un ou des actionnaires économiques pour la constitution d'une société d'économie mixte à opération unique (SEMOP) et d'attribuer à cette dernière une délégation de service public pour la construction de moyens de production de la chaleur et la création des réseaux, ainsi que la gestion du service public de la chaleur et des réseaux de distribution de la chaleur.",61,,,,,,2016-11-09,https://www.boamp.fr/pages/avis/?q=idweb:16-160910,0,amiens metropole,3,1,0,693.0,matched_epci
16_160910,16-160910,Avis d'intention de conclure/,Amiens Métropole,Amiens Métropole,Ville d'Amiens,80027.0,80,"La consultation avait pour objet de sélectionner un ou des actionnaires économiques pour la constitution d'une société d'économie mixte à opération unique (SEMOP) et d'attribuer à cette dernière une délégation de service public pour la construction de moyens de production de la chaleur et la création des réseaux, ainsi que la gestion du service public de la chaleur et des réseaux de distribution de la chaleur.",61,,,,,,2016-11-09,https://www.boamp.fr/pages/avis/?q=idweb:16-160910,0,amiens metropole,3,1,0,1033.0,matched_epci
17_55999,17-55999,Avis d'intention de conclure/,Métropole de Lyon,Métropole de Lyon,Lyon Cedex 03,69505.0,69,"la conception, le financement, la réalisation, l'exploitation et la maintenance du service public de production et de distribution de chauffage urbain","59,60,61",,,,,,2017-05-22,https://www.boamp.fr/pages/avis/?q=idweb:17-55999,0,lyon,3,1,0,569.0,matched_epci
17_55999,17-55999,Avis d'intention de conclure/,Métropole de Lyon,Métropole de Lyon,Lyon Cedex 03,69505.0,69,"la conception, le financement, la réalisation, l'exploitation et la maintenance du service public de production et de distribution de chauffage urbain","59,60,61",,,,,,2017-05-22,https://www.boamp.fr/pages/avis/?q=idweb:17-55999,0,lyon,3,1,0,570.0,matched_epci
17_55999,17-55999,Avis d'intention de conclure/,Métropole de Lyon,Métropole de Lyon,Lyon Cedex 03,69505.0,69,"la conception, le financement, la réalisation, l'exploitation et la maintenance du service public de production et de distribution de chauffage urbain","59,60,61",,,,,,2017-05-22,https://www.boamp.fr/pages/avis/?q=idweb:17-55999,0,lyon,3,1,0,571.0,matched_epci
17_55999,17-55999,Avis d'intention de conclure/,Métropole de Lyon,Métropole de Lyon,Lyon Cedex 03,69505.0,69,"la conception, le financement, la réalisation, l'exploitation et la maintenance du service public de production et de distribution de chauffage urbain","59,60,61",,,,,,2017-05-22,https://www.boamp.fr/pages/avis/?q=idweb:17-55999,0,lyon,3,1,0,572.0,matched_epci
17_55999,17-55999,Avis d'intention de conclure/,Métropole de Lyon,Métropole de Lyon,Lyon Cedex 03,69505.0,69,"la conception, le financement, la réalisation, l'exploitation et la maintenance du service public de production et de distribution de chauffage urbain","59,60,61",,,,,,2017-05-22,https://www.boamp.fr/pages/avis/?q=idweb:17-55999,0,lyon,3,1,0,573.0,matched_epci
17_55999,17-55999,Avis d'intention de conclure/,Métropole de Lyon,Métropole de Lyon,Lyon Cedex 03,69505.0,69,"la conception, le financement, la réalisation, l'exploitation et la maintenance du service public de production et de distribution de chauffage urbain","59,60,61",,,,,,2017-05-22,https://www.boamp.fr/pages/avis/?q=idweb:17-55999,0,lyon,3,1,0,574.0,matched_epci
17_55999,17-55999,Avis d'intention de conclure/,Métropole de Lyon,Métropole de Lyon,Lyon Cedex 03,69505.0,69,"la conception, le financement, la réalisation, l'exploitation et la maintenance du service public de production et de distribution de chauffage urbain","59,60,61",,,,,,2017-05-22,https://www.boamp.fr/pages/avis/?q=idweb:17-55999,0,lyon,3,1,0,575.0,matched_epci
17_55999,17-55999,Avis d'intention de conclure/,Métropole de Lyon,Métropole de Lyon,Lyon Cedex 03,69505.0,69,"la conception, le financement, la réalisation, l'exploitation et la maintenance du service public de production et de distribution de chauffage urbain","59,60,61",,,,,,2017-05-22,https://www.boamp.fr/pages/avis/?q=idweb:17-55999,0,lyon,3,1,0,577.0,matched_epci
17_55999,17-55999,Avis d'intention de conclure/,Métropole de Lyon,Métropole de Lyon,Lyon Cedex 03,69505.0,69,"la conception, le financement, la réalisation, l'exploitation et la maintenance du service public de production et de distribution de chauffage urbain","59,60,61",,,,,,2017-05-22,https://www.boamp.fr/pages/avis/?q=idweb:17-55999,0,lyon,3,1,0,995.0,matched_epci
17_55999,17-55999,Avis d'intention de conclure/,Métropole de Lyon,Métropole de Lyon,Lyon Cedex 03,69505.0,69,"la conception, le financement, la réalisation, l'exploitation et la maintenance du service public de production et de distribution de chauffage urbain","59,60,61",,,,,,2017-05-22,https://www.boamp.fr/pages/avis/?q=idweb:17-55999,0,lyon,3,1,0,996.0,matched_epci
17_55999,17-55999,Avis d'intention de conclure/,Métropole de Lyon,Métropole de Lyon,Lyon Cedex 03,69505.0,69,"la conception, le financement, la réalisation, l'exploitation et la maintenance du service public de production et de distribution de chauffage urbain","59,60,61",,,,,,2017-05-22,https://www.boamp.fr/pages/avis/?q=idweb:17-55999,0,lyon,3,1,0,997.0,matched_epci
17_55999,17-55999,Avis d'intention de conclure/,Métropole de Lyon,Métropole de Lyon,Lyon Cedex 03,69505.0,69,"la conception, le financement, la réalisation, l'exploitation et la maintenance du service public de production et de distribution de chauffage urbain","59,60,61",,,,,,2017-05-22,https://www.boamp.fr/pages/avis/?q=idweb:17-55999,0,lyon,3,1,0,998.0,matched_epci
15_185854,15-185854,Résultat de marché/,Ville de Mâcon,Ville de Mâcon,Mâcon Cedex,71018.0,71,Chauffage urbain de la Ville de Mâcon,"59,406",,,,,,2015-12-14,https://www.boamp.fr/pages/avis/?q=idweb:15-185854,0,macon,1,1,0,602.0,matched_exact
23_83227,23-83227,Rectificatif/,MAZET ST VOY,MAZET ST VOY,MAZET ST VOY,43520.0,43,"Contrat de délégation de service public : réseaux de chaleur bois énergie (conception, réalisation, financement et exploitation des 4 réseaux de chaleur dont 3 existants)",45231112,,,,,,2023-06-16,https://www.boamp.fr/pages/avis/?q=idweb:23-83227,0,mazet st voy,2,2,0,,unmatched
16_117139,16-117139,Résultat de marché/,Ville de Blois,Ville de Blois,Blois Cedex,41012.0,41,Délégation de service public relative au réseau de chaleur des Provinces/Laplace,09323000,,,,,,2017-01-09,https://www.boamp.fr/pages/avis/?q=idweb:16-117139,0,blois,1,2,0,258.0,matched_exact
16_117139,16-117139,Résultat de marché/,Ville de Blois,Ville de Blois,Blois Cedex,41012.0,41,Délégation de service public relative au réseau de chaleur des Provinces/Laplace,09323000,,,,,,2017-01-09,https://www.boamp.fr/pages/avis/?q=idweb:16-117139,0,blois,1,2,0,261.0,matched_exact
16_100317,16-100317,Résultat de marché/,ville de montbeliard,ville de montbeliard,Montbéliard Cedex,25205.0,25,"Le futur contrat de délégation de service public portera sur l'exploitation du service de production, de transport et de fourniture de chaleur de la Ville ainsi que sur une partie de la conception et de la réalisation des installations notamment du renouvellement des réseaux.","59,406",,,,,,2016-07-06,https://www.boamp.fr/pages/avis/?q=idweb:16-100317,0,montbeliard,1,3,0,132.0,matched_exact
15_103045,15-103045,Avis d'intention de conclure/,Ville de Vigneux sur Seine,Ville de Vigneux sur Seine,vigneux sur seine,91270.0,91,"Délégation de service public concernant la production, l'exploitation et la distribution du réseau de chaleur par géothermie sur le territoire de la Ville de Vigneux-sur-Seine","59,406,452",,,,,,2016-07-29,https://www.boamp.fr/pages/avis/?q=idweb:15-103045,0,vigneux sur seine,3,1,0,750.0,matched_exact
