publication_number,publication_date,buyer_name,contract_nature,notice_title,lien,acheteur_norm,Identifiant reseau
353898-2016,2016-10-11,Métropole de Lyon,services,France-Lyon: Chauffage urbain,https://ted.europa.eu/fr/notice/-/detail/353898-2016,lyon,6901C
353898-2016,2016-10-11,Métropole de Lyon,services,France-Lyon: Chauffage urbain,https://ted.europa.eu/fr/notice/-/detail/353898-2016,lyon,6904C
353898-2016,2016-10-11,Métropole de Lyon,services,France-Lyon: Chauffage urbain,https://ted.europa.eu/fr/notice/-/detail/353898-2016,lyon,6905C
353898-2016,2016-10-11,Métropole de Lyon,services,France-Lyon: Chauffage urbain,https://ted.europa.eu/fr/notice/-/detail/353898-2016,lyon,6906C
353898-2016,2016-10-11,Métropole de Lyon,services,France-Lyon: Chauffage urbain,https://ted.europa.eu/fr/notice/-/detail/353898-2016,lyon,6912C
353898-2016,2016-10-11,Métropole de Lyon,services,France-Lyon: Chauffage urbain,https://ted.europa.eu/fr/notice/-/detail/353898-2016,lyon,6915C
353898-2016,2016-10-11,Métropole de Lyon,services,France-Lyon: Chauffage urbain,https://ted.europa.eu/fr/notice/-/detail/353898-2016,lyon,6923C
353898-2016,2016-10-11,Métropole de Lyon,services,France-Lyon: Chauffage urbain,https://ted.europa.eu/fr/notice/-/detail/353898-2016,lyon,6930C
353898-2016,2016-10-11,Métropole de Lyon,services,France-Lyon: Chauffage urbain,https://ted.europa.eu/fr/notice/-/detail/353898-2016,lyon,6902C
353898-2016,2016-10-11,Métropole de Lyon,services,France-Lyon: Chauffage urbain,https://ted.europa.eu/fr/notice/-/detail/353898-2016,lyon,6908C
353898-2016,2016-10-11,Métropole de Lyon,services,France-Lyon: Chauffage urbain,https://ted.europa.eu/fr/notice/-/detail/353898-2016,lyon,6914C
353898-2016,2016-10-11,Métropole de Lyon,services,France-Lyon: Chauffage urbain,https://ted.europa.eu/fr/notice/-/detail/353898-2016,lyon,6921C
358313-2016,2016-10-14,Ville de Brive-la-Gaillarde,supplies,France-Brive-la-Gaillarde: Chauffage urbain,https://ted.europa.eu/fr/notice/-/detail/358313-2016,brive la gaillarde,1907C
382082-2016,2016-10-29,Brest Métropole,works,France-Brest: Chauffage urbain,https://ted.europa.eu/fr/notice/-/detail/382082-2016,brest metropole,2901C
382082-2016,2016-10-29,Brest Métropole,works,France-Brest: Chauffage urbain,https://ted.europa.eu/fr/notice/-/detail/382082-2016,brest metropole,2902C
382082-2016,2016-10-29,Brest Métropole,works,France-Brest: Chauffage urbain,https://ted.europa.eu/fr/notice/-/detail/382082-2016,brest metropole,2905C
428005-2016,2016-12-06,Communauté urbaine du Grand Nancy,works,France-Nancy: Travaux routiers,https://ted.europa.eu/fr/notice/-/detail/428005-2016,u grand nancy,5401C
428005-2016,2016-12-06,Communauté urbaine du Grand Nancy,works,France-Nancy: Travaux routiers,https://ted.europa.eu/fr/notice/-/detail/428005-2016,u grand nancy,5403C
428005-2016,2016-12-06,Communauté urbaine du Grand Nancy,works,France-Nancy: Travaux routiers,https://ted.europa.eu/fr/notice/-/detail/428005-2016,u grand nancy,5407C
428005-2016,2016-12-06,Communauté urbaine du Grand Nancy,works,France-Nancy: Travaux routiers,https://ted.europa.eu/fr/notice/-/detail/428005-2016,u grand nancy,5410C
428005-2016,2016-12-06,Communauté urbaine du Grand Nancy,works,France-Nancy: Travaux routiers,https://ted.europa.eu/fr/notice/-/detail/428005-2016,u grand nancy,5411C
428005-2016,2016-12-06,Communauté urbaine du Grand Nancy,works,France-Nancy: Travaux routiers,https://ted.europa.eu/fr/notice/-/detail/428005-2016,u grand nancy,5413C
438046-2016,2016-12-13,Ville de Blois,services,France-Blois: Chauffage urbain,https://ted.europa.eu/fr/notice/-/detail/438046-2016,blois,4101C
438046-2016,2016-12-13,Ville de Blois,services,France-Blois: Chauffage urbain,https://ted.europa.eu/fr/notice/-/detail/438046-2016,blois,4106C
443429-2016,2016-12-16,Ville d'Orléans,services,France-Orléans: Services de réparation et d'entretien de chauffage central,https://ted.europa.eu/fr/notice/-/detail/443429-2016,orleans,4501C
443429-2016,2016-12-16,Ville d'Orléans,services,France-Orléans: Services de réparation et d'entretien de chauffage central,https://ted.europa.eu/fr/notice/-/detail/443429-2016,orleans,4503C
446041-2016,2016-12-17,Ville de Blois,services,France-Blois: Chauffage urbain,https://ted.europa.eu/fr/notice/-/detail/446041-2016,blois,4101C
446041-2016,2016-12-17,Ville de Blois,services,France-Blois: Chauffage urbain,https://ted.europa.eu/fr/notice/-/detail/446041-2016,blois,4106C
450976-2016,2016-12-22,Nantes Métropole,works,France-Nantes: Chauffage urbain,https://ted.europa.eu/fr/notice/-/detail/450976-2016,nantes metropole,4401C
450976-2016,2016-12-22,Nantes Métropole,works,France-Nantes: Chauffage urbain,https://ted.europa.eu/fr/notice/-/detail/450976-2016,nantes metropole,4403C
450976-2016,2016-12-22,Nantes Métropole,works,France-Nantes: Chauffage urbain,https://ted.europa.eu/fr/notice/-/detail/450976-2016,nantes metropole,4405C
450976-2016,2016-12-22,Nantes Métropole,works,France-Nantes: Chauffage urbain,https://ted.europa.eu/fr/notice/-/detail/450976-2016,nantes metropole,4406C
450976-2016,2016-12-22,Nantes Métropole,works,France-Nantes: Chauffage urbain,https://ted.europa.eu/fr/notice/-/detail/450976-2016,nantes metropole,4407C
450976-2016,2016-12-22,Nantes Métropole,works,France-Nantes: Chauffage urbain,https://ted.europa.eu/fr/notice/-/detail/450976-2016,nantes metropole,4408C
450976-2016,2016-12-22,Nantes Métropole,works,France-Nantes: Chauffage urbain,https://ted.europa.eu/fr/notice/-/detail/450976-2016,nantes metropole,4410C
450976-2016,2016-12-22,Nantes Métropole,works,France-Nantes: Chauffage urbain,https://ted.europa.eu/fr/notice/-/detail/450976-2016,nantes metropole,4411C
461621-2016,2016-12-28,Ville de Courbevoie,services,France-Courbevoie: Chauffage urbain,https://ted.europa.eu/fr/notice/-/detail/461621-2016,courbevoie,9224C
461621-2016,2016-12-28,Ville de Courbevoie,services,France-Courbevoie: Chauffage urbain,https://ted.europa.eu/fr/notice/-/detail/461621-2016,courbevoie,9225C
9052-2017,2017-01-10,Mairie de Blois,services,France-Blois: Chauffage urbain,https://ted.europa.eu/fr/notice/-/detail/9052-2017,blois,4101C
9052-2017,2017-01-10,Mairie de Blois,services,France-Blois: Chauffage urbain,https://ted.europa.eu/fr/notice/-/detail/9052-2017,blois,4106C
30232-2017,2017-01-26,Nantes Métropole,works,France-Nantes: Chauffage urbain,https://ted.europa.eu/fr/notice/-/detail/30232-2017,nantes metropole,4401C
30232-2017,2017-01-26,Nantes Métropole,works,France-Nantes: Chauffage urbain,https://ted.europa.eu/fr/notice/-/detail/30232-2017,nantes metropole,4403C
30232-2017,2017-01-26,Nantes Métropole,works,France-Nantes: Chauffage urbain,https://ted.europa.eu/fr/notice/-/detail/30232-2017,nantes metropole,4405C
30232-2017,2017-01-26,Nantes Métropole,works,France-Nantes: Chauffage urbain,https://ted.europa.eu/fr/notice/-/detail/30232-2017,nantes metropole,4406C
30232-2017,2017-01-26,Nantes Métropole,works,France-Nantes: Chauffage urbain,https://ted.europa.eu/fr/notice/-/detail/30232-2017,nantes metropole,4407C
30232-2017,2017-01-26,Nantes Métropole,works,France-Nantes: Chauffage urbain,https://ted.europa.eu/fr/notice/-/detail/30232-2017,nantes metropole,4408C
30232-2017,2017-01-26,Nantes Métropole,works,France-Nantes: Chauffage urbain,https://ted.europa.eu/fr/notice/-/detail/30232-2017,nantes metropole,4410C
30232-2017,2017-01-26,Nantes Métropole,works,France-Nantes: Chauffage urbain,https://ted.europa.eu/fr/notice/-/detail/30232-2017,nantes metropole,4411C
32345-2017,2017-01-27,Ville de la Seyne-sur-Mer,services,France-La Seyne-sur-Mer: Chauffage urbain,https://ted.europa.eu/fr/notice/-/detail/32345-2017,la seyne sur mer,8304C
32345-2017,2017-01-27,Ville de la Seyne-sur-Mer,services,France-La Seyne-sur-Mer: Chauffage urbain,https://ted.europa.eu/fr/notice/-/detail/32345-2017,la seyne sur mer,8307C
34089-2017,2017-01-28,Ville de Béthune,services,France-Béthune: Chauffage urbain,https://ted.europa.eu/fr/notice/-/detail/34089-2017,bethune,2701C
34089-2017,2017-01-28,Ville de Béthune,services,France-Béthune: Chauffage urbain,https://ted.europa.eu/fr/notice/-/detail/34089-2017,bethune,6204C
34567-2017,2017-01-28,Ville de Sainte-Ménehould,services,France-Sainte-Ménehould: Délégation de service public du chauffage urbain de Sainte-Ménehould,https://ted.europa.eu/fr/notice/-/detail/34567-2017,sainte menehould,5109C
42569-2017,2017-02-03,Ville de Béthune,services,France-Béthune: Chauffage urbain,https://ted.europa.eu/fr/notice/-/detail/42569-2017,bethune,2701C
42569-2017,2017-02-03,Ville de Béthune,services,France-Béthune: Chauffage urbain,https://ted.europa.eu/fr/notice/-/detail/42569-2017,bethune,6204C
44975-2017,2017-02-04,Ville de Brive-la-Gaillarde,services,France-Brive-la-Gaillarde: Délégation de service public pour la construction et l'exploitation d'un réseau de chaleur biomasse,https://ted.europa.eu/fr/notice/-/detail/44975-2017,brive la gaillarde,1907C
71167-2017,2017-02-24,CA Val d'Europe agglomération,services,France-Marne-la-Vallée: Chauffage urbain,https://ted.europa.eu/fr/notice/-/detail/71167-2017,val d europe agglomeration,7721C
71167-2017,2017-02-24,CA Val d'Europe agglomération,services,France-Marne-la-Vallée: Chauffage urbain,https://ted.europa.eu/fr/notice/-/detail/71167-2017,val d europe agglomeration,7722C
71167-2017,2017-02-24,CA Val d'Europe agglomération,services,France-Marne-la-Vallée: Chauffage urbain,https://ted.europa.eu/fr/notice/-/detail/71167-2017,val d europe agglomeration,7723C
71167-2017,2017-02-24,CA Val d'Europe agglomération,services,France-Marne-la-Vallée: Chauffage urbain,https://ted.europa.eu/fr/notice/-/detail/71167-2017,val d europe agglomeration,7729C
71167-2017,2017-02-24,CA Val d'Europe agglomération,services,France-Marne-la-Vallée: Chauffage urbain,https://ted.europa.eu/fr/notice/-/detail/71167-2017,val d europe agglomeration,7725C
108501-2017,2017-03-23,Métropole Nice Côte d'Azur,services,France-Nice: Services de gestion de l'énergie,https://ted.europa.eu/fr/notice/-/detail/108501-2017,nice cote d azur,0602C
108501-2017,2017-03-23,Métropole Nice Côte d'Azur,services,France-Nice: Services de gestion de l'énergie,https://ted.europa.eu/fr/notice/-/detail/108501-2017,nice cote d azur,0606C
108501-2017,2017-03-23,Métropole Nice Côte d'Azur,services,France-Nice: Services de gestion de l'énergie,https://ted.europa.eu/fr/notice/-/detail/108501-2017,nice cote d azur,0609C
108501-2017,2017-03-23,Métropole Nice Côte d'Azur,services,France-Nice: Services de gestion de l'énergie,https://ted.europa.eu/fr/notice/-/detail/108501-2017,nice cote d azur,0605C
108501-2017,2017-03-23,Métropole Nice Côte d'Azur,services,France-Nice: Services de gestion de l'énergie,https://ted.europa.eu/fr/notice/-/detail/108501-2017,nice cote d azur,0611C
129126-2017,2017-04-06,Ville de Colmar,services,France-Colmar: Chauffage urbain,https://ted.europa.eu/fr/notice/-/detail/129126-2017,colmar,6801C
130991-2017,2017-04-07,Métropole Rouen Normandie,services,France-Rouen: Chauffage urbain,https://ted.europa.eu/fr/notice/-/detail/130991-2017,rouen normandie,7601C
130991-2017,2017-04-07,Métropole Rouen Normandie,services,France-Rouen: Chauffage urbain,https://ted.europa.eu/fr/notice/-/detail/130991-2017,rouen normandie,7605C
130991-2017,2017-04-07,Métropole Rouen Normandie,services,France-Rouen: Chauffage urbain,https://ted.europa.eu/fr/notice/-/detail/130991-2017,rouen normandie,7606C
130991-2017,2017-04-07,Métropole Rouen Normandie,services,France-Rouen: Chauffage urbain,https://ted.europa.eu/fr/notice/-/detail/130991-2017,rouen normandie,7607C
130991-2017,2017-04-07,Métropole Rouen Normandie,services,France-Rouen: Chauffage urbain,https://ted.europa.eu/fr/notice/-/detail/130991-2017,rouen normandie,7608C
130991-2017,2017-04-07,Métropole Rouen Normandie,services,France-Rouen: Chauffage urbain,https://ted.europa.eu/fr/notice/-/detail/130991-2017,rouen normandie,7612C
130991-2017,2017-04-07,Métropole Rouen Normandie,services,France-Rouen: Chauffage urbain,https://ted.europa.eu/fr/notice/-/detail/130991-2017,rouen normandie,7614C
130991-2017,2017-04-07,Métropole Rouen Normandie,services,France-Rouen: Chauffage urbain,https://ted.europa.eu/fr/notice/-/detail/130991-2017,rouen normandie,7615C
130991-2017,2017-04-07,Métropole Rouen Normandie,services,France-Rouen: Chauffage urbain,https://ted.europa.eu/fr/notice/-/detail/130991-2017,rouen normandie,7619C
130991-2017,2017-04-07,Métropole Rouen Normandie,services,France-Rouen: Chauffage urbain,https://ted.europa.eu/fr/notice/-/detail/130991-2017,rouen normandie,7620C
140302-2017,2017-04-13,Ville de Besançon,services,France-Besançon: Chauffage urbain,https://ted.europa.eu/fr/notice/-/detail/140302-2017,besancon,2501C
140302-2017,2017-04-13,Ville de Besançon,services,France-Besançon: Chauffage urbain,https://ted.europa.eu/fr/notice/-/detail/140302-2017,besancon,2506C
143338-2017,2017-04-14,Brest Métropole,services,France-Brest: Chauffage urbain,https://ted.europa.eu/fr/notice/-/detail/143338-2017,brest metropole,2901C
143338-2017,2017-04-14,Brest Métropole,services,France-Brest: Chauffage urbain,https://ted.europa.eu/fr/notice/-/detail/143338-2017,brest metropole,2902C
143338-2017,2017-04-14,Brest Métropole,services,France-Brest: Chauffage urbain,https://ted.europa.eu/fr/notice/-/detail/143338-2017,brest metropole,2905C
147602-2017,2017-04-19,Grenoble Alpes Métropole,works,France-Grenoble: Chauffage urbain,https://ted.europa.eu/fr/notice/-/detail/147602-2017,grenoble alpes metropole,3802C
147602-2017,2017-04-19,Grenoble Alpes Métropole,works,France-Grenoble: Chauffage urbain,https://ted.europa.eu/fr/notice/-/detail/147602-2017,grenoble alpes metropole,3820C
147602-2017,2017-04-19,Grenoble Alpes Métropole,works,France-Grenoble: Chauffage urbain,https://ted.europa.eu/fr/notice/-/detail/147602-2017,grenoble alpes metropole,3821C
147602-2017,2017-04-19,Grenoble Alpes Métropole,works,France-Grenoble: Chauffage urbain,https://ted.europa.eu/fr/notice/-/detail/147602-2017,grenoble alpes metropole,3827C
147602-2017,2017-04-19,Grenoble Alpes Métropole,works,France-Grenoble: Chauffage urbain,https://ted.europa.eu/fr/notice/-/detail/147602-2017,grenoble alpes metropole,3829C
147602-2017,2017-04-19,Grenoble Alpes Métropole,works,France-Grenoble: Chauffage urbain,https://ted.europa.eu/fr/notice/-/detail/147602-2017,grenoble alpes metropole,3801C
166481-2017,2017-05-03,Grenoble Alpes Métropole,works,France-Grenoble: Chauffage urbain,https://ted.europa.eu/fr/notice/-/detail/166481-2017,grenoble alpes metropole,3802C
166481-2017,2017-05-03,Grenoble Alpes Métropole,works,France-Grenoble: Chauffage urbain,https://ted.europa.eu/fr/notice/-/detail/166481-2017,grenoble alpes metropole,3820C
166481-2017,2017-05-03,Grenoble Alpes Métropole,works,France-Grenoble: Chauffage urbain,https://ted.europa.eu/fr/notice/-/detail/166481-2017,grenoble alpes metropole,3821C
166481-2017,2017-05-03,Grenoble Alpes Métropole,works,France-Grenoble: Chauffage urbain,https://ted.europa.eu/fr/notice/-/detail/166481-2017,grenoble alpes metropole,3827C
166481-2017,2017-05-03,Grenoble Alpes Métropole,works,France-Grenoble: Chauffage urbain,https://ted.europa.eu/fr/notice/-/detail/166481-2017,grenoble alpes metropole,3829C
166481-2017,2017-05-03,Grenoble Alpes Métropole,works,France-Grenoble: Chauffage urbain,https://ted.europa.eu/fr/notice/-/detail/166481-2017,grenoble alpes metropole,3801C
178130-2017,2017-05-11,Ville d'Issoudun,works,France-Issoudun: Chauffage urbain,https://ted.europa.eu/fr/notice/-/detail/178130-2017,issoudun,3605C
199378-2017,2017-05-26,Ville de Saint-Affrique,works,France-Saint-Affrique: Chauffage urbain,https://ted.europa.eu/fr/notice/-/detail/199378-2017,saint affrique,1207C
205657-2017,2017-05-31,Commune d'Ambert,services,"France-Ambert: Services de réparation et d'entretien de pompes, de vannes, de robinets, de conteneurs en métal et de machines",https://ted.europa.eu/fr/notice/-/detail/205657-2017,ambert,6310C
213758-2017,2017-06-03,Communauté Urbaine de Dunkerque,services,France-Dunkerque: Chauffage urbain,https://ted.europa.eu/fr/notice/-/detail/213758-2017,dunkerque,5914C
213758-2017,2017-06-03,Communauté Urbaine de Dunkerque,services,France-Dunkerque: Chauffage urbain,https://ted.europa.eu/fr/notice/-/detail/213758-2017,dunkerque,5920C
220148-2017,2017-06-09,Métropole de Lyon,services,France-Lyon: Chauffage urbain,https://ted.europa.eu/fr/notice/-/detail/220148-2017,lyon,6901C
220148-2017,2017-06-09,Métropole de Lyon,services,France-Lyon: Chauffage urbain,https://ted.europa.eu/fr/notice/-/detail/220148-2017,lyon,6904C
220148-2017,2017-06-09,Métropole de Lyon,services,France-Lyon: Chauffage urbain,https://ted.europa.eu/fr/notice/-/detail/220148-2017,lyon,6905C
220148-2017,2017-06-09,Métropole de Lyon,services,France-Lyon: Chauffage urbain,https://ted.europa.eu/fr/notice/-/detail/220148-2017,lyon,6906C
220148-2017,2017-06-09,Métropole de Lyon,services,France-Lyon: Chauffage urbain,https://ted.europa.eu/fr/notice/-/detail/220148-2017,lyon,6912C
220148-2017,2017-06-09,Métropole de Lyon,services,France-Lyon: Chauffage urbain,https://ted.europa.eu/fr/notice/-/detail/220148-2017,lyon,6915C
220148-2017,2017-06-09,Métropole de Lyon,services,France-Lyon: Chauffage urbain,https://ted.europa.eu/fr/notice/-/detail/220148-2017,lyon,6923C
220148-2017,2017-06-09,Métropole de Lyon,services,France-Lyon: Chauffage urbain,https://ted.europa.eu/fr/notice/-/detail/220148-2017,lyon,6930C
220148-2017,2017-06-09,Métropole de Lyon,services,France-Lyon: Chauffage urbain,https://ted.europa.eu/fr/notice/-/detail/220148-2017,lyon,6902C
220148-2017,2017-06-09,Métropole de Lyon,services,France-Lyon: Chauffage urbain,https://ted.europa.eu/fr/notice/-/detail/220148-2017,lyon,6908C
220148-2017,2017-06-09,Métropole de Lyon,services,France-Lyon: Chauffage urbain,https://ted.europa.eu/fr/notice/-/detail/220148-2017,lyon,6914C
220148-2017,2017-06-09,Métropole de Lyon,services,France-Lyon: Chauffage urbain,https://ted.europa.eu/fr/notice/-/detail/220148-2017,lyon,6921C
233051-2017,2017-06-20,Commune de Nantes,works,France-Nantes: Chauffage urbain,https://ted.europa.eu/fr/notice/-/detail/233051-2017,nantes,4401C
233051-2017,2017-06-20,Commune de Nantes,works,France-Nantes: Chauffage urbain,https://ted.europa.eu/fr/notice/-/detail/233051-2017,nantes,4403C
233051-2017,2017-06-20,Commune de Nantes,works,France-Nantes: Chauffage urbain,https://ted.europa.eu/fr/notice/-/detail/233051-2017,nantes,4405C
233051-2017,2017-06-20,Commune de Nantes,works,France-Nantes: Chauffage urbain,https://ted.europa.eu/fr/notice/-/detail/233051-2017,nantes,4410C
233051-2017,2017-06-20,Commune de Nantes,works,France-Nantes: Chauffage urbain,https://ted.europa.eu/fr/notice/-/detail/233051-2017,nantes,4411C
233943-2017,2017-06-20,Ville d'Aurillac,services,France-Aurillac: Chauffage urbain,https://ted.europa.eu/fr/notice/-/detail/233943-2017,aurillac,1501C
233943-2017,2017-06-20,Ville d'Aurillac,services,France-Aurillac: Chauffage urbain,https://ted.europa.eu/fr/notice/-/detail/233943-2017,aurillac,1511C
250436-2017,2017-06-30,Ville de Limoges,services,France-Limoges: Chauffage urbain,https://ted.europa.eu/fr/notice/-/detail/250436-2017,limoges,8701C
250436-2017,2017-06-30,Ville de Limoges,services,France-Limoges: Chauffage urbain,https://ted.europa.eu/fr/notice/-/detail/250436-2017,limoges,8702C
250436-2017,2017-06-30,Ville de Limoges,services,France-Limoges: Chauffage urbain,https://ted.europa.eu/fr/notice/-/detail/250436-2017,limoges,8704C
288524-2017,2017-07-25,Métropole Nice Côte-d'Azur,services,France-Nice: Chauffage urbain,https://ted.europa.eu/fr/notice/-/detail/288524-2017,nice cote d azur,0602C
288524-2017,2017-07-25,Métropole Nice Côte-d'Azur,services,France-Nice: Chauffage urbain,https://ted.europa.eu/fr/notice/-/detail/288524-2017,nice cote d azur,0606C
288524-2017,2017-07-25,Métropole Nice Côte-d'Azur,services,France-Nice: Chauffage urbain,https://ted.europa.eu/fr/notice/-/detail/288524-2017,nice cote d azur,0609C
288524-2017,2017-07-25,Métropole Nice Côte-d'Azur,services,France-Nice: Chauffage urbain,https://ted.europa.eu/fr/notice/-/detail/288524-2017,nice cote d azur,0605C
288524-2017,2017-07-25,Métropole Nice Côte-d'Azur,services,France-Nice: Chauffage urbain,https://ted.europa.eu/fr/notice/-/detail/288524-2017,nice cote d azur,0611C
288927-2017,2017-07-25,Commune d'Argentan,services,France-Argentan: Chauffage urbain,https://ted.europa.eu/fr/notice/-/detail/288927-2017,argentan,6103C
290330-2017,2017-07-26,Ville d'Orléans,services,France-Orléans: Services de réparation et d'entretien de chauffage central,https://ted.europa.eu/fr/notice/-/detail/290330-2017,orleans,4501C
290330-2017,2017-07-26,Ville d'Orléans,services,France-Orléans: Services de réparation et d'entretien de chauffage central,https://ted.europa.eu/fr/notice/-/detail/290330-2017,orleans,4503C
313528-2017,2017-08-09,Communauté urbaine Toulouse Métropole,works,France-Toulouse: Chauffage urbain,https://ted.europa.eu/fr/notice/-/detail/313528-2017,toulouse metropole,3101C
313528-2017,2017-08-09,Communauté urbaine Toulouse Métropole,works,France-Toulouse: Chauffage urbain,https://ted.europa.eu/fr/notice/-/detail/313528-2017,toulouse metropole,3102C
313528-2017,2017-08-09,Communauté urbaine Toulouse Métropole,works,France-Toulouse: Chauffage urbain,https://ted.europa.eu/fr/notice/-/detail/313528-2017,toulouse metropole,3103C
313528-2017,2017-08-09,Communauté urbaine Toulouse Métropole,works,France-Toulouse: Chauffage urbain,https://ted.europa.eu/fr/notice/-/detail/313528-2017,toulouse metropole,3104C
313528-2017,2017-08-09,Communauté urbaine Toulouse Métropole,works,France-Toulouse: Chauffage urbain,https://ted.europa.eu/fr/notice/-/detail/313528-2017,toulouse metropole,3106C
313528-2017,2017-08-09,Communauté urbaine Toulouse Métropole,works,France-Toulouse: Chauffage urbain,https://ted.europa.eu/fr/notice/-/detail/313528-2017,toulouse metropole,3107C
313528-2017,2017-08-09,Communauté urbaine Toulouse Métropole,works,France-Toulouse: Chauffage urbain,https://ted.europa.eu/fr/notice/-/detail/313528-2017,toulouse metropole,3112C
313528-2017,2017-08-09,Communauté urbaine Toulouse Métropole,works,France-Toulouse: Chauffage urbain,https://ted.europa.eu/fr/notice/-/detail/313528-2017,toulouse metropole,3114C
351219-2017,2017-09-07,Ville de Béthune,services,France-Béthune: Chauffage urbain,https://ted.europa.eu/fr/notice/-/detail/351219-2017,bethune,2701C
351219-2017,2017-09-07,Ville de Béthune,services,France-Béthune: Chauffage urbain,https://ted.europa.eu/fr/notice/-/detail/351219-2017,bethune,6204C
352736-2017,2017-09-08,Commune d'Ambert,services,"France-Ambert: Services de réparation et d'entretien de pompes, de vannes, de robinets, de conteneurs en métal et de machines",https://ted.europa.eu/fr/notice/-/detail/352736-2017,ambert,6310C
359421-2017,2017-09-13,Commune de Maubeuge,services,France-Maubeuge: Chauffage urbain,https://ted.europa.eu/fr/notice/-/detail/359421-2017,maubeuge,5912C
373618-2017,2017-09-22,Métropole de Lyon,services,France-Lyon: Chauffage urbain,https://ted.europa.eu/fr/notice/-/detail/373618-2017,lyon,6901C
373618-2017,2017-09-22,Métropole de Lyon,services,France-Lyon: Chauffage urbain,https://ted.europa.eu/fr/notice/-/detail/373618-2017,lyon,6904C
373618-2017,2017-09-22,Métropole de Lyon,services,France-Lyon: Chauffage urbain,https://ted.europa.eu/fr/notice/-/detail/373618-2017,lyon,6905C
373618-2017,2017-09-22,Métropole de Lyon,services,France-Lyon: Chauffage urbain,https://ted.europa.eu/fr/notice/-/detail/373618-2017,lyon,6906C
373618-2017,2017-09-22,Métropole de Lyon,services,France-Lyon: Chauffage urbain,https://ted.europa.eu/fr/notice/-/detail/373618-2017,lyon,6912C
373618-2017,2017-09-22,Métropole de Lyon,services,France-Lyon: Chauffage urbain,https://ted.europa.eu/fr/notice/-/detail/373618-2017,lyon,6915C
373618-2017,2017-09-22,Métropole de Lyon,services,France-Lyon: Chauffage urbain,https://ted.europa.eu/fr/notice/-/detail/373618-2017,lyon,6923C
373618-2017,2017-09-22,Métropole de Lyon,services,France-Lyon: Chauffage urbain,https://ted.europa.eu/fr/notice/-/detail/373618-2017,lyon,6930C
373618-2017,2017-09-22,Métropole de Lyon,services,France-Lyon: Chauffage urbain,https://ted.europa.eu/fr/notice/-/detail/373618-2017,lyon,6902C
373618-2017,2017-09-22,Métropole de Lyon,services,France-Lyon: Chauffage urbain,https://ted.europa.eu/fr/notice/-/detail/373618-2017,lyon,6908C
373618-2017,2017-09-22,Métropole de Lyon,services,France-Lyon: Chauffage urbain,https://ted.europa.eu/fr/notice/-/detail/373618-2017,lyon,6914C
373618-2017,2017-09-22,Métropole de Lyon,services,France-Lyon: Chauffage urbain,https://ted.europa.eu/fr/notice/-/detail/373618-2017,lyon,6921C
437090-2017,2017-11-02,Ville de Colmar,services,France-Colmar: Chauffage urbain,https://ted.europa.eu/fr/notice/-/detail/437090-2017,colmar,6801C
439303-2017,2017-11-03,Commune de Maubeuge,services,France-Maubeuge: Chauffage urbain,https://ted.europa.eu/fr/notice/-/detail/439303-2017,maubeuge,5912C
486906-2017,2017-12-06,Grenoble Alpes Métropole,works,France-Grenoble: Chauffage urbain,https://ted.europa.eu/fr/notice/-/detail/486906-2017,grenoble alpes metropole,3802C
486906-2017,2017-12-06,Grenoble Alpes Métropole,works,France-Grenoble: Chauffage urbain,https://ted.europa.eu/fr/notice/-/detail/486906-2017,grenoble alpes metropole,3820C
486906-2017,2017-12-06,Grenoble Alpes Métropole,works,France-Grenoble: Chauffage urbain,https://ted.europa.eu/fr/notice/-/detail/486906-2017,grenoble alpes metropole,3821C
486906-2017,2017-12-06,Grenoble Alpes Métropole,works,France-Grenoble: Chauffage urbain,https://ted.europa.eu/fr/notice/-/detail/486906-2017,grenoble alpes metropole,3827C
486906-2017,2017-12-06,Grenoble Alpes Métropole,works,France-Grenoble: Chauffage urbain,https://ted.europa.eu/fr/notice/-/detail/486906-2017,grenoble alpes metropole,3829C
486906-2017,2017-12-06,Grenoble Alpes Métropole,works,France-Grenoble: Chauffage urbain,https://ted.europa.eu/fr/notice/-/detail/486906-2017,grenoble alpes metropole,3801C
524357-2017,2017-12-28,Ville de Bar-le-Duc,services,France-Bar-le-Duc: Chauffage urbain,https://ted.europa.eu/fr/notice/-/detail/524357-2017,bar le duc,5501C
30146-2018,2018-01-23,Commune de Barby,works,France-Barby: Travaux de construction de réseaux de chauffage urbain,https://ted.europa.eu/fr/notice/-/detail/30146-2018,barby,7320C
31513-2018,2018-01-23,CA Pau Béarn Pyrénées,services,France-Pau: Services de réparation et d'entretien d'installations de bâtiments,https://ted.europa.eu/fr/notice/-/detail/31513-2018,pau bearn pyrenees,6401C
31513-2018,2018-01-23,CA Pau Béarn Pyrénées,services,France-Pau: Services de réparation et d'entretien d'installations de bâtiments,https://ted.europa.eu/fr/notice/-/detail/31513-2018,pau bearn pyrenees,6403C
35812-2018,2018-01-25,Commune de Barby,services,France-Barby: Chauffage urbain,https://ted.europa.eu/fr/notice/-/detail/35812-2018,barby,7320C
39497-2018,2018-01-27,Ville de Saumur,services,France-Saumur: Chauffage urbain,https://ted.europa.eu/fr/notice/-/detail/39497-2018,saumur,4905C
39504-2018,2018-01-27,Ville de Saumur,services,France-Saumur: Chauffage urbain,https://ted.europa.eu/fr/notice/-/detail/39504-2018,saumur,4905C
39507-2018,2018-01-27,Ville de Saumur,services,France-Saumur: Chauffage urbain,https://ted.europa.eu/fr/notice/-/detail/39507-2018,saumur,4905C
39537-2018,2018-01-27,Ville de Saumur,services,France-Saumur: Chauffage urbain,https://ted.europa.eu/fr/notice/-/detail/39537-2018,saumur,4905C
40265-2018,2018-01-27,Commune de cattenom,services,France-Cattenom: Chauffage urbain,https://ted.europa.eu/fr/notice/-/detail/40265-2018,cattenom,5719C
59758-2018,2018-02-08,Ville d'Albertville,services,France-Albertville: Chauffage urbain,https://ted.europa.eu/fr/notice/-/detail/59758-2018,albertville,7319C
63891-2018,2018-02-10,Ville d'Ugine,services,France-Ugine: Chauffage urbain,https://ted.europa.eu/fr/notice/-/detail/63891-2018,ugine,7318C
66336-2018,2018-02-13,Ville d'Ivry-sur-Seine,services,France-Ivry-sur-Seine: Chauffage urbain,https://ted.europa.eu/fr/notice/-/detail/66336-2018,ivry sur seine,7501C
66336-2018,2018-02-13,Ville d'Ivry-sur-Seine,services,France-Ivry-sur-Seine: Chauffage urbain,https://ted.europa.eu/fr/notice/-/detail/66336-2018,ivry sur seine,9406C
66336-2018,2018-02-13,Ville d'Ivry-sur-Seine,services,France-Ivry-sur-Seine: Chauffage urbain,https://ted.europa.eu/fr/notice/-/detail/66336-2018,ivry sur seine,9423C
70741-2018,2018-02-15,Ville d'Albertville,services,France-Albertville: Chauffage urbain,https://ted.europa.eu/fr/notice/-/detail/70741-2018,albertville,7319C
85798-2018,2018-02-24,Ville de Saumur,services,France-Saumur: Chauffage urbain,https://ted.europa.eu/fr/notice/-/detail/85798-2018,saumur,4905C
85799-2018,2018-02-24,Ville de Saumur,services,France-Saumur: Chauffage urbain,https://ted.europa.eu/fr/notice/-/detail/85799-2018,saumur,4905C
86030-2018,2018-02-24,Ville de Rungis,services,France-Rungis: Chauffage urbain,https://ted.europa.eu/fr/notice/-/detail/86030-2018,rungis,9403C
86030-2018,2018-02-24,Ville de Rungis,services,France-Rungis: Chauffage urbain,https://ted.europa.eu/fr/notice/-/detail/86030-2018,rungis,9408C
86030-2018,2018-02-24,Ville de Rungis,services,France-Rungis: Chauffage urbain,https://ted.europa.eu/fr/notice/-/detail/86030-2018,rungis,9430C
88139-2018,2018-02-27,Ville de Saumur,services,France-Saumur: Chauffage urbain,https://ted.europa.eu/fr/notice/-/detail/88139-2018,saumur,4905C
88152-2018,2018-02-27,Ville de Saumur,services,France-Saumur: Chauffage urbain,https://ted.europa.eu/fr/notice/-/detail/88152-2018,saumur,4905C
142126-2018,2018-03-31,Ville de Sarcelles,supplies,France-Sarcelles: Chauffage urbain,https://ted.europa.eu/fr/notice/-/detail/142126-2018,sarcelles,9502C
147870-2018,2018-04-05,Ville de Courbevoie,services,France-Courbevoie: Chauffage urbain,https://ted.europa.eu/fr/notice/-/detail/147870-2018,courbevoie,9224C
147870-2018,2018-04-05,Ville de Courbevoie,services,France-Courbevoie: Chauffage urbain,https://ted.europa.eu/fr/notice/-/detail/147870-2018,courbevoie,9225C
206189-2018,2018-05-15,Ville de Sarreguemines,works,France-Sarreguemines: Chauffage urbain,https://ted.europa.eu/fr/notice/-/detail/206189-2018,sarreguemines,5707C
286680-2018,2018-07-03,Métropole Rouen Normandie,services,France-Rouen: Chauffage urbain,https://ted.europa.eu/fr/notice/-/detail/286680-2018,rouen normandie,7601C
286680-2018,2018-07-03,Métropole Rouen Normandie,services,France-Rouen: Chauffage urbain,https://ted.europa.eu/fr/notice/-/detail/286680-2018,rouen normandie,7605C
286680-2018,2018-07-03,Métropole Rouen Normandie,services,France-Rouen: Chauffage urbain,https://ted.europa.eu/fr/notice/-/detail/286680-2018,rouen normandie,7606C
286680-2018,2018-07-03,Métropole Rouen Normandie,services,France-Rouen: Chauffage urbain,https://ted.europa.eu/fr/notice/-/detail/286680-2018,rouen normandie,7607C
286680-2018,2018-07-03,Métropole Rouen Normandie,services,France-Rouen: Chauffage urbain,https://ted.europa.eu/fr/notice/-/detail/286680-2018,rouen normandie,7608C
286680-2018,2018-07-03,Métropole Rouen Normandie,services,France-Rouen: Chauffage urbain,https://ted.europa.eu/fr/notice/-/detail/286680-2018,rouen normandie,7612C
286680-2018,2018-07-03,Métropole Rouen Normandie,services,France-Rouen: Chauffage urbain,https://ted.europa.eu/fr/notice/-/detail/286680-2018,rouen normandie,7614C
286680-2018,2018-07-03,Métropole Rouen Normandie,services,France-Rouen: Chauffage urbain,https://ted.europa.eu/fr/notice/-/detail/286680-2018,rouen normandie,7615C
286680-2018,2018-07-03,Métropole Rouen Normandie,services,France-Rouen: Chauffage urbain,https://ted.europa.eu/fr/notice/-/detail/286680-2018,rouen normandie,7619C
286680-2018,2018-07-03,Métropole Rouen Normandie,services,France-Rouen: Chauffage urbain,https://ted.europa.eu/fr/notice/-/detail/286680-2018,rouen normandie,7620C
290424-2018,2018-07-05,Métropole de Lyon,services,France-Lyon: Chauffage urbain,https://ted.europa.eu/fr/notice/-/detail/290424-2018,lyon,6901C
290424-2018,2018-07-05,Métropole de Lyon,services,France-Lyon: Chauffage urbain,https://ted.europa.eu/fr/notice/-/detail/290424-2018,lyon,6904C
290424-2018,2018-07-05,Métropole de Lyon,services,France-Lyon: Chauffage urbain,https://ted.europa.eu/fr/notice/-/detail/290424-2018,lyon,6905C
290424-2018,2018-07-05,Métropole de Lyon,services,France-Lyon: Chauffage urbain,https://ted.europa.eu/fr/notice/-/detail/290424-2018,lyon,6906C
290424-2018,2018-07-05,Métropole de Lyon,services,France-Lyon: Chauffage urbain,https://ted.europa.eu/fr/notice/-/detail/290424-2018,lyon,6912C
290424-2018,2018-07-05,Métropole de Lyon,services,France-Lyon: Chauffage urbain,https://ted.europa.eu/fr/notice/-/detail/290424-2018,lyon,6915C
290424-2018,2018-07-05,Métropole de Lyon,services,France-Lyon: Chauffage urbain,https://ted.europa.eu/fr/notice/-/detail/290424-2018,lyon,6923C
290424-2018,2018-07-05,Métropole de Lyon,services,France-Lyon: Chauffage urbain,https://ted.europa.eu/fr/notice/-/detail/290424-2018,lyon,6930C
290424-2018,2018-07-05,Métropole de Lyon,services,France-Lyon: Chauffage urbain,https://ted.europa.eu/fr/notice/-/detail/290424-2018,lyon,6902C
290424-2018,2018-07-05,Métropole de Lyon,services,France-Lyon: Chauffage urbain,https://ted.europa.eu/fr/notice/-/detail/290424-2018,lyon,6908C
290424-2018,2018-07-05,Métropole de Lyon,services,France-Lyon: Chauffage urbain,https://ted.europa.eu/fr/notice/-/detail/290424-2018,lyon,6914C
290424-2018,2018-07-05,Métropole de Lyon,services,France-Lyon: Chauffage urbain,https://ted.europa.eu/fr/notice/-/detail/290424-2018,lyon,6921C
304176-2018,2018-07-13,CA Paris — Vallée de la Marne,services,France-Marne-la-Vallée: Chauffage urbain,https://ted.europa.eu/fr/notice/-/detail/304176-2018,paris vallee de la marne,7716C
304176-2018,2018-07-13,CA Paris — Vallée de la Marne,services,France-Marne-la-Vallée: Chauffage urbain,https://ted.europa.eu/fr/notice/-/detail/304176-2018,paris vallee de la marne,7717C
304176-2018,2018-07-13,CA Paris — Vallée de la Marne,services,France-Marne-la-Vallée: Chauffage urbain,https://ted.europa.eu/fr/notice/-/detail/304176-2018,paris vallee de la marne,7718C
304176-2018,2018-07-13,CA Paris — Vallée de la Marne,services,France-Marne-la-Vallée: Chauffage urbain,https://ted.europa.eu/fr/notice/-/detail/304176-2018,paris vallee de la marne,7727C
304176-2018,2018-07-13,CA Paris — Vallée de la Marne,services,France-Marne-la-Vallée: Chauffage urbain,https://ted.europa.eu/fr/notice/-/detail/304176-2018,paris vallee de la marne,9428C
306817-2018,2018-07-14,Ville de Blois,services,France-Blois: Chauffage urbain,https://ted.europa.eu/fr/notice/-/detail/306817-2018,blois,4101C
306817-2018,2018-07-14,Ville de Blois,services,France-Blois: Chauffage urbain,https://ted.europa.eu/fr/notice/-/detail/306817-2018,blois,4106C
313903-2018,2018-07-19,Rennes Métropole,works,France-Rennes: Chauffage urbain,https://ted.europa.eu/fr/notice/-/detail/313903-2018,rennes metropole,3504C
313903-2018,2018-07-19,Rennes Métropole,works,France-Rennes: Chauffage urbain,https://ted.europa.eu/fr/notice/-/detail/313903-2018,rennes metropole,3505C
313903-2018,2018-07-19,Rennes Métropole,works,France-Rennes: Chauffage urbain,https://ted.europa.eu/fr/notice/-/detail/313903-2018,rennes metropole,3506C
313903-2018,2018-07-19,Rennes Métropole,works,France-Rennes: Chauffage urbain,https://ted.europa.eu/fr/notice/-/detail/313903-2018,rennes metropole,3507C
313903-2018,2018-07-19,Rennes Métropole,works,France-Rennes: Chauffage urbain,https://ted.europa.eu/fr/notice/-/detail/313903-2018,rennes metropole,3512C
313903-2018,2018-07-19,Rennes Métropole,works,France-Rennes: Chauffage urbain,https://ted.europa.eu/fr/notice/-/detail/313903-2018,rennes metropole,3514C
319697-2018,2018-07-24,Ville de Clamart,supplies,France-Clamart: Chauffage urbain,https://ted.europa.eu/fr/notice/-/detail/319697-2018,clamart,9242C
336263-2018,2018-08-02,Ville de Sarcelles,supplies,France-Sarcelles: Chauffage urbain,https://ted.europa.eu/fr/notice/-/detail/336263-2018,sarcelles,9502C
354766-2018,2018-08-14,Commune de Barby,works,France-Barby: Travaux de construction de réseaux de chauffage urbain,https://ted.europa.eu/fr/notice/-/detail/354766-2018,barby,7320C
357212-2018,2018-08-14,Commune de Barby,services,France-Barby: Chauffage urbain,https://ted.europa.eu/fr/notice/-/detail/357212-2018,barby,7320C
377613-2018,2018-08-29,Ville de Besançon,services,France-Besançon: Chauffage urbain,https://ted.europa.eu/fr/notice/-/detail/377613-2018,besancon,2501C
377613-2018,2018-08-29,Ville de Besançon,services,France-Besançon: Chauffage urbain,https://ted.europa.eu/fr/notice/-/detail/377613-2018,besancon,2506C
420714-2018,2018-09-27,Ville de Saumur,services,France-Saumur: Chauffage urbain,https://ted.europa.eu/fr/notice/-/detail/420714-2018,saumur,4905C
420764-2018,2018-09-27,Ville de Saumur,services,France-Saumur: Chauffage urbain,https://ted.europa.eu/fr/notice/-/detail/420764-2018,saumur,4905C
420765-2018,2018-09-27,Ville de Saumur,services,France-Saumur: Chauffage urbain,https://ted.europa.eu/fr/notice/-/detail/420765-2018,saumur,4905C
420817-2018,2018-09-27,Ville de Saumur,services,France-Saumur: Chauffage urbain,https://ted.europa.eu/fr/notice/-/detail/420817-2018,saumur,4905C
432850-2018,2018-10-04,Ville d'Auxerre,services,France-Auxerre: Chauffage urbain,https://ted.europa.eu/fr/notice/-/detail/432850-2018,auxerre,8902C
446621-2018,2018-10-12,CA Toulon Provence Méditerranée,services,France-Toulon: Chauffage urbain,https://ted.europa.eu/fr/notice/-/detail/446621-2018,toulon provence mediterranee,8301C
446621-2018,2018-10-12,CA Toulon Provence Méditerranée,services,France-Toulon: Chauffage urbain,https://ted.europa.eu/fr/notice/-/detail/446621-2018,toulon provence mediterranee,8304C
446621-2018,2018-10-12,CA Toulon Provence Méditerranée,services,France-Toulon: Chauffage urbain,https://ted.europa.eu/fr/notice/-/detail/446621-2018,toulon provence mediterranee,8307C
457710-2018,2018-10-18,Ville de Montauban,services,France-Montauban: Chauffage urbain,https://ted.europa.eu/fr/notice/-/detail/457710-2018,montauban,8201C
468949-2018,2018-10-24,Mairie de Sedan,services,France-Sedan: Chauffage urbain,https://ted.europa.eu/fr/notice/-/detail/468949-2018,sedan,0803C
473699-2018,2018-10-26,Commune d'Objat,services,France-Objat: Chauffage urbain,https://ted.europa.eu/fr/notice/-/detail/473699-2018,objat,1909C
477133-2018,2018-10-30,Ville de Clamart,supplies,France-Clamart: Chauffage urbain,https://ted.europa.eu/fr/notice/-/detail/477133-2018,clamart,9242C
497586-2018,2018-11-10,Communauté de communes Roche aux Fées Communauté,services,France-Retiers: Chauffage urbain,https://ted.europa.eu/fr/notice/-/detail/497586-2018,roche aux fees communaute,3511C
497586-2018,2018-11-10,Communauté de communes Roche aux Fées Communauté,services,France-Retiers: Chauffage urbain,https://ted.europa.eu/fr/notice/-/detail/497586-2018,roche aux fees communaute,3515C
502459-2018,2018-11-14,Commune de Maubeuge,works,France-Maubeuge: Chauffage urbain,https://ted.europa.eu/fr/notice/-/detail/502459-2018,maubeuge,5912C
511504-2018,2018-11-20,Ville d'Ugine,services,France-Ugine: Chauffage urbain,https://ted.europa.eu/fr/notice/-/detail/511504-2018,ugine,7318C
528973-2018,2018-11-30,Ville d'Albertville,services,France-Albertville: Chauffage urbain,https://ted.europa.eu/fr/notice/-/detail/528973-2018,albertville,7319C
566390-2018,2018-12-21,Commune de Cluses,services,France-Cluses: Chauffage urbain,https://ted.europa.eu/fr/notice/-/detail/566390-2018,cluses,7408C
567256-2018,2018-12-22,Mairie de Metz,works,France-Metz: Chauffage urbain,https://ted.europa.eu/fr/notice/-/detail/567256-2018,metz,5701C
20313-2019,2019-01-15,Brest métropole,services,France-Brest: Chauffage urbain,https://ted.europa.eu/fr/notice/-/detail/20313-2019,brest metropole,2901C
20313-2019,2019-01-15,Brest métropole,services,France-Brest: Chauffage urbain,https://ted.europa.eu/fr/notice/-/detail/20313-2019,brest metropole,2902C
20313-2019,2019-01-15,Brest métropole,services,France-Brest: Chauffage urbain,https://ted.europa.eu/fr/notice/-/detail/20313-2019,brest metropole,2905C
39742-2019,2019-01-25,Commune de Saint-Germain-en-Laye,works,France-Saint-Germain-en-Laye: Chauffage urbain,https://ted.europa.eu/fr/notice/-/detail/39742-2019,saint germain en laye,7805C
82307-2019,2019-02-20,Métropole de Lyon,services,France-Lyon: Chauffage urbain,https://ted.europa.eu/fr/notice/-/detail/82307-2019,lyon,6901C
82307-2019,2019-02-20,Métropole de Lyon,services,France-Lyon: Chauffage urbain,https://ted.europa.eu/fr/notice/-/detail/82307-2019,lyon,6904C
82307-2019,2019-02-20,Métropole de Lyon,services,France-Lyon: Chauffage urbain,https://ted.europa.eu/fr/notice/-/detail/82307-2019,lyon,6905C
82307-2019,2019-02-20,Métropole de Lyon,services,France-Lyon: Chauffage urbain,https://ted.europa.eu/fr/notice/-/detail/82307-2019,lyon,6906C
82307-2019,2019-02-20,Métropole de Lyon,services,France-Lyon: Chauffage urbain,https://ted.europa.eu/fr/notice/-/detail/82307-2019,lyon,6912C
82307-2019,2019-02-20,Métropole de Lyon,services,France-Lyon: Chauffage urbain,https://ted.europa.eu/fr/notice/-/detail/82307-2019,lyon,6915C
82307-2019,2019-02-20,Métropole de Lyon,services,France-Lyon: Chauffage urbain,https://ted.europa.eu/fr/notice/-/detail/82307-2019,lyon,6923C
82307-2019,2019-02-20,Métropole de Lyon,services,France-Lyon: Chauffage urbain,https://ted.europa.eu/fr/notice/-/detail/82307-2019,lyon,6930C
82307-2019,2019-02-20,Métropole de Lyon,services,France-Lyon: Chauffage urbain,https://ted.europa.eu/fr/notice/-/detail/82307-2019,lyon,6902C
82307-2019,2019-02-20,Métropole de Lyon,services,France-Lyon: Chauffage urbain,https://ted.europa.eu/fr/notice/-/detail/82307-2019,lyon,6908C
82307-2019,2019-02-20,Métropole de Lyon,services,France-Lyon: Chauffage urbain,https://ted.europa.eu/fr/notice/-/detail/82307-2019,lyon,6914C
82307-2019,2019-02-20,Métropole de Lyon,services,France-Lyon: Chauffage urbain,https://ted.europa.eu/fr/notice/-/detail/82307-2019,lyon,6921C
99353-2019,2019-03-01,Ville de Sens,works,France-Sens: Chauffage urbain,https://ted.europa.eu/fr/notice/-/detail/99353-2019,sens,8901C
150379-2019,2019-04-02,saint Etienne Métropole,works,France-Saint-Etienne: Chauffage urbain,https://ted.europa.eu/fr/notice/-/detail/150379-2019,saint etienne metropole,4202C
150379-2019,2019-04-02,saint Etienne Métropole,works,France-Saint-Etienne: Chauffage urbain,https://ted.europa.eu/fr/notice/-/detail/150379-2019,saint etienne metropole,4204C
150379-2019,2019-04-02,saint Etienne Métropole,works,France-Saint-Etienne: Chauffage urbain,https://ted.europa.eu/fr/notice/-/detail/150379-2019,saint etienne metropole,4206C
150379-2019,2019-04-02,saint Etienne Métropole,works,France-Saint-Etienne: Chauffage urbain,https://ted.europa.eu/fr/notice/-/detail/150379-2019,saint etienne metropole,4210C
150379-2019,2019-04-02,saint Etienne Métropole,works,France-Saint-Etienne: Chauffage urbain,https://ted.europa.eu/fr/notice/-/detail/150379-2019,saint etienne metropole,4211C
150379-2019,2019-04-02,saint Etienne Métropole,works,France-Saint-Etienne: Chauffage urbain,https://ted.europa.eu/fr/notice/-/detail/150379-2019,saint etienne metropole,4213C
150379-2019,2019-04-02,saint Etienne Métropole,works,France-Saint-Etienne: Chauffage urbain,https://ted.europa.eu/fr/notice/-/detail/150379-2019,saint etienne metropole,4214C
150379-2019,2019-04-02,saint Etienne Métropole,works,France-Saint-Etienne: Chauffage urbain,https://ted.europa.eu/fr/notice/-/detail/150379-2019,saint etienne metropole,4222C
150379-2019,2019-04-02,saint Etienne Métropole,works,France-Saint-Etienne: Chauffage urbain,https://ted.europa.eu/fr/notice/-/detail/150379-2019,saint etienne metropole,4227C
150379-2019,2019-04-02,saint Etienne Métropole,works,France-Saint-Etienne: Chauffage urbain,https://ted.europa.eu/fr/notice/-/detail/150379-2019,saint etienne metropole,4232C
150379-2019,2019-04-02,saint Etienne Métropole,works,France-Saint-Etienne: Chauffage urbain,https://ted.europa.eu/fr/notice/-/detail/150379-2019,saint etienne metropole,4238C
150379-2019,2019-04-02,saint Etienne Métropole,works,France-Saint-Etienne: Chauffage urbain,https://ted.europa.eu/fr/notice/-/detail/150379-2019,saint etienne metropole,4241C
150379-2019,2019-04-02,saint Etienne Métropole,works,France-Saint-Etienne: Chauffage urbain,https://ted.europa.eu/fr/notice/-/detail/150379-2019,saint etienne metropole,4245C
150379-2019,2019-04-02,saint Etienne Métropole,works,France-Saint-Etienne: Chauffage urbain,https://ted.europa.eu/fr/notice/-/detail/150379-2019,saint etienne metropole,4246C
150379-2019,2019-04-02,saint Etienne Métropole,works,France-Saint-Etienne: Chauffage urbain,https://ted.europa.eu/fr/notice/-/detail/150379-2019,saint etienne metropole,4247C
150379-2019,2019-04-02,saint Etienne Métropole,works,France-Saint-Etienne: Chauffage urbain,https://ted.europa.eu/fr/notice/-/detail/150379-2019,saint etienne metropole,4203C
174161-2019,2019-04-12,Métropole Nice Côte d'Azur,services,France-Nice: Chauffage urbain,https://ted.europa.eu/fr/notice/-/detail/174161-2019,nice cote d azur,0602C
174161-2019,2019-04-12,Métropole Nice Côte d'Azur,services,France-Nice: Chauffage urbain,https://ted.europa.eu/fr/notice/-/detail/174161-2019,nice cote d azur,0606C
174161-2019,2019-04-12,Métropole Nice Côte d'Azur,services,France-Nice: Chauffage urbain,https://ted.europa.eu/fr/notice/-/detail/174161-2019,nice cote d azur,0609C
174161-2019,2019-04-12,Métropole Nice Côte d'Azur,services,France-Nice: Chauffage urbain,https://ted.europa.eu/fr/notice/-/detail/174161-2019,nice cote d azur,0605C
174161-2019,2019-04-12,Métropole Nice Côte d'Azur,services,France-Nice: Chauffage urbain,https://ted.europa.eu/fr/notice/-/detail/174161-2019,nice cote d azur,0611C
187046-2019,2019-04-19,Ville de Marly,services,"France-Marly: Électricité, chauffage, énergie solaire et nucléaire",https://ted.europa.eu/fr/notice/-/detail/187046-2019,marly,5701C
192849-2019,2019-04-24,Communauté d'agglomération Paris — Vallée de la Marne,services,France-Marne-la-Vallée: Chauffage urbain,https://ted.europa.eu/fr/notice/-/detail/192849-2019,paris vallee de la marne,7716C
192849-2019,2019-04-24,Communauté d'agglomération Paris — Vallée de la Marne,services,France-Marne-la-Vallée: Chauffage urbain,https://ted.europa.eu/fr/notice/-/detail/192849-2019,paris vallee de la marne,7717C
192849-2019,2019-04-24,Communauté d'agglomération Paris — Vallée de la Marne,services,France-Marne-la-Vallée: Chauffage urbain,https://ted.europa.eu/fr/notice/-/detail/192849-2019,paris vallee de la marne,7718C
192849-2019,2019-04-24,Communauté d'agglomération Paris — Vallée de la Marne,services,France-Marne-la-Vallée: Chauffage urbain,https://ted.europa.eu/fr/notice/-/detail/192849-2019,paris vallee de la marne,7727C
192849-2019,2019-04-24,Communauté d'agglomération Paris — Vallée de la Marne,services,France-Marne-la-Vallée: Chauffage urbain,https://ted.europa.eu/fr/notice/-/detail/192849-2019,paris vallee de la marne,9428C
217340-2019,2019-05-10,Ville d'Issoire,works,France-Issoire: Chauffage urbain,https://ted.europa.eu/fr/notice/-/detail/217340-2019,issoire,6319C
225935-2019,2019-05-15,Bordeaux Métropole,services,France-Bordeaux: Chauffage urbain,https://ted.europa.eu/fr/notice/-/detail/225935-2019,bordeaux metropole,3302C
225935-2019,2019-05-15,Bordeaux Métropole,services,France-Bordeaux: Chauffage urbain,https://ted.europa.eu/fr/notice/-/detail/225935-2019,bordeaux metropole,3303C
225935-2019,2019-05-15,Bordeaux Métropole,services,France-Bordeaux: Chauffage urbain,https://ted.europa.eu/fr/notice/-/detail/225935-2019,bordeaux metropole,3304C
225935-2019,2019-05-15,Bordeaux Métropole,services,France-Bordeaux: Chauffage urbain,https://ted.europa.eu/fr/notice/-/detail/225935-2019,bordeaux metropole,3315C
225935-2019,2019-05-15,Bordeaux Métropole,services,France-Bordeaux: Chauffage urbain,https://ted.europa.eu/fr/notice/-/detail/225935-2019,bordeaux metropole,3316C
225935-2019,2019-05-15,Bordeaux Métropole,services,France-Bordeaux: Chauffage urbain,https://ted.europa.eu/fr/notice/-/detail/225935-2019,bordeaux metropole,3317C
225935-2019,2019-05-15,Bordeaux Métropole,services,France-Bordeaux: Chauffage urbain,https://ted.europa.eu/fr/notice/-/detail/225935-2019,bordeaux metropole,3318C
225935-2019,2019-05-15,Bordeaux Métropole,services,France-Bordeaux: Chauffage urbain,https://ted.europa.eu/fr/notice/-/detail/225935-2019,bordeaux metropole,3319C
225935-2019,2019-05-15,Bordeaux Métropole,services,France-Bordeaux: Chauffage urbain,https://ted.europa.eu/fr/notice/-/detail/225935-2019,bordeaux metropole,3324C
225935-2019,2019-05-15,Bordeaux Métropole,services,France-Bordeaux: Chauffage urbain,https://ted.europa.eu/fr/notice/-/detail/225935-2019,bordeaux metropole,3325C
225935-2019,2019-05-15,Bordeaux Métropole,services,France-Bordeaux: Chauffage urbain,https://ted.europa.eu/fr/notice/-/detail/225935-2019,bordeaux metropole,3326C
225935-2019,2019-05-15,Bordeaux Métropole,services,France-Bordeaux: Chauffage urbain,https://ted.europa.eu/fr/notice/-/detail/225935-2019,bordeaux metropole,3327C
225935-2019,2019-05-15,Bordeaux Métropole,services,France-Bordeaux: Chauffage urbain,https://ted.europa.eu/fr/notice/-/detail/225935-2019,bordeaux metropole,3328C
225935-2019,2019-05-15,Bordeaux Métropole,services,France-Bordeaux: Chauffage urbain,https://ted.europa.eu/fr/notice/-/detail/225935-2019,bordeaux metropole,3334C
225935-2019,2019-05-15,Bordeaux Métropole,services,France-Bordeaux: Chauffage urbain,https://ted.europa.eu/fr/notice/-/detail/225935-2019,bordeaux metropole,3335C
225935-2019,2019-05-15,Bordeaux Métropole,services,France-Bordeaux: Chauffage urbain,https://ted.europa.eu/fr/notice/-/detail/225935-2019,bordeaux metropole,7301C
225935-2019,2019-05-15,Bordeaux Métropole,services,France-Bordeaux: Chauffage urbain,https://ted.europa.eu/fr/notice/-/detail/225935-2019,bordeaux metropole,3329C
225937-2019,2019-05-15,Commune de Cattenom,services,France-Cattenom: Chauffage urbain,https://ted.europa.eu/fr/notice/-/detail/225937-2019,cattenom,5719C
225938-2019,2019-05-15,Communauté d'Agglomération Pau Béarn Pyrénées,services,France-Pau: Services de réparation et d'entretien d'installations de bâtiments,https://ted.europa.eu/fr/notice/-/detail/225938-2019,pau bearn pyrenees,6401C
225938-2019,2019-05-15,Communauté d'Agglomération Pau Béarn Pyrénées,services,France-Pau: Services de réparation et d'entretien d'installations de bâtiments,https://ted.europa.eu/fr/notice/-/detail/225938-2019,pau bearn pyrenees,6403C
243401-2019,2019-05-24,Commune de Châlons-en-Champagne,services,France-Châlons-en-Champagne: Chauffage urbain,https://ted.europa.eu/fr/notice/-/detail/243401-2019,chalons en champagne,5107C
243401-2019,2019-05-24,Commune de Châlons-en-Champagne,services,France-Châlons-en-Champagne: Chauffage urbain,https://ted.europa.eu/fr/notice/-/detail/243401-2019,chalons en champagne,5110C
307109-2019,2019-07-02,Ville de Montargis,services,France-Montargis: Chauffage urbain,https://ted.europa.eu/fr/notice/-/detail/307109-2019,montargis,4504C
352881-2019,2019-07-26,Ville de Marly,services,"France-Marly: Électricité, chauffage, énergie solaire et nucléaire",https://ted.europa.eu/fr/notice/-/detail/352881-2019,marly,5701C
353804-2019,2019-07-29,Saint-Étienne Métropole,works,France-Saint-Étienne: Chauffage urbain,https://ted.europa.eu/fr/notice/-/detail/353804-2019,saint etienne metropole,4202C
353804-2019,2019-07-29,Saint-Étienne Métropole,works,France-Saint-Étienne: Chauffage urbain,https://ted.europa.eu/fr/notice/-/detail/353804-2019,saint etienne metropole,4204C
353804-2019,2019-07-29,Saint-Étienne Métropole,works,France-Saint-Étienne: Chauffage urbain,https://ted.europa.eu/fr/notice/-/detail/353804-2019,saint etienne metropole,4206C
353804-2019,2019-07-29,Saint-Étienne Métropole,works,France-Saint-Étienne: Chauffage urbain,https://ted.europa.eu/fr/notice/-/detail/353804-2019,saint etienne metropole,4210C
353804-2019,2019-07-29,Saint-Étienne Métropole,works,France-Saint-Étienne: Chauffage urbain,https://ted.europa.eu/fr/notice/-/detail/353804-2019,saint etienne metropole,4211C
353804-2019,2019-07-29,Saint-Étienne Métropole,works,France-Saint-Étienne: Chauffage urbain,https://ted.europa.eu/fr/notice/-/detail/353804-2019,saint etienne metropole,4213C
353804-2019,2019-07-29,Saint-Étienne Métropole,works,France-Saint-Étienne: Chauffage urbain,https://ted.europa.eu/fr/notice/-/detail/353804-2019,saint etienne metropole,4214C
353804-2019,2019-07-29,Saint-Étienne Métropole,works,France-Saint-Étienne: Chauffage urbain,https://ted.europa.eu/fr/notice/-/detail/353804-2019,saint etienne metropole,4222C
353804-2019,2019-07-29,Saint-Étienne Métropole,works,France-Saint-Étienne: Chauffage urbain,https://ted.europa.eu/fr/notice/-/detail/353804-2019,saint etienne metropole,4227C
353804-2019,2019-07-29,Saint-Étienne Métropole,works,France-Saint-Étienne: Chauffage urbain,https://ted.europa.eu/fr/notice/-/detail/353804-2019,saint etienne metropole,4232C
353804-2019,2019-07-29,Saint-Étienne Métropole,works,France-Saint-Étienne: Chauffage urbain,https://ted.europa.eu/fr/notice/-/detail/353804-2019,saint etienne metropole,4238C
353804-2019,2019-07-29,Saint-Étienne Métropole,works,France-Saint-Étienne: Chauffage urbain,https://ted.europa.eu/fr/notice/-/detail/353804-2019,saint etienne metropole,4241C
353804-2019,2019-07-29,Saint-Étienne Métropole,works,France-Saint-Étienne: Chauffage urbain,https://ted.europa.eu/fr/notice/-/detail/353804-2019,saint etienne metropole,4245C
353804-2019,2019-07-29,Saint-Étienne Métropole,works,France-Saint-Étienne: Chauffage urbain,https://ted.europa.eu/fr/notice/-/detail/353804-2019,saint etienne metropole,4246C
353804-2019,2019-07-29,Saint-Étienne Métropole,works,France-Saint-Étienne: Chauffage urbain,https://ted.europa.eu/fr/notice/-/detail/353804-2019,saint etienne metropole,4247C
353804-2019,2019-07-29,Saint-Étienne Métropole,works,France-Saint-Étienne: Chauffage urbain,https://ted.europa.eu/fr/notice/-/detail/353804-2019,saint etienne metropole,4203C
355859-2019,2019-07-29,Ville de Bar-le-Duc,services,France-Bar-le-Duc: Chauffage urbain,https://ted.europa.eu/fr/notice/-/detail/355859-2019,bar le duc,5501C
357313-2019,2019-07-30,Mairie de Saint-Denis-lès-Bourg,services,France-Saint-Denis-lès-Bourg: Chauffage urbain,https://ted.europa.eu/fr/notice/-/detail/357313-2019,saint denis les bourg,0105C
365938-2019,2019-08-02,Plateau d'Hauteville,services,France-Plateau d'Hauteville: Chauffage urbain,https://ted.europa.eu/fr/notice/-/detail/365938-2019,plateau d hauteville,0102C
365938-2019,2019-08-02,Plateau d'Hauteville,services,France-Plateau d'Hauteville: Chauffage urbain,https://ted.europa.eu/fr/notice/-/detail/365938-2019,plateau d hauteville,0111C
373825-2019,2019-08-07,Bordeaux Métropole,services,France-Bordeaux: Chauffage urbain,https://ted.europa.eu/fr/notice/-/detail/373825-2019,bordeaux metropole,3302C
373825-2019,2019-08-07,Bordeaux Métropole,services,France-Bordeaux: Chauffage urbain,https://ted.europa.eu/fr/notice/-/detail/373825-2019,bordeaux metropole,3303C
373825-2019,2019-08-07,Bordeaux Métropole,services,France-Bordeaux: Chauffage urbain,https://ted.europa.eu/fr/notice/-/detail/373825-2019,bordeaux metropole,3304C
373825-2019,2019-08-07,Bordeaux Métropole,services,France-Bordeaux: Chauffage urbain,https://ted.europa.eu/fr/notice/-/detail/373825-2019,bordeaux metropole,3315C
373825-2019,2019-08-07,Bordeaux Métropole,services,France-Bordeaux: Chauffage urbain,https://ted.europa.eu/fr/notice/-/detail/373825-2019,bordeaux metropole,3316C
373825-2019,2019-08-07,Bordeaux Métropole,services,France-Bordeaux: Chauffage urbain,https://ted.europa.eu/fr/notice/-/detail/373825-2019,bordeaux metropole,3317C
373825-2019,2019-08-07,Bordeaux Métropole,services,France-Bordeaux: Chauffage urbain,https://ted.europa.eu/fr/notice/-/detail/373825-2019,bordeaux metropole,3318C
373825-2019,2019-08-07,Bordeaux Métropole,services,France-Bordeaux: Chauffage urbain,https://ted.europa.eu/fr/notice/-/detail/373825-2019,bordeaux metropole,3319C
373825-2019,2019-08-07,Bordeaux Métropole,services,France-Bordeaux: Chauffage urbain,https://ted.europa.eu/fr/notice/-/detail/373825-2019,bordeaux metropole,3324C
373825-2019,2019-08-07,Bordeaux Métropole,services,France-Bordeaux: Chauffage urbain,https://ted.europa.eu/fr/notice/-/detail/373825-2019,bordeaux metropole,3325C
373825-2019,2019-08-07,Bordeaux Métropole,services,France-Bordeaux: Chauffage urbain,https://ted.europa.eu/fr/notice/-/detail/373825-2019,bordeaux metropole,3326C
373825-2019,2019-08-07,Bordeaux Métropole,services,France-Bordeaux: Chauffage urbain,https://ted.europa.eu/fr/notice/-/detail/373825-2019,bordeaux metropole,3327C
373825-2019,2019-08-07,Bordeaux Métropole,services,France-Bordeaux: Chauffage urbain,https://ted.europa.eu/fr/notice/-/detail/373825-2019,bordeaux metropole,3328C
373825-2019,2019-08-07,Bordeaux Métropole,services,France-Bordeaux: Chauffage urbain,https://ted.europa.eu/fr/notice/-/detail/373825-2019,bordeaux metropole,3334C
373825-2019,2019-08-07,Bordeaux Métropole,services,France-Bordeaux: Chauffage urbain,https://ted.europa.eu/fr/notice/-/detail/373825-2019,bordeaux metropole,3335C
373825-2019,2019-08-07,Bordeaux Métropole,services,France-Bordeaux: Chauffage urbain,https://ted.europa.eu/fr/notice/-/detail/373825-2019,bordeaux metropole,7301C
373825-2019,2019-08-07,Bordeaux Métropole,services,France-Bordeaux: Chauffage urbain,https://ted.europa.eu/fr/notice/-/detail/373825-2019,bordeaux metropole,3329C
378695-2019,2019-08-09,Ville de Castres,services,France-Castres: Chauffage urbain,https://ted.europa.eu/fr/notice/-/detail/378695-2019,castres,8103C
384002-2019,2019-08-13,Ville de Rungis,services,France-Rungis: Chauffage urbain,https://ted.europa.eu/fr/notice/-/detail/384002-2019,rungis,9403C
384002-2019,2019-08-13,Ville de Rungis,services,France-Rungis: Chauffage urbain,https://ted.europa.eu/fr/notice/-/detail/384002-2019,rungis,9408C
384002-2019,2019-08-13,Ville de Rungis,services,France-Rungis: Chauffage urbain,https://ted.europa.eu/fr/notice/-/detail/384002-2019,rungis,9430C
388653-2019,2019-08-16,Commune de Clichy,services,France-Clichy-la-Garenne: Chauffage urbain,https://ted.europa.eu/fr/notice/-/detail/388653-2019,clichy,7501C
388653-2019,2019-08-16,Commune de Clichy,services,France-Clichy-la-Garenne: Chauffage urbain,https://ted.europa.eu/fr/notice/-/detail/388653-2019,clichy,9235C
414367-2019,2019-09-03,Ville de Montauban,services,France-Montauban: Chauffage urbain,https://ted.europa.eu/fr/notice/-/detail/414367-2019,montauban,8201C
434792-2019,2019-09-16,Métropole d'Aix-Marseille-Provence,services,France-Marseille: Chauffage urbain,https://ted.europa.eu/fr/notice/-/detail/434792-2019,aix marseille provence,1302C
434792-2019,2019-09-16,Métropole d'Aix-Marseille-Provence,services,France-Marseille: Chauffage urbain,https://ted.europa.eu/fr/notice/-/detail/434792-2019,aix marseille provence,1303C
434792-2019,2019-09-16,Métropole d'Aix-Marseille-Provence,services,France-Marseille: Chauffage urbain,https://ted.europa.eu/fr/notice/-/detail/434792-2019,aix marseille provence,1310C
434792-2019,2019-09-16,Métropole d'Aix-Marseille-Provence,services,France-Marseille: Chauffage urbain,https://ted.europa.eu/fr/notice/-/detail/434792-2019,aix marseille provence,1311C
434792-2019,2019-09-16,Métropole d'Aix-Marseille-Provence,services,France-Marseille: Chauffage urbain,https://ted.europa.eu/fr/notice/-/detail/434792-2019,aix marseille provence,1315C
434792-2019,2019-09-16,Métropole d'Aix-Marseille-Provence,services,France-Marseille: Chauffage urbain,https://ted.europa.eu/fr/notice/-/detail/434792-2019,aix marseille provence,1317C
434792-2019,2019-09-16,Métropole d'Aix-Marseille-Provence,services,France-Marseille: Chauffage urbain,https://ted.europa.eu/fr/notice/-/detail/434792-2019,aix marseille provence,1318C
434792-2019,2019-09-16,Métropole d'Aix-Marseille-Provence,services,France-Marseille: Chauffage urbain,https://ted.europa.eu/fr/notice/-/detail/434792-2019,aix marseille provence,1319C
434792-2019,2019-09-16,Métropole d'Aix-Marseille-Provence,services,France-Marseille: Chauffage urbain,https://ted.europa.eu/fr/notice/-/detail/434792-2019,aix marseille provence,1320C
434792-2019,2019-09-16,Métropole d'Aix-Marseille-Provence,services,France-Marseille: Chauffage urbain,https://ted.europa.eu/fr/notice/-/detail/434792-2019,aix marseille provence,1321C
434792-2019,2019-09-16,Métropole d'Aix-Marseille-Provence,services,France-Marseille: Chauffage urbain,https://ted.europa.eu/fr/notice/-/detail/434792-2019,aix marseille provence,1322C
434792-2019,2019-09-16,Métropole d'Aix-Marseille-Provence,services,France-Marseille: Chauffage urbain,https://ted.europa.eu/fr/notice/-/detail/434792-2019,aix marseille provence,1323C
434792-2019,2019-09-16,Métropole d'Aix-Marseille-Provence,services,France-Marseille: Chauffage urbain,https://ted.europa.eu/fr/notice/-/detail/434792-2019,aix marseille provence,1306C
461018-2019,2019-10-01,Clermont Auvergne Métropole,services,France-Clermont-Ferrand: Chauffage urbain,https://ted.europa.eu/fr/notice/-/detail/461018-2019,clermont auvergne metropole,6306C
461018-2019,2019-10-01,Clermont Auvergne Métropole,services,France-Clermont-Ferrand: Chauffage urbain,https://ted.europa.eu/fr/notice/-/detail/461018-2019,clermont auvergne metropole,6307C
461018-2019,2019-10-01,Clermont Auvergne Métropole,services,France-Clermont-Ferrand: Chauffage urbain,https://ted.europa.eu/fr/notice/-/detail/461018-2019,clermont auvergne metropole,6308C
461018-2019,2019-10-01,Clermont Auvergne Métropole,services,France-Clermont-Ferrand: Chauffage urbain,https://ted.europa.eu/fr/notice/-/detail/461018-2019,clermont auvergne metropole,6317C
461018-2019,2019-10-01,Clermont Auvergne Métropole,services,France-Clermont-Ferrand: Chauffage urbain,https://ted.europa.eu/fr/notice/-/detail/461018-2019,clermont auvergne metropole,6303C
461020-2019,2019-10-01,Clermont Auvergne Métropole,services,France-Clermont-Ferrand: Chauffage urbain,https://ted.europa.eu/fr/notice/-/detail/461020-2019,clermont auvergne metropole,6306C
461020-2019,2019-10-01,Clermont Auvergne Métropole,services,France-Clermont-Ferrand: Chauffage urbain,https://ted.europa.eu/fr/notice/-/detail/461020-2019,clermont auvergne metropole,6307C
461020-2019,2019-10-01,Clermont Auvergne Métropole,services,France-Clermont-Ferrand: Chauffage urbain,https://ted.europa.eu/fr/notice/-/detail/461020-2019,clermont auvergne metropole,6308C
461020-2019,2019-10-01,Clermont Auvergne Métropole,services,France-Clermont-Ferrand: Chauffage urbain,https://ted.europa.eu/fr/notice/-/detail/461020-2019,clermont auvergne metropole,6317C
461020-2019,2019-10-01,Clermont Auvergne Métropole,services,France-Clermont-Ferrand: Chauffage urbain,https://ted.europa.eu/fr/notice/-/detail/461020-2019,clermont auvergne metropole,6303C
463217-2019,2019-10-02,Clermont Auvergne Métropole,services,France-Clermont-Ferrand: Chauffage urbain,https://ted.europa.eu/fr/notice/-/detail/463217-2019,clermont auvergne metropole,6306C
463217-2019,2019-10-02,Clermont Auvergne Métropole,services,France-Clermont-Ferrand: Chauffage urbain,https://ted.europa.eu/fr/notice/-/detail/463217-2019,clermont auvergne metropole,6307C
463217-2019,2019-10-02,Clermont Auvergne Métropole,services,France-Clermont-Ferrand: Chauffage urbain,https://ted.europa.eu/fr/notice/-/detail/463217-2019,clermont auvergne metropole,6308C
463217-2019,2019-10-02,Clermont Auvergne Métropole,services,France-Clermont-Ferrand: Chauffage urbain,https://ted.europa.eu/fr/notice/-/detail/463217-2019,clermont auvergne metropole,6317C
463217-2019,2019-10-02,Clermont Auvergne Métropole,services,France-Clermont-Ferrand: Chauffage urbain,https://ted.europa.eu/fr/notice/-/detail/463217-2019,clermont auvergne metropole,6303C
480044-2019,2019-10-11,Mairie de Sedan,services,France-Sedan: Chauffage urbain,https://ted.europa.eu/fr/notice/-/detail/480044-2019,sedan,0803C
487352-2019,2019-10-16,Ville de Rungis,services,France-Rungis: Chauffage urbain,https://ted.europa.eu/fr/notice/-/detail/487352-2019,rungis,9403C
487352-2019,2019-10-16,Ville de Rungis,services,France-Rungis: Chauffage urbain,https://ted.europa.eu/fr/notice/-/detail/487352-2019,rungis,9408C
487352-2019,2019-10-16,Ville de Rungis,services,France-Rungis: Chauffage urbain,https://ted.europa.eu/fr/notice/-/detail/487352-2019,rungis,9430C
487355-2019,2019-10-16,Métropole de Lyon,services,France-Lyon: Chauffage urbain,https://ted.europa.eu/fr/notice/-/detail/487355-2019,lyon,6901C
487355-2019,2019-10-16,Métropole de Lyon,services,France-Lyon: Chauffage urbain,https://ted.europa.eu/fr/notice/-/detail/487355-2019,lyon,6904C
487355-2019,2019-10-16,Métropole de Lyon,services,France-Lyon: Chauffage urbain,https://ted.europa.eu/fr/notice/-/detail/487355-2019,lyon,6905C
487355-2019,2019-10-16,Métropole de Lyon,services,France-Lyon: Chauffage urbain,https://ted.europa.eu/fr/notice/-/detail/487355-2019,lyon,6906C
487355-2019,2019-10-16,Métropole de Lyon,services,France-Lyon: Chauffage urbain,https://ted.europa.eu/fr/notice/-/detail/487355-2019,lyon,6912C
487355-2019,2019-10-16,Métropole de Lyon,services,France-Lyon: Chauffage urbain,https://ted.europa.eu/fr/notice/-/detail/487355-2019,lyon,6915C
487355-2019,2019-10-16,Métropole de Lyon,services,France-Lyon: Chauffage urbain,https://ted.europa.eu/fr/notice/-/detail/487355-2019,lyon,6923C
487355-2019,2019-10-16,Métropole de Lyon,services,France-Lyon: Chauffage urbain,https://ted.europa.eu/fr/notice/-/detail/487355-2019,lyon,6930C
487355-2019,2019-10-16,Métropole de Lyon,services,France-Lyon: Chauffage urbain,https://ted.europa.eu/fr/notice/-/detail/487355-2019,lyon,6902C
487355-2019,2019-10-16,Métropole de Lyon,services,France-Lyon: Chauffage urbain,https://ted.europa.eu/fr/notice/-/detail/487355-2019,lyon,6908C
487355-2019,2019-10-16,Métropole de Lyon,services,France-Lyon: Chauffage urbain,https://ted.europa.eu/fr/notice/-/detail/487355-2019,lyon,6914C
487355-2019,2019-10-16,Métropole de Lyon,services,France-Lyon: Chauffage urbain,https://ted.europa.eu/fr/notice/-/detail/487355-2019,lyon,6921C
487358-2019,2019-10-16,Ville de Noisy-le-Grand,services,France-Noisy-le-Grand: Chauffage urbain,https://ted.europa.eu/fr/notice/-/detail/487358-2019,noisy le grand,9328C
506222-2019,2019-10-25,Ville de Paris,works,France-Paris: Chauffage urbain,https://ted.europa.eu/fr/notice/-/detail/506222-2019,paris,7501C
506222-2019,2019-10-25,Ville de Paris,works,France-Paris: Chauffage urbain,https://ted.europa.eu/fr/notice/-/detail/506222-2019,paris,7504C
514551-2019,2019-10-30,Ville de Paris,works,France-Paris: Chauffage urbain,https://ted.europa.eu/fr/notice/-/detail/514551-2019,paris,7501C
514551-2019,2019-10-30,Ville de Paris,works,France-Paris: Chauffage urbain,https://ted.europa.eu/fr/notice/-/detail/514551-2019,paris,7504C
518847-2019,2019-10-31,Ville de Paris,services,France-Paris: Chauffage urbain,https://ted.europa.eu/fr/notice/-/detail/518847-2019,paris,7501C
518847-2019,2019-10-31,Ville de Paris,services,France-Paris: Chauffage urbain,https://ted.europa.eu/fr/notice/-/detail/518847-2019,paris,7504C
528820-2019,2019-11-07,Commune de Cluses,services,France-Cluses: Chauffage urbain,https://ted.europa.eu/fr/notice/-/detail/528820-2019,cluses,7408C
537681-2019,2019-11-13,Communauté de communes des Hauts de Flandre,services,France-Bergues: Chauffage urbain,https://ted.europa.eu/fr/notice/-/detail/537681-2019,s hauts de flandre,5924C
558285-2019,2019-11-25,Métropole de Lyon,services,France-Lyon: Chauffage urbain,https://ted.europa.eu/fr/notice/-/detail/558285-2019,lyon,6901C
558285-2019,2019-11-25,Métropole de Lyon,services,France-Lyon: Chauffage urbain,https://ted.europa.eu/fr/notice/-/detail/558285-2019,lyon,6904C
558285-2019,2019-11-25,Métropole de Lyon,services,France-Lyon: Chauffage urbain,https://ted.europa.eu/fr/notice/-/detail/558285-2019,lyon,6905C
558285-2019,2019-11-25,Métropole de Lyon,services,France-Lyon: Chauffage urbain,https://ted.europa.eu/fr/notice/-/detail/558285-2019,lyon,6906C
558285-2019,2019-11-25,Métropole de Lyon,services,France-Lyon: Chauffage urbain,https://ted.europa.eu/fr/notice/-/detail/558285-2019,lyon,6912C
558285-2019,2019-11-25,Métropole de Lyon,services,France-Lyon: Chauffage urbain,https://ted.europa.eu/fr/notice/-/detail/558285-2019,lyon,6915C
558285-2019,2019-11-25,Métropole de Lyon,services,France-Lyon: Chauffage urbain,https://ted.europa.eu/fr/notice/-/detail/558285-2019,lyon,6923C
558285-2019,2019-11-25,Métropole de Lyon,services,France-Lyon: Chauffage urbain,https://ted.europa.eu/fr/notice/-/detail/558285-2019,lyon,6930C
558285-2019,2019-11-25,Métropole de Lyon,services,France-Lyon: Chauffage urbain,https://ted.europa.eu/fr/notice/-/detail/558285-2019,lyon,6902C
558285-2019,2019-11-25,Métropole de Lyon,services,France-Lyon: Chauffage urbain,https://ted.europa.eu/fr/notice/-/detail/558285-2019,lyon,6908C
558285-2019,2019-11-25,Métropole de Lyon,services,France-Lyon: Chauffage urbain,https://ted.europa.eu/fr/notice/-/detail/558285-2019,lyon,6914C
558285-2019,2019-11-25,Métropole de Lyon,services,France-Lyon: Chauffage urbain,https://ted.europa.eu/fr/notice/-/detail/558285-2019,lyon,6921C
615235-2019,2019-12-24,Mairie de Saint-Denis-Lès-Bourg,services,France-Saint-Denis-lès-Bourg: Chauffage urbain,https://ted.europa.eu/fr/notice/-/detail/615235-2019,saint denis les bourg,0105C
619835-2019,2019-12-27,Ville de Belfort,services,France-Belfort: Chauffage urbain,https://ted.europa.eu/fr/notice/-/detail/619835-2019,belfort,9002C
5804-2020,2020-01-07,Communauté d'agglomération du Boulonnais,services,France-Boulogne-sur-Mer: Chauffage urbain,https://ted.europa.eu/fr/notice/-/detail/5804-2020,u boulonnais,6205C
5804-2020,2020-01-07,Communauté d'agglomération du Boulonnais,services,France-Boulogne-sur-Mer: Chauffage urbain,https://ted.europa.eu/fr/notice/-/detail/5804-2020,u boulonnais,6211C
5804-2020,2020-01-07,Communauté d'agglomération du Boulonnais,services,France-Boulogne-sur-Mer: Chauffage urbain,https://ted.europa.eu/fr/notice/-/detail/5804-2020,u boulonnais,6212C
5806-2020,2020-01-07,Métropole Nice Côte d'Azur,services,France-Nice: Chauffage urbain,https://ted.europa.eu/fr/notice/-/detail/5806-2020,nice cote d azur,0602C
5806-2020,2020-01-07,Métropole Nice Côte d'Azur,services,France-Nice: Chauffage urbain,https://ted.europa.eu/fr/notice/-/detail/5806-2020,nice cote d azur,0606C
5806-2020,2020-01-07,Métropole Nice Côte d'Azur,services,France-Nice: Chauffage urbain,https://ted.europa.eu/fr/notice/-/detail/5806-2020,nice cote d azur,0609C
5806-2020,2020-01-07,Métropole Nice Côte d'Azur,services,France-Nice: Chauffage urbain,https://ted.europa.eu/fr/notice/-/detail/5806-2020,nice cote d azur,0605C
5806-2020,2020-01-07,Métropole Nice Côte d'Azur,services,France-Nice: Chauffage urbain,https://ted.europa.eu/fr/notice/-/detail/5806-2020,nice cote d azur,0611C
35091-2020,2020-01-23,Rennes Métropole,works,France-Rennes: Travaux de construction de réseaux de chauffage urbain,https://ted.europa.eu/fr/notice/-/detail/35091-2020,rennes metropole,3504C
35091-2020,2020-01-23,Rennes Métropole,works,France-Rennes: Travaux de construction de réseaux de chauffage urbain,https://ted.europa.eu/fr/notice/-/detail/35091-2020,rennes metropole,3505C
35091-2020,2020-01-23,Rennes Métropole,works,France-Rennes: Travaux de construction de réseaux de chauffage urbain,https://ted.europa.eu/fr/notice/-/detail/35091-2020,rennes metropole,3506C
35091-2020,2020-01-23,Rennes Métropole,works,France-Rennes: Travaux de construction de réseaux de chauffage urbain,https://ted.europa.eu/fr/notice/-/detail/35091-2020,rennes metropole,3507C
35091-2020,2020-01-23,Rennes Métropole,works,France-Rennes: Travaux de construction de réseaux de chauffage urbain,https://ted.europa.eu/fr/notice/-/detail/35091-2020,rennes metropole,3512C
35091-2020,2020-01-23,Rennes Métropole,works,France-Rennes: Travaux de construction de réseaux de chauffage urbain,https://ted.europa.eu/fr/notice/-/detail/35091-2020,rennes metropole,3514C
50004-2020,2020-01-31,Commune d'Espalion,services,France-Espalion: Services publics,https://ted.europa.eu/fr/notice/-/detail/50004-2020,espalion,1208C
55792-2020,2020-02-05,Mairie de Moirans,works,France-Moirans: Chauffage urbain,https://ted.europa.eu/fr/notice/-/detail/55792-2020,moirans,3824C
65678-2020,2020-02-10,Communauté d'agglomération du Boulonnais,services,France-Boulogne-sur-Mer: Mise en état d'exploitation d'installations de chauffage,https://ted.europa.eu/fr/notice/-/detail/65678-2020,u boulonnais,6205C
65678-2020,2020-02-10,Communauté d'agglomération du Boulonnais,services,France-Boulogne-sur-Mer: Mise en état d'exploitation d'installations de chauffage,https://ted.europa.eu/fr/notice/-/detail/65678-2020,u boulonnais,6211C
65678-2020,2020-02-10,Communauté d'agglomération du Boulonnais,services,France-Boulogne-sur-Mer: Mise en état d'exploitation d'installations de chauffage,https://ted.europa.eu/fr/notice/-/detail/65678-2020,u boulonnais,6212C
81514-2020,2020-02-18,Commune de Rueil-Malmaison,services,France-Rueil-Malmaison: Mise en état d'exploitation d'installations de chauffage,https://ted.europa.eu/fr/notice/-/detail/81514-2020,rueil malmaison,9240C
83528-2020,2020-02-19,Toulouse Métropole,services,France-Toulouse: Services publics,https://ted.europa.eu/fr/notice/-/detail/83528-2020,toulouse metropole,3101C
83528-2020,2020-02-19,Toulouse Métropole,services,France-Toulouse: Services publics,https://ted.europa.eu/fr/notice/-/detail/83528-2020,toulouse metropole,3102C
83528-2020,2020-02-19,Toulouse Métropole,services,France-Toulouse: Services publics,https://ted.europa.eu/fr/notice/-/detail/83528-2020,toulouse metropole,3103C
83528-2020,2020-02-19,Toulouse Métropole,services,France-Toulouse: Services publics,https://ted.europa.eu/fr/notice/-/detail/83528-2020,toulouse metropole,3104C
83528-2020,2020-02-19,Toulouse Métropole,services,France-Toulouse: Services publics,https://ted.europa.eu/fr/notice/-/detail/83528-2020,toulouse metropole,3106C
83528-2020,2020-02-19,Toulouse Métropole,services,France-Toulouse: Services publics,https://ted.europa.eu/fr/notice/-/detail/83528-2020,toulouse metropole,3107C
83528-2020,2020-02-19,Toulouse Métropole,services,France-Toulouse: Services publics,https://ted.europa.eu/fr/notice/-/detail/83528-2020,toulouse metropole,3112C
83528-2020,2020-02-19,Toulouse Métropole,services,France-Toulouse: Services publics,https://ted.europa.eu/fr/notice/-/detail/83528-2020,toulouse metropole,3114C
95709-2020,2020-02-26,Commune d'Espalion,services,France-Espalion: Services publics,https://ted.europa.eu/fr/notice/-/detail/95709-2020,espalion,1208C
99381-2020,2020-02-28,Rennes Métropole,services,"France-Rennes: Services de réparation et d'entretien de pompes, de vannes, de robinets, de conteneurs en métal et de machines",https://ted.europa.eu/fr/notice/-/detail/99381-2020,rennes metropole,3504C
99381-2020,2020-02-28,Rennes Métropole,services,"France-Rennes: Services de réparation et d'entretien de pompes, de vannes, de robinets, de conteneurs en métal et de machines",https://ted.europa.eu/fr/notice/-/detail/99381-2020,rennes metropole,3505C
99381-2020,2020-02-28,Rennes Métropole,services,"France-Rennes: Services de réparation et d'entretien de pompes, de vannes, de robinets, de conteneurs en métal et de machines",https://ted.europa.eu/fr/notice/-/detail/99381-2020,rennes metropole,3506C
99381-2020,2020-02-28,Rennes Métropole,services,"France-Rennes: Services de réparation et d'entretien de pompes, de vannes, de robinets, de conteneurs en métal et de machines",https://ted.europa.eu/fr/notice/-/detail/99381-2020,rennes metropole,3507C
99381-2020,2020-02-28,Rennes Métropole,services,"France-Rennes: Services de réparation et d'entretien de pompes, de vannes, de robinets, de conteneurs en métal et de machines",https://ted.europa.eu/fr/notice/-/detail/99381-2020,rennes metropole,3512C
99381-2020,2020-02-28,Rennes Métropole,services,"France-Rennes: Services de réparation et d'entretien de pompes, de vannes, de robinets, de conteneurs en métal et de machines",https://ted.europa.eu/fr/notice/-/detail/99381-2020,rennes metropole,3514C
109249-2020,2020-03-05,Rennes Métropole,services,"France-Rennes: Services de réparation et d'entretien de pompes, de vannes, de robinets, de conteneurs en métal et de machines",https://ted.europa.eu/fr/notice/-/detail/109249-2020,rennes metropole,3504C
109249-2020,2020-03-05,Rennes Métropole,services,"France-Rennes: Services de réparation et d'entretien de pompes, de vannes, de robinets, de conteneurs en métal et de machines",https://ted.europa.eu/fr/notice/-/detail/109249-2020,rennes metropole,3505C
109249-2020,2020-03-05,Rennes Métropole,services,"France-Rennes: Services de réparation et d'entretien de pompes, de vannes, de robinets, de conteneurs en métal et de machines",https://ted.europa.eu/fr/notice/-/detail/109249-2020,rennes metropole,3506C
109249-2020,2020-03-05,Rennes Métropole,services,"France-Rennes: Services de réparation et d'entretien de pompes, de vannes, de robinets, de conteneurs en métal et de machines",https://ted.europa.eu/fr/notice/-/detail/109249-2020,rennes metropole,3507C
109249-2020,2020-03-05,Rennes Métropole,services,"France-Rennes: Services de réparation et d'entretien de pompes, de vannes, de robinets, de conteneurs en métal et de machines",https://ted.europa.eu/fr/notice/-/detail/109249-2020,rennes metropole,3512C
109249-2020,2020-03-05,Rennes Métropole,services,"France-Rennes: Services de réparation et d'entretien de pompes, de vannes, de robinets, de conteneurs en métal et de machines",https://ted.europa.eu/fr/notice/-/detail/109249-2020,rennes metropole,3514C
154228-2020,2020-03-31,Commune de Rueil-Malmaison,services,France-Rueil-Malmaison: Mise en état d'exploitation d'installations de chauffage,https://ted.europa.eu/fr/notice/-/detail/154228-2020,rueil malmaison,9240C
155957-2020,2020-04-01,Rennes Métropole,services,"France-Rennes: Services de réparation et d'entretien de pompes, de vannes, de robinets, de conteneurs en métal et de machines",https://ted.europa.eu/fr/notice/-/detail/155957-2020,rennes metropole,3504C
155957-2020,2020-04-01,Rennes Métropole,services,"France-Rennes: Services de réparation et d'entretien de pompes, de vannes, de robinets, de conteneurs en métal et de machines",https://ted.europa.eu/fr/notice/-/detail/155957-2020,rennes metropole,3505C
155957-2020,2020-04-01,Rennes Métropole,services,"France-Rennes: Services de réparation et d'entretien de pompes, de vannes, de robinets, de conteneurs en métal et de machines",https://ted.europa.eu/fr/notice/-/detail/155957-2020,rennes metropole,3506C
155957-2020,2020-04-01,Rennes Métropole,services,"France-Rennes: Services de réparation et d'entretien de pompes, de vannes, de robinets, de conteneurs en métal et de machines",https://ted.europa.eu/fr/notice/-/detail/155957-2020,rennes metropole,3507C
155957-2020,2020-04-01,Rennes Métropole,services,"France-Rennes: Services de réparation et d'entretien de pompes, de vannes, de robinets, de conteneurs en métal et de machines",https://ted.europa.eu/fr/notice/-/detail/155957-2020,rennes metropole,3512C
155957-2020,2020-04-01,Rennes Métropole,services,"France-Rennes: Services de réparation et d'entretien de pompes, de vannes, de robinets, de conteneurs en métal et de machines",https://ted.europa.eu/fr/notice/-/detail/155957-2020,rennes metropole,3514C
156268-2020,2020-04-01,Brest Métropole,services,France-Brest: Énergie et services connexes,https://ted.europa.eu/fr/notice/-/detail/156268-2020,brest metropole,2901C
156268-2020,2020-04-01,Brest Métropole,services,France-Brest: Énergie et services connexes,https://ted.europa.eu/fr/notice/-/detail/156268-2020,brest metropole,2902C
156268-2020,2020-04-01,Brest Métropole,services,France-Brest: Énergie et services connexes,https://ted.europa.eu/fr/notice/-/detail/156268-2020,brest metropole,2905C
165450-2020,2020-04-07,Métropole Rouen Normandie,services,France-Rouen: Mise en état d'exploitation d'installations de chauffage,https://ted.europa.eu/fr/notice/-/detail/165450-2020,rouen normandie,7601C
165450-2020,2020-04-07,Métropole Rouen Normandie,services,France-Rouen: Mise en état d'exploitation d'installations de chauffage,https://ted.europa.eu/fr/notice/-/detail/165450-2020,rouen normandie,7605C
165450-2020,2020-04-07,Métropole Rouen Normandie,services,France-Rouen: Mise en état d'exploitation d'installations de chauffage,https://ted.europa.eu/fr/notice/-/detail/165450-2020,rouen normandie,7606C
165450-2020,2020-04-07,Métropole Rouen Normandie,services,France-Rouen: Mise en état d'exploitation d'installations de chauffage,https://ted.europa.eu/fr/notice/-/detail/165450-2020,rouen normandie,7607C
165450-2020,2020-04-07,Métropole Rouen Normandie,services,France-Rouen: Mise en état d'exploitation d'installations de chauffage,https://ted.europa.eu/fr/notice/-/detail/165450-2020,rouen normandie,7608C
165450-2020,2020-04-07,Métropole Rouen Normandie,services,France-Rouen: Mise en état d'exploitation d'installations de chauffage,https://ted.europa.eu/fr/notice/-/detail/165450-2020,rouen normandie,7612C
165450-2020,2020-04-07,Métropole Rouen Normandie,services,France-Rouen: Mise en état d'exploitation d'installations de chauffage,https://ted.europa.eu/fr/notice/-/detail/165450-2020,rouen normandie,7614C
165450-2020,2020-04-07,Métropole Rouen Normandie,services,France-Rouen: Mise en état d'exploitation d'installations de chauffage,https://ted.europa.eu/fr/notice/-/detail/165450-2020,rouen normandie,7615C
165450-2020,2020-04-07,Métropole Rouen Normandie,services,France-Rouen: Mise en état d'exploitation d'installations de chauffage,https://ted.europa.eu/fr/notice/-/detail/165450-2020,rouen normandie,7619C
165450-2020,2020-04-07,Métropole Rouen Normandie,services,France-Rouen: Mise en état d'exploitation d'installations de chauffage,https://ted.europa.eu/fr/notice/-/detail/165450-2020,rouen normandie,7620C
165550-2020,2020-04-07,Communauté d'agglomération du Boulonnais,services,France-Boulogne-sur-Mer: Mise en état d'exploitation d'installations de chauffage,https://ted.europa.eu/fr/notice/-/detail/165550-2020,u boulonnais,6205C
165550-2020,2020-04-07,Communauté d'agglomération du Boulonnais,services,France-Boulogne-sur-Mer: Mise en état d'exploitation d'installations de chauffage,https://ted.europa.eu/fr/notice/-/detail/165550-2020,u boulonnais,6211C
165550-2020,2020-04-07,Communauté d'agglomération du Boulonnais,services,France-Boulogne-sur-Mer: Mise en état d'exploitation d'installations de chauffage,https://ted.europa.eu/fr/notice/-/detail/165550-2020,u boulonnais,6212C
167668-2020,2020-04-08,Métropole Nice Côte d'Azur,services,France-Nice: Énergie et services connexes,https://ted.europa.eu/fr/notice/-/detail/167668-2020,nice cote d azur,0602C
167668-2020,2020-04-08,Métropole Nice Côte d'Azur,services,France-Nice: Énergie et services connexes,https://ted.europa.eu/fr/notice/-/detail/167668-2020,nice cote d azur,0606C
167668-2020,2020-04-08,Métropole Nice Côte d'Azur,services,France-Nice: Énergie et services connexes,https://ted.europa.eu/fr/notice/-/detail/167668-2020,nice cote d azur,0609C
167668-2020,2020-04-08,Métropole Nice Côte d'Azur,services,France-Nice: Énergie et services connexes,https://ted.europa.eu/fr/notice/-/detail/167668-2020,nice cote d azur,0605C
167668-2020,2020-04-08,Métropole Nice Côte d'Azur,services,France-Nice: Énergie et services connexes,https://ted.europa.eu/fr/notice/-/detail/167668-2020,nice cote d azur,0611C
187460-2020,2020-04-22,Commune de Châlons-en-Champagne,services,France-Châlons-en-Champagne: Mise en état d'exploitation d'installations de chauffage,https://ted.europa.eu/fr/notice/-/detail/187460-2020,chalons en champagne,5107C
187460-2020,2020-04-22,Commune de Châlons-en-Champagne,services,France-Châlons-en-Champagne: Mise en état d'exploitation d'installations de chauffage,https://ted.europa.eu/fr/notice/-/detail/187460-2020,chalons en champagne,5110C
235870-2020,2020-05-20,Métropole Nice Côte d'Azur,services,France-Nice: Énergie et services connexes,https://ted.europa.eu/fr/notice/-/detail/235870-2020,nice cote d azur,0602C
235870-2020,2020-05-20,Métropole Nice Côte d'Azur,services,France-Nice: Énergie et services connexes,https://ted.europa.eu/fr/notice/-/detail/235870-2020,nice cote d azur,0606C
235870-2020,2020-05-20,Métropole Nice Côte d'Azur,services,France-Nice: Énergie et services connexes,https://ted.europa.eu/fr/notice/-/detail/235870-2020,nice cote d azur,0609C
235870-2020,2020-05-20,Métropole Nice Côte d'Azur,services,France-Nice: Énergie et services connexes,https://ted.europa.eu/fr/notice/-/detail/235870-2020,nice cote d azur,0605C
235870-2020,2020-05-20,Métropole Nice Côte d'Azur,services,France-Nice: Énergie et services connexes,https://ted.europa.eu/fr/notice/-/detail/235870-2020,nice cote d azur,0611C
237643-2020,2020-05-22,Ville d'Orléans,services,France-Orléans: Services de réparation et d'entretien de chauffage central,https://ted.europa.eu/fr/notice/-/detail/237643-2020,orleans,4501C
237643-2020,2020-05-22,Ville d'Orléans,services,France-Orléans: Services de réparation et d'entretien de chauffage central,https://ted.europa.eu/fr/notice/-/detail/237643-2020,orleans,4503C
255226-2020,2020-06-02,Ville de Montargis,services,France-Montargis: Services de maintenance de systèmes,https://ted.europa.eu/fr/notice/-/detail/255226-2020,montargis,4504C
258172-2020,2020-06-03,Commune de Rueil-Malmaison,services,France-Rueil-Malmaison: Mise en état d'exploitation d'installations de chauffage,https://ted.europa.eu/fr/notice/-/detail/258172-2020,rueil malmaison,9240C
268310-2020,2020-06-09,Commune de Rueil-Malmaison,services,France-Rueil-Malmaison: Mise en état d'exploitation d'installations de chauffage,https://ted.europa.eu/fr/notice/-/detail/268310-2020,rueil malmaison,9240C
305052-2020,2020-06-30,Plateau d'Hauteville,services,France-Plateau d'Hauteville: Autres sources d'approvisionnement en énergie et leur distribution,https://ted.europa.eu/fr/notice/-/detail/305052-2020,plateau d hauteville,0102C
305052-2020,2020-06-30,Plateau d'Hauteville,services,France-Plateau d'Hauteville: Autres sources d'approvisionnement en énergie et leur distribution,https://ted.europa.eu/fr/notice/-/detail/305052-2020,plateau d hauteville,0111C
321736-2020,2020-07-09,Rennes Métropole,services,"France-Rennes: Services de réparation et d'entretien de pompes, de vannes, de robinets, de conteneurs en métal et de machines",https://ted.europa.eu/fr/notice/-/detail/321736-2020,rennes metropole,3504C
321736-2020,2020-07-09,Rennes Métropole,services,"France-Rennes: Services de réparation et d'entretien de pompes, de vannes, de robinets, de conteneurs en métal et de machines",https://ted.europa.eu/fr/notice/-/detail/321736-2020,rennes metropole,3505C
321736-2020,2020-07-09,Rennes Métropole,services,"France-Rennes: Services de réparation et d'entretien de pompes, de vannes, de robinets, de conteneurs en métal et de machines",https://ted.europa.eu/fr/notice/-/detail/321736-2020,rennes metropole,3506C
321736-2020,2020-07-09,Rennes Métropole,services,"France-Rennes: Services de réparation et d'entretien de pompes, de vannes, de robinets, de conteneurs en métal et de machines",https://ted.europa.eu/fr/notice/-/detail/321736-2020,rennes metropole,3507C
321736-2020,2020-07-09,Rennes Métropole,services,"France-Rennes: Services de réparation et d'entretien de pompes, de vannes, de robinets, de conteneurs en métal et de machines",https://ted.europa.eu/fr/notice/-/detail/321736-2020,rennes metropole,3512C
321736-2020,2020-07-09,Rennes Métropole,services,"France-Rennes: Services de réparation et d'entretien de pompes, de vannes, de robinets, de conteneurs en métal et de machines",https://ted.europa.eu/fr/notice/-/detail/321736-2020,rennes metropole,3514C
348402-2020,2020-07-24,Ville de Cormeilles-en-Parisis,works,France-Cormeilles-en-Parisis: Travaux de construction,https://ted.europa.eu/fr/notice/-/detail/348402-2020,cormeilles en parisis,9519C
358530-2020,2020-07-30,Ville de Cormeilles-en-Parisis,works,France-Cormeilles-en-Parisis: Travaux de construction,https://ted.europa.eu/fr/notice/-/detail/358530-2020,cormeilles en parisis,9519C
389013-2020,2020-08-18,Bordeaux Métropole,services,France-Bordeaux: Distribution de gaz et services connexes,https://ted.europa.eu/fr/notice/-/detail/389013-2020,bordeaux metropole,3302C
389013-2020,2020-08-18,Bordeaux Métropole,services,France-Bordeaux: Distribution de gaz et services connexes,https://ted.europa.eu/fr/notice/-/detail/389013-2020,bordeaux metropole,3303C
389013-2020,2020-08-18,Bordeaux Métropole,services,France-Bordeaux: Distribution de gaz et services connexes,https://ted.europa.eu/fr/notice/-/detail/389013-2020,bordeaux metropole,3304C
389013-2020,2020-08-18,Bordeaux Métropole,services,France-Bordeaux: Distribution de gaz et services connexes,https://ted.europa.eu/fr/notice/-/detail/389013-2020,bordeaux metropole,3315C
389013-2020,2020-08-18,Bordeaux Métropole,services,France-Bordeaux: Distribution de gaz et services connexes,https://ted.europa.eu/fr/notice/-/detail/389013-2020,bordeaux metropole,3316C
389013-2020,2020-08-18,Bordeaux Métropole,services,France-Bordeaux: Distribution de gaz et services connexes,https://ted.europa.eu/fr/notice/-/detail/389013-2020,bordeaux metropole,3317C
389013-2020,2020-08-18,Bordeaux Métropole,services,France-Bordeaux: Distribution de gaz et services connexes,https://ted.europa.eu/fr/notice/-/detail/389013-2020,bordeaux metropole,3318C
389013-2020,2020-08-18,Bordeaux Métropole,services,France-Bordeaux: Distribution de gaz et services connexes,https://ted.europa.eu/fr/notice/-/detail/389013-2020,bordeaux metropole,3319C
389013-2020,2020-08-18,Bordeaux Métropole,services,France-Bordeaux: Distribution de gaz et services connexes,https://ted.europa.eu/fr/notice/-/detail/389013-2020,bordeaux metropole,3324C
389013-2020,2020-08-18,Bordeaux Métropole,services,France-Bordeaux: Distribution de gaz et services connexes,https://ted.europa.eu/fr/notice/-/detail/389013-2020,bordeaux metropole,3325C
389013-2020,2020-08-18,Bordeaux Métropole,services,France-Bordeaux: Distribution de gaz et services connexes,https://ted.europa.eu/fr/notice/-/detail/389013-2020,bordeaux metropole,3326C
389013-2020,2020-08-18,Bordeaux Métropole,services,France-Bordeaux: Distribution de gaz et services connexes,https://ted.europa.eu/fr/notice/-/detail/389013-2020,bordeaux metropole,3327C
389013-2020,2020-08-18,Bordeaux Métropole,services,France-Bordeaux: Distribution de gaz et services connexes,https://ted.europa.eu/fr/notice/-/detail/389013-2020,bordeaux metropole,3328C
389013-2020,2020-08-18,Bordeaux Métropole,services,France-Bordeaux: Distribution de gaz et services connexes,https://ted.europa.eu/fr/notice/-/detail/389013-2020,bordeaux metropole,3334C
389013-2020,2020-08-18,Bordeaux Métropole,services,France-Bordeaux: Distribution de gaz et services connexes,https://ted.europa.eu/fr/notice/-/detail/389013-2020,bordeaux metropole,3335C
389013-2020,2020-08-18,Bordeaux Métropole,services,France-Bordeaux: Distribution de gaz et services connexes,https://ted.europa.eu/fr/notice/-/detail/389013-2020,bordeaux metropole,7301C
389013-2020,2020-08-18,Bordeaux Métropole,services,France-Bordeaux: Distribution de gaz et services connexes,https://ted.europa.eu/fr/notice/-/detail/389013-2020,bordeaux metropole,3329C
428384-2020,2020-09-11,Bordeaux Métropole,services,France-Bordeaux: Mise en état d'exploitation d'installations de chauffage,https://ted.europa.eu/fr/notice/-/detail/428384-2020,bordeaux metropole,3302C
428384-2020,2020-09-11,Bordeaux Métropole,services,France-Bordeaux: Mise en état d'exploitation d'installations de chauffage,https://ted.europa.eu/fr/notice/-/detail/428384-2020,bordeaux metropole,3303C
428384-2020,2020-09-11,Bordeaux Métropole,services,France-Bordeaux: Mise en état d'exploitation d'installations de chauffage,https://ted.europa.eu/fr/notice/-/detail/428384-2020,bordeaux metropole,3304C
428384-2020,2020-09-11,Bordeaux Métropole,services,France-Bordeaux: Mise en état d'exploitation d'installations de chauffage,https://ted.europa.eu/fr/notice/-/detail/428384-2020,bordeaux metropole,3315C
428384-2020,2020-09-11,Bordeaux Métropole,services,France-Bordeaux: Mise en état d'exploitation d'installations de chauffage,https://ted.europa.eu/fr/notice/-/detail/428384-2020,bordeaux metropole,3316C
428384-2020,2020-09-11,Bordeaux Métropole,services,France-Bordeaux: Mise en état d'exploitation d'installations de chauffage,https://ted.europa.eu/fr/notice/-/detail/428384-2020,bordeaux metropole,3317C
428384-2020,2020-09-11,Bordeaux Métropole,services,France-Bordeaux: Mise en état d'exploitation d'installations de chauffage,https://ted.europa.eu/fr/notice/-/detail/428384-2020,bordeaux metropole,3318C
428384-2020,2020-09-11,Bordeaux Métropole,services,France-Bordeaux: Mise en état d'exploitation d'installations de chauffage,https://ted.europa.eu/fr/notice/-/detail/428384-2020,bordeaux metropole,3319C
428384-2020,2020-09-11,Bordeaux Métropole,services,France-Bordeaux: Mise en état d'exploitation d'installations de chauffage,https://ted.europa.eu/fr/notice/-/detail/428384-2020,bordeaux metropole,3324C
428384-2020,2020-09-11,Bordeaux Métropole,services,France-Bordeaux: Mise en état d'exploitation d'installations de chauffage,https://ted.europa.eu/fr/notice/-/detail/428384-2020,bordeaux metropole,3325C
428384-2020,2020-09-11,Bordeaux Métropole,services,France-Bordeaux: Mise en état d'exploitation d'installations de chauffage,https://ted.europa.eu/fr/notice/-/detail/428384-2020,bordeaux metropole,3326C
428384-2020,2020-09-11,Bordeaux Métropole,services,France-Bordeaux: Mise en état d'exploitation d'installations de chauffage,https://ted.europa.eu/fr/notice/-/detail/428384-2020,bordeaux metropole,3327C
428384-2020,2020-09-11,Bordeaux Métropole,services,France-Bordeaux: Mise en état d'exploitation d'installations de chauffage,https://ted.europa.eu/fr/notice/-/detail/428384-2020,bordeaux metropole,3328C
428384-2020,2020-09-11,Bordeaux Métropole,services,France-Bordeaux: Mise en état d'exploitation d'installations de chauffage,https://ted.europa.eu/fr/notice/-/detail/428384-2020,bordeaux metropole,3334C
428384-2020,2020-09-11,Bordeaux Métropole,services,France-Bordeaux: Mise en état d'exploitation d'installations de chauffage,https://ted.europa.eu/fr/notice/-/detail/428384-2020,bordeaux metropole,3335C
428384-2020,2020-09-11,Bordeaux Métropole,services,France-Bordeaux: Mise en état d'exploitation d'installations de chauffage,https://ted.europa.eu/fr/notice/-/detail/428384-2020,bordeaux metropole,7301C
428384-2020,2020-09-11,Bordeaux Métropole,services,France-Bordeaux: Mise en état d'exploitation d'installations de chauffage,https://ted.europa.eu/fr/notice/-/detail/428384-2020,bordeaux metropole,3329C
506055-2020,2020-10-23,Bordeaux Métropole,services,France-Bordeaux: Distribution de gaz et services connexes,https://ted.europa.eu/fr/notice/-/detail/506055-2020,bordeaux metropole,3302C
506055-2020,2020-10-23,Bordeaux Métropole,services,France-Bordeaux: Distribution de gaz et services connexes,https://ted.europa.eu/fr/notice/-/detail/506055-2020,bordeaux metropole,3303C
506055-2020,2020-10-23,Bordeaux Métropole,services,France-Bordeaux: Distribution de gaz et services connexes,https://ted.europa.eu/fr/notice/-/detail/506055-2020,bordeaux metropole,3304C
506055-2020,2020-10-23,Bordeaux Métropole,services,France-Bordeaux: Distribution de gaz et services connexes,https://ted.europa.eu/fr/notice/-/detail/506055-2020,bordeaux metropole,3315C
506055-2020,2020-10-23,Bordeaux Métropole,services,France-Bordeaux: Distribution de gaz et services connexes,https://ted.europa.eu/fr/notice/-/detail/506055-2020,bordeaux metropole,3316C
506055-2020,2020-10-23,Bordeaux Métropole,services,France-Bordeaux: Distribution de gaz et services connexes,https://ted.europa.eu/fr/notice/-/detail/506055-2020,bordeaux metropole,3317C
506055-2020,2020-10-23,Bordeaux Métropole,services,France-Bordeaux: Distribution de gaz et services connexes,https://ted.europa.eu/fr/notice/-/detail/506055-2020,bordeaux metropole,3318C
506055-2020,2020-10-23,Bordeaux Métropole,services,France-Bordeaux: Distribution de gaz et services connexes,https://ted.europa.eu/fr/notice/-/detail/506055-2020,bordeaux metropole,3319C
506055-2020,2020-10-23,Bordeaux Métropole,services,France-Bordeaux: Distribution de gaz et services connexes,https://ted.europa.eu/fr/notice/-/detail/506055-2020,bordeaux metropole,3324C
506055-2020,2020-10-23,Bordeaux Métropole,services,France-Bordeaux: Distribution de gaz et services connexes,https://ted.europa.eu/fr/notice/-/detail/506055-2020,bordeaux metropole,3325C
506055-2020,2020-10-23,Bordeaux Métropole,services,France-Bordeaux: Distribution de gaz et services connexes,https://ted.europa.eu/fr/notice/-/detail/506055-2020,bordeaux metropole,3326C
506055-2020,2020-10-23,Bordeaux Métropole,services,France-Bordeaux: Distribution de gaz et services connexes,https://ted.europa.eu/fr/notice/-/detail/506055-2020,bordeaux metropole,3327C
506055-2020,2020-10-23,Bordeaux Métropole,services,France-Bordeaux: Distribution de gaz et services connexes,https://ted.europa.eu/fr/notice/-/detail/506055-2020,bordeaux metropole,3328C
506055-2020,2020-10-23,Bordeaux Métropole,services,France-Bordeaux: Distribution de gaz et services connexes,https://ted.europa.eu/fr/notice/-/detail/506055-2020,bordeaux metropole,3334C
506055-2020,2020-10-23,Bordeaux Métropole,services,France-Bordeaux: Distribution de gaz et services connexes,https://ted.europa.eu/fr/notice/-/detail/506055-2020,bordeaux metropole,3335C
506055-2020,2020-10-23,Bordeaux Métropole,services,France-Bordeaux: Distribution de gaz et services connexes,https://ted.europa.eu/fr/notice/-/detail/506055-2020,bordeaux metropole,7301C
506055-2020,2020-10-23,Bordeaux Métropole,services,France-Bordeaux: Distribution de gaz et services connexes,https://ted.europa.eu/fr/notice/-/detail/506055-2020,bordeaux metropole,3329C
526675-2020,2020-11-04,Communauté de communes des Hauts de Flandre,supplies,France-Bergues: Chauffage urbain,https://ted.europa.eu/fr/notice/-/detail/526675-2020,s hauts de flandre,5924C
535916-2020,2020-11-09,Ville d'Orléans,services,France-Orléans: Services de réparation et d'entretien de chauffage central,https://ted.europa.eu/fr/notice/-/detail/535916-2020,orleans,4501C
535916-2020,2020-11-09,Ville d'Orléans,services,France-Orléans: Services de réparation et d'entretien de chauffage central,https://ted.europa.eu/fr/notice/-/detail/535916-2020,orleans,4503C
560249-2020,2020-11-20,Ville de Bischwiller,services,France-Bischwiller: Services publics,https://ted.europa.eu/fr/notice/-/detail/560249-2020,bischwiller,6742C
578847-2020,2020-12-01,Ville de La Ravoire,services,France-La Ravoire: Autres sources d'approvisionnement en énergie et leur distribution,https://ted.europa.eu/fr/notice/-/detail/578847-2020,la ravoire,7320C
23690-2021,2021-01-18,Ville de Noisy-le-Grand,services,France-Noisy-le-Grand: Mise en état d'exploitation d'installations de chauffage,https://ted.europa.eu/fr/notice/-/detail/23690-2021,noisy le grand,9328C
29207-2021,2021-01-20,Ville de Puteaux,services,France-Puteaux: Autres sources d'approvisionnement en énergie et leur distribution,https://ted.europa.eu/fr/notice/-/detail/29207-2021,puteaux,9225C
29207-2021,2021-01-20,Ville de Puteaux,services,France-Puteaux: Autres sources d'approvisionnement en énergie et leur distribution,https://ted.europa.eu/fr/notice/-/detail/29207-2021,puteaux,9230C
139988-2021,2021-03-19,Ville de Belfort,services,France-Belfort: Mise en état d'exploitation d'installations de chauffage,https://ted.europa.eu/fr/notice/-/detail/139988-2021,belfort,9002C
172542-2021,2021-04-06,Métropole de Lyon,services,France-Lyon: Services publics,https://ted.europa.eu/fr/notice/-/detail/172542-2021,lyon,6901C
172542-2021,2021-04-06,Métropole de Lyon,services,France-Lyon: Services publics,https://ted.europa.eu/fr/notice/-/detail/172542-2021,lyon,6904C
172542-2021,2021-04-06,Métropole de Lyon,services,France-Lyon: Services publics,https://ted.europa.eu/fr/notice/-/detail/172542-2021,lyon,6905C
172542-2021,2021-04-06,Métropole de Lyon,services,France-Lyon: Services publics,https://ted.europa.eu/fr/notice/-/detail/172542-2021,lyon,6906C
172542-2021,2021-04-06,Métropole de Lyon,services,France-Lyon: Services publics,https://ted.europa.eu/fr/notice/-/detail/172542-2021,lyon,6912C
172542-2021,2021-04-06,Métropole de Lyon,services,France-Lyon: Services publics,https://ted.europa.eu/fr/notice/-/detail/172542-2021,lyon,6915C
172542-2021,2021-04-06,Métropole de Lyon,services,France-Lyon: Services publics,https://ted.europa.eu/fr/notice/-/detail/172542-2021,lyon,6923C
172542-2021,2021-04-06,Métropole de Lyon,services,France-Lyon: Services publics,https://ted.europa.eu/fr/notice/-/detail/172542-2021,lyon,6930C
172542-2021,2021-04-06,Métropole de Lyon,services,France-Lyon: Services publics,https://ted.europa.eu/fr/notice/-/detail/172542-2021,lyon,6902C
172542-2021,2021-04-06,Métropole de Lyon,services,France-Lyon: Services publics,https://ted.europa.eu/fr/notice/-/detail/172542-2021,lyon,6908C
172542-2021,2021-04-06,Métropole de Lyon,services,France-Lyon: Services publics,https://ted.europa.eu/fr/notice/-/detail/172542-2021,lyon,6914C
172542-2021,2021-04-06,Métropole de Lyon,services,France-Lyon: Services publics,https://ted.europa.eu/fr/notice/-/detail/172542-2021,lyon,6921C
179283-2021,2021-04-12,Métropole Toulon Provence Méditerranée,services,France-Toulon: Services publics,https://ted.europa.eu/fr/notice/-/detail/179283-2021,toulon provence mediterranee,8301C
179283-2021,2021-04-12,Métropole Toulon Provence Méditerranée,services,France-Toulon: Services publics,https://ted.europa.eu/fr/notice/-/detail/179283-2021,toulon provence mediterranee,8304C
179283-2021,2021-04-12,Métropole Toulon Provence Méditerranée,services,France-Toulon: Services publics,https://ted.europa.eu/fr/notice/-/detail/179283-2021,toulon provence mediterranee,8307C
179569-2021,2021-04-12,Ville de Lunéville,works,France-Lunéville: Travaux de construction de réseaux de chauffage urbain,https://ted.europa.eu/fr/notice/-/detail/179569-2021,luneville,5417C
190230-2021,2021-04-16,Commune de Gonesse,services,France-Gonesse: Mise en état d'exploitation d'installations de chauffage,https://ted.europa.eu/fr/notice/-/detail/190230-2021,gonesse,9514C
204495-2021,2021-04-23,Ville d'Issoire,works,France-Issoire: Travaux de construction de réseaux de chauffage urbain,https://ted.europa.eu/fr/notice/-/detail/204495-2021,issoire,6319C
321953-2021,2021-06-25,Ville d'Épernay,works,France-Épernay: Travaux de construction de réseaux de chauffage urbain,https://ted.europa.eu/fr/notice/-/detail/321953-2021,epernay,5104C
329432-2021,2021-06-30,Métropole de Lyon,works,France-Lyon: Services publics,https://ted.europa.eu/fr/notice/-/detail/329432-2021,lyon,6901C
329432-2021,2021-06-30,Métropole de Lyon,works,France-Lyon: Services publics,https://ted.europa.eu/fr/notice/-/detail/329432-2021,lyon,6904C
329432-2021,2021-06-30,Métropole de Lyon,works,France-Lyon: Services publics,https://ted.europa.eu/fr/notice/-/detail/329432-2021,lyon,6905C
329432-2021,2021-06-30,Métropole de Lyon,works,France-Lyon: Services publics,https://ted.europa.eu/fr/notice/-/detail/329432-2021,lyon,6906C
329432-2021,2021-06-30,Métropole de Lyon,works,France-Lyon: Services publics,https://ted.europa.eu/fr/notice/-/detail/329432-2021,lyon,6912C
329432-2021,2021-06-30,Métropole de Lyon,works,France-Lyon: Services publics,https://ted.europa.eu/fr/notice/-/detail/329432-2021,lyon,6915C
329432-2021,2021-06-30,Métropole de Lyon,works,France-Lyon: Services publics,https://ted.europa.eu/fr/notice/-/detail/329432-2021,lyon,6923C
329432-2021,2021-06-30,Métropole de Lyon,works,France-Lyon: Services publics,https://ted.europa.eu/fr/notice/-/detail/329432-2021,lyon,6930C
329432-2021,2021-06-30,Métropole de Lyon,works,France-Lyon: Services publics,https://ted.europa.eu/fr/notice/-/detail/329432-2021,lyon,6902C
329432-2021,2021-06-30,Métropole de Lyon,works,France-Lyon: Services publics,https://ted.europa.eu/fr/notice/-/detail/329432-2021,lyon,6908C
329432-2021,2021-06-30,Métropole de Lyon,works,France-Lyon: Services publics,https://ted.europa.eu/fr/notice/-/detail/329432-2021,lyon,6914C
329432-2021,2021-06-30,Métropole de Lyon,works,France-Lyon: Services publics,https://ted.europa.eu/fr/notice/-/detail/329432-2021,lyon,6921C
352252-2021,2021-07-12,Nantes Métropole,works,France-Nantes: Travaux de construction de réseaux de chauffage urbain,https://ted.europa.eu/fr/notice/-/detail/352252-2021,nantes metropole,4401C
352252-2021,2021-07-12,Nantes Métropole,works,France-Nantes: Travaux de construction de réseaux de chauffage urbain,https://ted.europa.eu/fr/notice/-/detail/352252-2021,nantes metropole,4403C
352252-2021,2021-07-12,Nantes Métropole,works,France-Nantes: Travaux de construction de réseaux de chauffage urbain,https://ted.europa.eu/fr/notice/-/detail/352252-2021,nantes metropole,4405C
352252-2021,2021-07-12,Nantes Métropole,works,France-Nantes: Travaux de construction de réseaux de chauffage urbain,https://ted.europa.eu/fr/notice/-/detail/352252-2021,nantes metropole,4406C
352252-2021,2021-07-12,Nantes Métropole,works,France-Nantes: Travaux de construction de réseaux de chauffage urbain,https://ted.europa.eu/fr/notice/-/detail/352252-2021,nantes metropole,4407C
352252-2021,2021-07-12,Nantes Métropole,works,France-Nantes: Travaux de construction de réseaux de chauffage urbain,https://ted.europa.eu/fr/notice/-/detail/352252-2021,nantes metropole,4408C
352252-2021,2021-07-12,Nantes Métropole,works,France-Nantes: Travaux de construction de réseaux de chauffage urbain,https://ted.europa.eu/fr/notice/-/detail/352252-2021,nantes metropole,4410C
352252-2021,2021-07-12,Nantes Métropole,works,France-Nantes: Travaux de construction de réseaux de chauffage urbain,https://ted.europa.eu/fr/notice/-/detail/352252-2021,nantes metropole,4411C
389874-2021,2021-07-30,Métropole d'Aix-Marseille-Provence,services,France-Marseille: Mise en état d'exploitation d'installations de chauffage,https://ted.europa.eu/fr/notice/-/detail/389874-2021,aix marseille provence,1302C
389874-2021,2021-07-30,Métropole d'Aix-Marseille-Provence,services,France-Marseille: Mise en état d'exploitation d'installations de chauffage,https://ted.europa.eu/fr/notice/-/detail/389874-2021,aix marseille provence,1303C
389874-2021,2021-07-30,Métropole d'Aix-Marseille-Provence,services,France-Marseille: Mise en état d'exploitation d'installations de chauffage,https://ted.europa.eu/fr/notice/-/detail/389874-2021,aix marseille provence,1310C
389874-2021,2021-07-30,Métropole d'Aix-Marseille-Provence,services,France-Marseille: Mise en état d'exploitation d'installations de chauffage,https://ted.europa.eu/fr/notice/-/detail/389874-2021,aix marseille provence,1311C
389874-2021,2021-07-30,Métropole d'Aix-Marseille-Provence,services,France-Marseille: Mise en état d'exploitation d'installations de chauffage,https://ted.europa.eu/fr/notice/-/detail/389874-2021,aix marseille provence,1315C
389874-2021,2021-07-30,Métropole d'Aix-Marseille-Provence,services,France-Marseille: Mise en état d'exploitation d'installations de chauffage,https://ted.europa.eu/fr/notice/-/detail/389874-2021,aix marseille provence,1317C
389874-2021,2021-07-30,Métropole d'Aix-Marseille-Provence,services,France-Marseille: Mise en état d'exploitation d'installations de chauffage,https://ted.europa.eu/fr/notice/-/detail/389874-2021,aix marseille provence,1318C
389874-2021,2021-07-30,Métropole d'Aix-Marseille-Provence,services,France-Marseille: Mise en état d'exploitation d'installations de chauffage,https://ted.europa.eu/fr/notice/-/detail/389874-2021,aix marseille provence,1319C
389874-2021,2021-07-30,Métropole d'Aix-Marseille-Provence,services,France-Marseille: Mise en état d'exploitation d'installations de chauffage,https://ted.europa.eu/fr/notice/-/detail/389874-2021,aix marseille provence,1320C
389874-2021,2021-07-30,Métropole d'Aix-Marseille-Provence,services,France-Marseille: Mise en état d'exploitation d'installations de chauffage,https://ted.europa.eu/fr/notice/-/detail/389874-2021,aix marseille provence,1321C
389874-2021,2021-07-30,Métropole d'Aix-Marseille-Provence,services,France-Marseille: Mise en état d'exploitation d'installations de chauffage,https://ted.europa.eu/fr/notice/-/detail/389874-2021,aix marseille provence,1322C
389874-2021,2021-07-30,Métropole d'Aix-Marseille-Provence,services,France-Marseille: Mise en état d'exploitation d'installations de chauffage,https://ted.europa.eu/fr/notice/-/detail/389874-2021,aix marseille provence,1323C
389874-2021,2021-07-30,Métropole d'Aix-Marseille-Provence,services,France-Marseille: Mise en état d'exploitation d'installations de chauffage,https://ted.europa.eu/fr/notice/-/detail/389874-2021,aix marseille provence,1306C
398354-2021,2021-08-04,ville de Calais,services,France-Calais: Prestations de services pour la collectivité,https://ted.europa.eu/fr/notice/-/detail/398354-2021,calais,6207C
404765-2021,2021-08-09,commune D'Ambert,services,"France-Ambert: Services de réparation et d'entretien de pompes, de vannes, de robinets, de conteneurs en métal et de machines",https://ted.europa.eu/fr/notice/-/detail/404765-2021,ambert,6310C
447422-2021,2021-09-03,TOULOUSE METROPOLE,services,France-Toulouse: Services publics,https://ted.europa.eu/fr/notice/-/detail/447422-2021,toulouse metropole,3101C
447422-2021,2021-09-03,TOULOUSE METROPOLE,services,France-Toulouse: Services publics,https://ted.europa.eu/fr/notice/-/detail/447422-2021,toulouse metropole,3102C
447422-2021,2021-09-03,TOULOUSE METROPOLE,services,France-Toulouse: Services publics,https://ted.europa.eu/fr/notice/-/detail/447422-2021,toulouse metropole,3103C
447422-2021,2021-09-03,TOULOUSE METROPOLE,services,France-Toulouse: Services publics,https://ted.europa.eu/fr/notice/-/detail/447422-2021,toulouse metropole,3104C
447422-2021,2021-09-03,TOULOUSE METROPOLE,services,France-Toulouse: Services publics,https://ted.europa.eu/fr/notice/-/detail/447422-2021,toulouse metropole,3106C
447422-2021,2021-09-03,TOULOUSE METROPOLE,services,France-Toulouse: Services publics,https://ted.europa.eu/fr/notice/-/detail/447422-2021,toulouse metropole,3107C
447422-2021,2021-09-03,TOULOUSE METROPOLE,services,France-Toulouse: Services publics,https://ted.europa.eu/fr/notice/-/detail/447422-2021,toulouse metropole,3112C
447422-2021,2021-09-03,TOULOUSE METROPOLE,services,France-Toulouse: Services publics,https://ted.europa.eu/fr/notice/-/detail/447422-2021,toulouse metropole,3114C
454332-2021,2021-09-08,troyes Champagne Métropole,services,France-Troyes: Services de réparation et d'entretien de chauffage central,https://ted.europa.eu/fr/notice/-/detail/454332-2021,troyes champagne metropole,1001C
454332-2021,2021-09-08,troyes Champagne Métropole,services,France-Troyes: Services de réparation et d'entretien de chauffage central,https://ted.europa.eu/fr/notice/-/detail/454332-2021,troyes champagne metropole,1002C
464457-2021,2021-09-14,commune D'Ambert,services,"France-Ambert: Services de réparation et d'entretien de pompes, de vannes, de robinets, de conteneurs en métal et de machines",https://ted.europa.eu/fr/notice/-/detail/464457-2021,ambert,6310C
492668-2021,2021-09-29,TOULOUSE METROPOLE,services,France-Toulouse: Services publics,https://ted.europa.eu/fr/notice/-/detail/492668-2021,toulouse metropole,3101C
492668-2021,2021-09-29,TOULOUSE METROPOLE,services,France-Toulouse: Services publics,https://ted.europa.eu/fr/notice/-/detail/492668-2021,toulouse metropole,3102C
492668-2021,2021-09-29,TOULOUSE METROPOLE,services,France-Toulouse: Services publics,https://ted.europa.eu/fr/notice/-/detail/492668-2021,toulouse metropole,3103C
492668-2021,2021-09-29,TOULOUSE METROPOLE,services,France-Toulouse: Services publics,https://ted.europa.eu/fr/notice/-/detail/492668-2021,toulouse metropole,3104C
492668-2021,2021-09-29,TOULOUSE METROPOLE,services,France-Toulouse: Services publics,https://ted.europa.eu/fr/notice/-/detail/492668-2021,toulouse metropole,3106C
492668-2021,2021-09-29,TOULOUSE METROPOLE,services,France-Toulouse: Services publics,https://ted.europa.eu/fr/notice/-/detail/492668-2021,toulouse metropole,3107C
492668-2021,2021-09-29,TOULOUSE METROPOLE,services,France-Toulouse: Services publics,https://ted.europa.eu/fr/notice/-/detail/492668-2021,toulouse metropole,3112C
492668-2021,2021-09-29,TOULOUSE METROPOLE,services,France-Toulouse: Services publics,https://ted.europa.eu/fr/notice/-/detail/492668-2021,toulouse metropole,3114C
540147-2021,2021-10-22,ville de Calais,services,France-Calais: Prestations de services pour la collectivité,https://ted.europa.eu/fr/notice/-/detail/540147-2021,calais,6207C
571415-2021,2021-11-09,ville de Vernon,services,France-Vernon: Services d'assistance relative aux systèmes,https://ted.europa.eu/fr/notice/-/detail/571415-2021,vernon,2705C
593683-2021,2021-11-19,ville de Puteaux,services,France-Puteaux: Autres sources d'approvisionnement en énergie et leur distribution,https://ted.europa.eu/fr/notice/-/detail/593683-2021,puteaux,9225C
593683-2021,2021-11-19,ville de Puteaux,services,France-Puteaux: Autres sources d'approvisionnement en énergie et leur distribution,https://ted.europa.eu/fr/notice/-/detail/593683-2021,puteaux,9230C
618969-2021,2021-12-03,troyes Champagne Métropole,services,France-Troyes: Services de réparation et d'entretien de chauffage central,https://ted.europa.eu/fr/notice/-/detail/618969-2021,troyes champagne metropole,1001C
618969-2021,2021-12-03,troyes Champagne Métropole,services,France-Troyes: Services de réparation et d'entretien de chauffage central,https://ted.europa.eu/fr/notice/-/detail/618969-2021,troyes champagne metropole,1002C
622919-2021,2021-12-06,ville de Garges-Lès-Gonesse,services,France-Garges-lès-Gonesse: Autres sources d'approvisionnement en énergie et leur distribution,https://ted.europa.eu/fr/notice/-/detail/622919-2021,garges les gonesse,9505C
622919-2021,2021-12-06,ville de Garges-Lès-Gonesse,services,France-Garges-lès-Gonesse: Autres sources d'approvisionnement en énergie et leur distribution,https://ted.europa.eu/fr/notice/-/detail/622919-2021,garges les gonesse,9522C
622926-2021,2021-12-06,commune de Rueil-Malmaison,services,France-Rueil-Malmaison: Mise en état d'exploitation d'installations de chauffage,https://ted.europa.eu/fr/notice/-/detail/622926-2021,rueil malmaison,9240C
633995-2021,2021-12-10,mairie de Soissons,services,France-Soissons: Services publics,https://ted.europa.eu/fr/notice/-/detail/633995-2021,soissons,0202C
643356-2021,2021-12-17,ville de Roanne,works,France-Roanne: Travaux de restructuration,https://ted.europa.eu/fr/notice/-/detail/643356-2021,roanne,4207C
643356-2021,2021-12-17,ville de Roanne,works,France-Roanne: Travaux de restructuration,https://ted.europa.eu/fr/notice/-/detail/643356-2021,roanne,4208C
643356-2021,2021-12-17,ville de Roanne,works,France-Roanne: Travaux de restructuration,https://ted.europa.eu/fr/notice/-/detail/643356-2021,roanne,4234C
643356-2021,2021-12-17,ville de Roanne,works,France-Roanne: Travaux de restructuration,https://ted.europa.eu/fr/notice/-/detail/643356-2021,roanne,4237C
650756-2021,2021-12-20,commune D'Ambert,services,"France-Ambert: Services de réparation et d'entretien de pompes, de vannes, de robinets, de conteneurs en métal et de machines",https://ted.europa.eu/fr/notice/-/detail/650756-2021,ambert,6310C
654901-2021,2021-12-21,clermont Auvergne Métropole,services,France-Clermont-Ferrand: Autres sources d'approvisionnement en énergie et leur distribution,https://ted.europa.eu/fr/notice/-/detail/654901-2021,clermont auvergne metropole,6306C
654901-2021,2021-12-21,clermont Auvergne Métropole,services,France-Clermont-Ferrand: Autres sources d'approvisionnement en énergie et leur distribution,https://ted.europa.eu/fr/notice/-/detail/654901-2021,clermont auvergne metropole,6307C
654901-2021,2021-12-21,clermont Auvergne Métropole,services,France-Clermont-Ferrand: Autres sources d'approvisionnement en énergie et leur distribution,https://ted.europa.eu/fr/notice/-/detail/654901-2021,clermont auvergne metropole,6308C
654901-2021,2021-12-21,clermont Auvergne Métropole,services,France-Clermont-Ferrand: Autres sources d'approvisionnement en énergie et leur distribution,https://ted.europa.eu/fr/notice/-/detail/654901-2021,clermont auvergne metropole,6317C
654901-2021,2021-12-21,clermont Auvergne Métropole,services,France-Clermont-Ferrand: Autres sources d'approvisionnement en énergie et leur distribution,https://ted.europa.eu/fr/notice/-/detail/654901-2021,clermont auvergne metropole,6303C
665140-2021,2021-12-24,le Mans Métropole,works,France-Le Mans: Travaux de construction de réseaux de chauffage urbain,https://ted.europa.eu/fr/notice/-/detail/665140-2021,le mans metropole,7202C
665140-2021,2021-12-24,le Mans Métropole,works,France-Le Mans: Travaux de construction de réseaux de chauffage urbain,https://ted.europa.eu/fr/notice/-/detail/665140-2021,le mans metropole,7203C
665140-2021,2021-12-24,le Mans Métropole,works,France-Le Mans: Travaux de construction de réseaux de chauffage urbain,https://ted.europa.eu/fr/notice/-/detail/665140-2021,le mans metropole,7204C
665188-2021,2021-12-24,commune de gonesse,services,France-Gonesse: Mise en état d'exploitation d'installations de chauffage,https://ted.europa.eu/fr/notice/-/detail/665188-2021,gonesse,9514C
671873-2021,2021-12-28,toulouse metropole,services,France-Toulouse: Services de conception des systèmes de chauffage,https://ted.europa.eu/fr/notice/-/detail/671873-2021,toulouse metropole,3101C
671873-2021,2021-12-28,toulouse metropole,services,France-Toulouse: Services de conception des systèmes de chauffage,https://ted.europa.eu/fr/notice/-/detail/671873-2021,toulouse metropole,3102C
671873-2021,2021-12-28,toulouse metropole,services,France-Toulouse: Services de conception des systèmes de chauffage,https://ted.europa.eu/fr/notice/-/detail/671873-2021,toulouse metropole,3103C
671873-2021,2021-12-28,toulouse metropole,services,France-Toulouse: Services de conception des systèmes de chauffage,https://ted.europa.eu/fr/notice/-/detail/671873-2021,toulouse metropole,3104C
671873-2021,2021-12-28,toulouse metropole,services,France-Toulouse: Services de conception des systèmes de chauffage,https://ted.europa.eu/fr/notice/-/detail/671873-2021,toulouse metropole,3106C
671873-2021,2021-12-28,toulouse metropole,services,France-Toulouse: Services de conception des systèmes de chauffage,https://ted.europa.eu/fr/notice/-/detail/671873-2021,toulouse metropole,3107C
671873-2021,2021-12-28,toulouse metropole,services,France-Toulouse: Services de conception des systèmes de chauffage,https://ted.europa.eu/fr/notice/-/detail/671873-2021,toulouse metropole,3112C
671873-2021,2021-12-28,toulouse metropole,services,France-Toulouse: Services de conception des systèmes de chauffage,https://ted.europa.eu/fr/notice/-/detail/671873-2021,toulouse metropole,3114C
676657-2021,2021-12-31,bordeaux Métropole,services,France-Bordeaux: Mise en état d'exploitation d'installations de chauffage,https://ted.europa.eu/fr/notice/-/detail/676657-2021,bordeaux metropole,3302C
676657-2021,2021-12-31,bordeaux Métropole,services,France-Bordeaux: Mise en état d'exploitation d'installations de chauffage,https://ted.europa.eu/fr/notice/-/detail/676657-2021,bordeaux metropole,3303C
676657-2021,2021-12-31,bordeaux Métropole,services,France-Bordeaux: Mise en état d'exploitation d'installations de chauffage,https://ted.europa.eu/fr/notice/-/detail/676657-2021,bordeaux metropole,3304C
676657-2021,2021-12-31,bordeaux Métropole,services,France-Bordeaux: Mise en état d'exploitation d'installations de chauffage,https://ted.europa.eu/fr/notice/-/detail/676657-2021,bordeaux metropole,3315C
676657-2021,2021-12-31,bordeaux Métropole,services,France-Bordeaux: Mise en état d'exploitation d'installations de chauffage,https://ted.europa.eu/fr/notice/-/detail/676657-2021,bordeaux metropole,3316C
676657-2021,2021-12-31,bordeaux Métropole,services,France-Bordeaux: Mise en état d'exploitation d'installations de chauffage,https://ted.europa.eu/fr/notice/-/detail/676657-2021,bordeaux metropole,3317C
676657-2021,2021-12-31,bordeaux Métropole,services,France-Bordeaux: Mise en état d'exploitation d'installations de chauffage,https://ted.europa.eu/fr/notice/-/detail/676657-2021,bordeaux metropole,3318C
676657-2021,2021-12-31,bordeaux Métropole,services,France-Bordeaux: Mise en état d'exploitation d'installations de chauffage,https://ted.europa.eu/fr/notice/-/detail/676657-2021,bordeaux metropole,3319C
676657-2021,2021-12-31,bordeaux Métropole,services,France-Bordeaux: Mise en état d'exploitation d'installations de chauffage,https://ted.europa.eu/fr/notice/-/detail/676657-2021,bordeaux metropole,3324C
676657-2021,2021-12-31,bordeaux Métropole,services,France-Bordeaux: Mise en état d'exploitation d'installations de chauffage,https://ted.europa.eu/fr/notice/-/detail/676657-2021,bordeaux metropole,3325C
676657-2021,2021-12-31,bordeaux Métropole,services,France-Bordeaux: Mise en état d'exploitation d'installations de chauffage,https://ted.europa.eu/fr/notice/-/detail/676657-2021,bordeaux metropole,3326C
676657-2021,2021-12-31,bordeaux Métropole,services,France-Bordeaux: Mise en état d'exploitation d'installations de chauffage,https://ted.europa.eu/fr/notice/-/detail/676657-2021,bordeaux metropole,3327C
676657-2021,2021-12-31,bordeaux Métropole,services,France-Bordeaux: Mise en état d'exploitation d'installations de chauffage,https://ted.europa.eu/fr/notice/-/detail/676657-2021,bordeaux metropole,3328C
676657-2021,2021-12-31,bordeaux Métropole,services,France-Bordeaux: Mise en état d'exploitation d'installations de chauffage,https://ted.europa.eu/fr/notice/-/detail/676657-2021,bordeaux metropole,3334C
676657-2021,2021-12-31,bordeaux Métropole,services,France-Bordeaux: Mise en état d'exploitation d'installations de chauffage,https://ted.europa.eu/fr/notice/-/detail/676657-2021,bordeaux metropole,3335C
676657-2021,2021-12-31,bordeaux Métropole,services,France-Bordeaux: Mise en état d'exploitation d'installations de chauffage,https://ted.europa.eu/fr/notice/-/detail/676657-2021,bordeaux metropole,7301C
676657-2021,2021-12-31,bordeaux Métropole,services,France-Bordeaux: Mise en état d'exploitation d'installations de chauffage,https://ted.europa.eu/fr/notice/-/detail/676657-2021,bordeaux metropole,3329C
12942-2022,2022-01-10,communauté Urbaine Caen la Mer,services,France-Caen: Mise en état d'exploitation d'installations de chauffage,https://ted.europa.eu/fr/notice/-/detail/12942-2022,caen la mer,1401C
12942-2022,2022-01-10,communauté Urbaine Caen la Mer,services,France-Caen: Mise en état d'exploitation d'installations de chauffage,https://ted.europa.eu/fr/notice/-/detail/12942-2022,caen la mer,1412C
12942-2022,2022-01-10,communauté Urbaine Caen la Mer,services,France-Caen: Mise en état d'exploitation d'installations de chauffage,https://ted.europa.eu/fr/notice/-/detail/12942-2022,caen la mer,1413C
12942-2022,2022-01-10,communauté Urbaine Caen la Mer,services,France-Caen: Mise en état d'exploitation d'installations de chauffage,https://ted.europa.eu/fr/notice/-/detail/12942-2022,caen la mer,1414C
94203-2022,2022-02-21,commune de Behren-Lès-Forbach,services,France-Behren-lès-Forbach: Énergie et services connexes,https://ted.europa.eu/fr/notice/-/detail/94203-2022,behren les forbach,5708C
94204-2022,2022-02-21,ville de forbach,services,France-Forbach: Énergie et services connexes,https://ted.europa.eu/fr/notice/-/detail/94204-2022,forbach,5708C
109704-2022,2022-03-01,ville de Vernon,services,France-Vernon: Services d'assistance relative aux systèmes,https://ted.europa.eu/fr/notice/-/detail/109704-2022,vernon,2705C
172857-2022,2022-04-01,commune de chambery,services,France-Chambéry: Mise en état d'exploitation d'installations de chauffage,https://ted.europa.eu/fr/notice/-/detail/172857-2022,chambery,7301C
192797-2022,2022-04-12,communauté Urbaine de Dunkerque,services,"France-Dunkerque: Études de faisabilité, service de conseil, analyse",https://ted.europa.eu/fr/notice/-/detail/192797-2022,dunkerque,5914C
192797-2022,2022-04-12,communauté Urbaine de Dunkerque,services,"France-Dunkerque: Études de faisabilité, service de conseil, analyse",https://ted.europa.eu/fr/notice/-/detail/192797-2022,dunkerque,5920C
209119-2022,2022-04-19,ville d'avion,services,France-Avion: Services de conception des systèmes de chauffage,https://ted.europa.eu/fr/notice/-/detail/209119-2022,avion,6201C
214000-2022,2022-04-22,commune de montbeliard,services,France-Montbéliard: Autres sources d'approvisionnement en énergie et leur distribution,https://ted.europa.eu/fr/notice/-/detail/214000-2022,montbeliard,2502C
214001-2022,2022-04-22,commune de montbeliard,services,France-Montbéliard: Autres sources d'approvisionnement en énergie et leur distribution,https://ted.europa.eu/fr/notice/-/detail/214001-2022,montbeliard,2502C
259984-2022,2022-05-16,troyes Champagne Métropole,services,France-Troyes: Services de réparation et d'entretien de chauffage central,https://ted.europa.eu/fr/notice/-/detail/259984-2022,troyes champagne metropole,1001C
259984-2022,2022-05-16,troyes Champagne Métropole,services,France-Troyes: Services de réparation et d'entretien de chauffage central,https://ted.europa.eu/fr/notice/-/detail/259984-2022,troyes champagne metropole,1002C
272639-2022,2022-05-20,communauté Urbaine Caen la Mer,services,France-Caen: Mise en état d'exploitation d'installations de chauffage,https://ted.europa.eu/fr/notice/-/detail/272639-2022,caen la mer,1401C
272639-2022,2022-05-20,communauté Urbaine Caen la Mer,services,France-Caen: Mise en état d'exploitation d'installations de chauffage,https://ted.europa.eu/fr/notice/-/detail/272639-2022,caen la mer,1412C
272639-2022,2022-05-20,communauté Urbaine Caen la Mer,services,France-Caen: Mise en état d'exploitation d'installations de chauffage,https://ted.europa.eu/fr/notice/-/detail/272639-2022,caen la mer,1413C
272639-2022,2022-05-20,communauté Urbaine Caen la Mer,services,France-Caen: Mise en état d'exploitation d'installations de chauffage,https://ted.europa.eu/fr/notice/-/detail/272639-2022,caen la mer,1414C
278299-2022,2022-05-24,commune de chambery,services,France-Chambéry: Mise en état d'exploitation d'installations de chauffage,https://ted.europa.eu/fr/notice/-/detail/278299-2022,chambery,7301C
290712-2022,2022-05-30,ville d'avion,services,France-Avion: Mise en état d'exploitation d'installations de chauffage,https://ted.europa.eu/fr/notice/-/detail/290712-2022,avion,6201C
306530-2022,2022-06-08,commune de clichy,works,France-Clichy-la-Garenne: Travaux de construction de centrales de chauffage,https://ted.europa.eu/fr/notice/-/detail/306530-2022,clichy,7501C
306530-2022,2022-06-08,commune de clichy,works,France-Clichy-la-Garenne: Travaux de construction de centrales de chauffage,https://ted.europa.eu/fr/notice/-/detail/306530-2022,clichy,9235C
331887-2022,2022-06-20,communauté Urbaine Caen la Mer,services,France-Caen: Mise en état d'exploitation d'installations de chauffage,https://ted.europa.eu/fr/notice/-/detail/331887-2022,caen la mer,1401C
331887-2022,2022-06-20,communauté Urbaine Caen la Mer,services,France-Caen: Mise en état d'exploitation d'installations de chauffage,https://ted.europa.eu/fr/notice/-/detail/331887-2022,caen la mer,1412C
331887-2022,2022-06-20,communauté Urbaine Caen la Mer,services,France-Caen: Mise en état d'exploitation d'installations de chauffage,https://ted.europa.eu/fr/notice/-/detail/331887-2022,caen la mer,1413C
331887-2022,2022-06-20,communauté Urbaine Caen la Mer,services,France-Caen: Mise en état d'exploitation d'installations de chauffage,https://ted.europa.eu/fr/notice/-/detail/331887-2022,caen la mer,1414C
430905-2022,2022-08-05,mairie de Soissons,services,France-Soissons: Services publics,https://ted.europa.eu/fr/notice/-/detail/430905-2022,soissons,0202C
433490-2022,2022-08-08,commune de Saint Germain l'herm,services,France-Saint-Germain-l'Herm: Énergie et services connexes,https://ted.europa.eu/fr/notice/-/detail/433490-2022,saint germain l herm,6311C
446195-2022,2022-08-12,grenoble-alpes metropole,services,France-Grenoble: Services de conception des systèmes de chauffage,https://ted.europa.eu/fr/notice/-/detail/446195-2022,grenoble alpes metropole,3802C
446195-2022,2022-08-12,grenoble-alpes metropole,services,France-Grenoble: Services de conception des systèmes de chauffage,https://ted.europa.eu/fr/notice/-/detail/446195-2022,grenoble alpes metropole,3820C
446195-2022,2022-08-12,grenoble-alpes metropole,services,France-Grenoble: Services de conception des systèmes de chauffage,https://ted.europa.eu/fr/notice/-/detail/446195-2022,grenoble alpes metropole,3821C
446195-2022,2022-08-12,grenoble-alpes metropole,services,France-Grenoble: Services de conception des systèmes de chauffage,https://ted.europa.eu/fr/notice/-/detail/446195-2022,grenoble alpes metropole,3827C
446195-2022,2022-08-12,grenoble-alpes metropole,services,France-Grenoble: Services de conception des systèmes de chauffage,https://ted.europa.eu/fr/notice/-/detail/446195-2022,grenoble alpes metropole,3829C
446195-2022,2022-08-12,grenoble-alpes metropole,services,France-Grenoble: Services de conception des systèmes de chauffage,https://ted.europa.eu/fr/notice/-/detail/446195-2022,grenoble alpes metropole,3801C
461493-2022,2022-08-24,ville d'orléans,services,France-Orléans: Services de réparation et d'entretien de chauffage central,https://ted.europa.eu/fr/notice/-/detail/461493-2022,orleans,4501C
461493-2022,2022-08-24,ville d'orléans,services,France-Orléans: Services de réparation et d'entretien de chauffage central,https://ted.europa.eu/fr/notice/-/detail/461493-2022,orleans,4503C
482763-2022,2022-09-05,troyes Champagne Métropole,services,France-Troyes: Services de réparation et d'entretien de chauffage central,https://ted.europa.eu/fr/notice/-/detail/482763-2022,troyes champagne metropole,1001C
482763-2022,2022-09-05,troyes Champagne Métropole,services,France-Troyes: Services de réparation et d'entretien de chauffage central,https://ted.europa.eu/fr/notice/-/detail/482763-2022,troyes champagne metropole,1002C
525300-2022,2022-09-26,grenoble-alpes metropole,services,France-Grenoble: Services de conception des systèmes de chauffage,https://ted.europa.eu/fr/notice/-/detail/525300-2022,grenoble alpes metropole,3802C
525300-2022,2022-09-26,grenoble-alpes metropole,services,France-Grenoble: Services de conception des systèmes de chauffage,https://ted.europa.eu/fr/notice/-/detail/525300-2022,grenoble alpes metropole,3820C
525300-2022,2022-09-26,grenoble-alpes metropole,services,France-Grenoble: Services de conception des systèmes de chauffage,https://ted.europa.eu/fr/notice/-/detail/525300-2022,grenoble alpes metropole,3821C
525300-2022,2022-09-26,grenoble-alpes metropole,services,France-Grenoble: Services de conception des systèmes de chauffage,https://ted.europa.eu/fr/notice/-/detail/525300-2022,grenoble alpes metropole,3827C
525300-2022,2022-09-26,grenoble-alpes metropole,services,France-Grenoble: Services de conception des systèmes de chauffage,https://ted.europa.eu/fr/notice/-/detail/525300-2022,grenoble alpes metropole,3829C
525300-2022,2022-09-26,grenoble-alpes metropole,services,France-Grenoble: Services de conception des systèmes de chauffage,https://ted.europa.eu/fr/notice/-/detail/525300-2022,grenoble alpes metropole,3801C
583123-2022,2022-10-21,métropole Nice Côte d'azur,services,France-Nice: Services de gestion de l'énergie,https://ted.europa.eu/fr/notice/-/detail/583123-2022,nice cote d azur,0602C
583123-2022,2022-10-21,métropole Nice Côte d'azur,services,France-Nice: Services de gestion de l'énergie,https://ted.europa.eu/fr/notice/-/detail/583123-2022,nice cote d azur,0606C
583123-2022,2022-10-21,métropole Nice Côte d'azur,services,France-Nice: Services de gestion de l'énergie,https://ted.europa.eu/fr/notice/-/detail/583123-2022,nice cote d azur,0609C
583123-2022,2022-10-21,métropole Nice Côte d'azur,services,France-Nice: Services de gestion de l'énergie,https://ted.europa.eu/fr/notice/-/detail/583123-2022,nice cote d azur,0605C
583123-2022,2022-10-21,métropole Nice Côte d'azur,services,France-Nice: Services de gestion de l'énergie,https://ted.europa.eu/fr/notice/-/detail/583123-2022,nice cote d azur,0611C
605505-2022,2022-10-31,métropole de Lyon,services,France-Lyon: Autres sources d'approvisionnement en énergie et leur distribution,https://ted.europa.eu/fr/notice/-/detail/605505-2022,lyon,6901C
605505-2022,2022-10-31,métropole de Lyon,services,France-Lyon: Autres sources d'approvisionnement en énergie et leur distribution,https://ted.europa.eu/fr/notice/-/detail/605505-2022,lyon,6904C
605505-2022,2022-10-31,métropole de Lyon,services,France-Lyon: Autres sources d'approvisionnement en énergie et leur distribution,https://ted.europa.eu/fr/notice/-/detail/605505-2022,lyon,6905C
605505-2022,2022-10-31,métropole de Lyon,services,France-Lyon: Autres sources d'approvisionnement en énergie et leur distribution,https://ted.europa.eu/fr/notice/-/detail/605505-2022,lyon,6906C
605505-2022,2022-10-31,métropole de Lyon,services,France-Lyon: Autres sources d'approvisionnement en énergie et leur distribution,https://ted.europa.eu/fr/notice/-/detail/605505-2022,lyon,6912C
605505-2022,2022-10-31,métropole de Lyon,services,France-Lyon: Autres sources d'approvisionnement en énergie et leur distribution,https://ted.europa.eu/fr/notice/-/detail/605505-2022,lyon,6915C
605505-2022,2022-10-31,métropole de Lyon,services,France-Lyon: Autres sources d'approvisionnement en énergie et leur distribution,https://ted.europa.eu/fr/notice/-/detail/605505-2022,lyon,6923C
605505-2022,2022-10-31,métropole de Lyon,services,France-Lyon: Autres sources d'approvisionnement en énergie et leur distribution,https://ted.europa.eu/fr/notice/-/detail/605505-2022,lyon,6930C
605505-2022,2022-10-31,métropole de Lyon,services,France-Lyon: Autres sources d'approvisionnement en énergie et leur distribution,https://ted.europa.eu/fr/notice/-/detail/605505-2022,lyon,6902C
605505-2022,2022-10-31,métropole de Lyon,services,France-Lyon: Autres sources d'approvisionnement en énergie et leur distribution,https://ted.europa.eu/fr/notice/-/detail/605505-2022,lyon,6908C
605505-2022,2022-10-31,métropole de Lyon,services,France-Lyon: Autres sources d'approvisionnement en énergie et leur distribution,https://ted.europa.eu/fr/notice/-/detail/605505-2022,lyon,6914C
605505-2022,2022-10-31,métropole de Lyon,services,France-Lyon: Autres sources d'approvisionnement en énergie et leur distribution,https://ted.europa.eu/fr/notice/-/detail/605505-2022,lyon,6921C
678223-2022,2022-12-06,ville d'orléans,services,France-Orléans: Services de réparation et d'entretien de chauffage central,https://ted.europa.eu/fr/notice/-/detail/678223-2022,orleans,4501C
678223-2022,2022-12-06,ville d'orléans,services,France-Orléans: Services de réparation et d'entretien de chauffage central,https://ted.europa.eu/fr/notice/-/detail/678223-2022,orleans,4503C
686742-2022,2022-12-09,commune de Sevran,services,France-Sevran: Mise en état d'exploitation d'installations de chauffage,https://ted.europa.eu/fr/notice/-/detail/686742-2022,sevran,9304C
686742-2022,2022-12-09,commune de Sevran,services,France-Sevran: Mise en état d'exploitation d'installations de chauffage,https://ted.europa.eu/fr/notice/-/detail/686742-2022,sevran,9309C
686742-2022,2022-12-09,commune de Sevran,services,France-Sevran: Mise en état d'exploitation d'installations de chauffage,https://ted.europa.eu/fr/notice/-/detail/686742-2022,sevran,9312C
692102-2022,2022-12-13,TOULOUSE METROPOLE,services,France-Toulouse: Services publics,https://ted.europa.eu/fr/notice/-/detail/692102-2022,toulouse metropole,3101C
692102-2022,2022-12-13,TOULOUSE METROPOLE,services,France-Toulouse: Services publics,https://ted.europa.eu/fr/notice/-/detail/692102-2022,toulouse metropole,3102C
692102-2022,2022-12-13,TOULOUSE METROPOLE,services,France-Toulouse: Services publics,https://ted.europa.eu/fr/notice/-/detail/692102-2022,toulouse metropole,3103C
692102-2022,2022-12-13,TOULOUSE METROPOLE,services,France-Toulouse: Services publics,https://ted.europa.eu/fr/notice/-/detail/692102-2022,toulouse metropole,3104C
692102-2022,2022-12-13,TOULOUSE METROPOLE,services,France-Toulouse: Services publics,https://ted.europa.eu/fr/notice/-/detail/692102-2022,toulouse metropole,3106C
692102-2022,2022-12-13,TOULOUSE METROPOLE,services,France-Toulouse: Services publics,https://ted.europa.eu/fr/notice/-/detail/692102-2022,toulouse metropole,3107C
692102-2022,2022-12-13,TOULOUSE METROPOLE,services,France-Toulouse: Services publics,https://ted.europa.eu/fr/notice/-/detail/692102-2022,toulouse metropole,3112C
692102-2022,2022-12-13,TOULOUSE METROPOLE,services,France-Toulouse: Services publics,https://ted.europa.eu/fr/notice/-/detail/692102-2022,toulouse metropole,3114C
717133-2022,2022-12-23,commune de epernay,works,France-Épernay: Travaux de construction de réseaux de chauffage urbain,https://ted.europa.eu/fr/notice/-/detail/717133-2022,epernay,5104C
718155-2022,2022-12-23,ville d'epernay,works,France-Épernay: Travaux de construction de réseaux de chauffage urbain,https://ted.europa.eu/fr/notice/-/detail/718155-2022,epernay,5104C
727673-2022,2022-12-27,commune de chartres de bretagne,supplies,"France-Chartres-de-Bretagne: Électricité, chauffage, énergie solaire et nucléaire",https://ted.europa.eu/fr/notice/-/detail/727673-2022,chartres de bretagne,3514C
730085-2022,2022-12-28,commune de epernay,works,France-Épernay: Travaux de construction de réseaux de chauffage urbain,https://ted.europa.eu/fr/notice/-/detail/730085-2022,epernay,5104C
7414-2023,2023-01-06,commune de La Ferté Macé,services,France-La Ferté-Macé: Services publics,https://ted.europa.eu/fr/notice/-/detail/7414-2023,la ferte mace,6104C
18209-2023,2023-01-11,commune de La Ferté Macé,services,France-La Ferté-Macé: Services publics,https://ted.europa.eu/fr/notice/-/detail/18209-2023,la ferte mace,6104C
20785-2023,2023-01-13,Commune de Saint-Germain-en-Laye,works,France-Saint-Germain-en-Laye: Travaux de construction de réseaux de chauffage urbain,https://ted.europa.eu/fr/notice/-/detail/20785-2023,saint germain en laye,7805C
56155-2023,2023-01-27,communauté Urbaine de Dunkerque,services,"France-Dunkerque: Études de faisabilité, service de conseil, analyse",https://ted.europa.eu/fr/notice/-/detail/56155-2023,dunkerque,5914C
56155-2023,2023-01-27,communauté Urbaine de Dunkerque,services,"France-Dunkerque: Études de faisabilité, service de conseil, analyse",https://ted.europa.eu/fr/notice/-/detail/56155-2023,dunkerque,5920C
78328-2023,2023-02-07,grand Besançon Métropole,services,France-Besançon: Mise en état d'exploitation d'installations de chauffage,https://ted.europa.eu/fr/notice/-/detail/78328-2023,grand besancon metropole,2501C
78328-2023,2023-02-07,grand Besançon Métropole,services,France-Besançon: Mise en état d'exploitation d'installations de chauffage,https://ted.europa.eu/fr/notice/-/detail/78328-2023,grand besancon metropole,2518C
78328-2023,2023-02-07,grand Besançon Métropole,services,France-Besançon: Mise en état d'exploitation d'installations de chauffage,https://ted.europa.eu/fr/notice/-/detail/78328-2023,grand besancon metropole,2506C
78328-2023,2023-02-07,grand Besançon Métropole,services,France-Besançon: Mise en état d'exploitation d'installations de chauffage,https://ted.europa.eu/fr/notice/-/detail/78328-2023,grand besancon metropole,2512C
78380-2023,2023-02-07,nantes Métropole,works,France-Nantes: Travaux de construction de réseaux de chauffage urbain,https://ted.europa.eu/fr/notice/-/detail/78380-2023,nantes metropole,4401C
78380-2023,2023-02-07,nantes Métropole,works,France-Nantes: Travaux de construction de réseaux de chauffage urbain,https://ted.europa.eu/fr/notice/-/detail/78380-2023,nantes metropole,4403C
78380-2023,2023-02-07,nantes Métropole,works,France-Nantes: Travaux de construction de réseaux de chauffage urbain,https://ted.europa.eu/fr/notice/-/detail/78380-2023,nantes metropole,4405C
78380-2023,2023-02-07,nantes Métropole,works,France-Nantes: Travaux de construction de réseaux de chauffage urbain,https://ted.europa.eu/fr/notice/-/detail/78380-2023,nantes metropole,4406C
78380-2023,2023-02-07,nantes Métropole,works,France-Nantes: Travaux de construction de réseaux de chauffage urbain,https://ted.europa.eu/fr/notice/-/detail/78380-2023,nantes metropole,4407C
78380-2023,2023-02-07,nantes Métropole,works,France-Nantes: Travaux de construction de réseaux de chauffage urbain,https://ted.europa.eu/fr/notice/-/detail/78380-2023,nantes metropole,4408C
78380-2023,2023-02-07,nantes Métropole,works,France-Nantes: Travaux de construction de réseaux de chauffage urbain,https://ted.europa.eu/fr/notice/-/detail/78380-2023,nantes metropole,4410C
78380-2023,2023-02-07,nantes Métropole,works,France-Nantes: Travaux de construction de réseaux de chauffage urbain,https://ted.europa.eu/fr/notice/-/detail/78380-2023,nantes metropole,4411C
92620-2023,2023-02-14,grand Besançon Métropole,services,France-Besançon: Mise en état d'exploitation d'installations de chauffage,https://ted.europa.eu/fr/notice/-/detail/92620-2023,grand besancon metropole,2501C
92620-2023,2023-02-14,grand Besançon Métropole,services,France-Besançon: Mise en état d'exploitation d'installations de chauffage,https://ted.europa.eu/fr/notice/-/detail/92620-2023,grand besancon metropole,2518C
92620-2023,2023-02-14,grand Besançon Métropole,services,France-Besançon: Mise en état d'exploitation d'installations de chauffage,https://ted.europa.eu/fr/notice/-/detail/92620-2023,grand besancon metropole,2506C
92620-2023,2023-02-14,grand Besançon Métropole,services,France-Besançon: Mise en état d'exploitation d'installations de chauffage,https://ted.europa.eu/fr/notice/-/detail/92620-2023,grand besancon metropole,2512C
111484-2023,2023-02-22,metropole rouen normandie,works,France-Rouen: Travaux de construction de réseaux de chauffage urbain,https://ted.europa.eu/fr/notice/-/detail/111484-2023,rouen normandie,7601C
111484-2023,2023-02-22,metropole rouen normandie,works,France-Rouen: Travaux de construction de réseaux de chauffage urbain,https://ted.europa.eu/fr/notice/-/detail/111484-2023,rouen normandie,7605C
111484-2023,2023-02-22,metropole rouen normandie,works,France-Rouen: Travaux de construction de réseaux de chauffage urbain,https://ted.europa.eu/fr/notice/-/detail/111484-2023,rouen normandie,7606C
111484-2023,2023-02-22,metropole rouen normandie,works,France-Rouen: Travaux de construction de réseaux de chauffage urbain,https://ted.europa.eu/fr/notice/-/detail/111484-2023,rouen normandie,7607C
111484-2023,2023-02-22,metropole rouen normandie,works,France-Rouen: Travaux de construction de réseaux de chauffage urbain,https://ted.europa.eu/fr/notice/-/detail/111484-2023,rouen normandie,7608C
111484-2023,2023-02-22,metropole rouen normandie,works,France-Rouen: Travaux de construction de réseaux de chauffage urbain,https://ted.europa.eu/fr/notice/-/detail/111484-2023,rouen normandie,7612C
111484-2023,2023-02-22,metropole rouen normandie,works,France-Rouen: Travaux de construction de réseaux de chauffage urbain,https://ted.europa.eu/fr/notice/-/detail/111484-2023,rouen normandie,7614C
111484-2023,2023-02-22,metropole rouen normandie,works,France-Rouen: Travaux de construction de réseaux de chauffage urbain,https://ted.europa.eu/fr/notice/-/detail/111484-2023,rouen normandie,7615C
111484-2023,2023-02-22,metropole rouen normandie,works,France-Rouen: Travaux de construction de réseaux de chauffage urbain,https://ted.europa.eu/fr/notice/-/detail/111484-2023,rouen normandie,7619C
111484-2023,2023-02-22,metropole rouen normandie,works,France-Rouen: Travaux de construction de réseaux de chauffage urbain,https://ted.europa.eu/fr/notice/-/detail/111484-2023,rouen normandie,7620C
122274-2023,2023-02-28,commune de pont audemer,services,France-Pont-Audemer: Autres sources d'approvisionnement en énergie et leur distribution,https://ted.europa.eu/fr/notice/-/detail/122274-2023,pont audemer,2703C
126333-2023,2023-03-01,ville de Garges-Lès-Gonesse,services,France-Garges-lès-Gonesse: Autres sources d'approvisionnement en énergie et leur distribution,https://ted.europa.eu/fr/notice/-/detail/126333-2023,garges les gonesse,9505C
126333-2023,2023-03-01,ville de Garges-Lès-Gonesse,services,France-Garges-lès-Gonesse: Autres sources d'approvisionnement en énergie et leur distribution,https://ted.europa.eu/fr/notice/-/detail/126333-2023,garges les gonesse,9522C
152862-2023,2023-03-14,Bordeaux Métropole,services,France-Bordeaux: Distribution de gaz et services connexes,https://ted.europa.eu/fr/notice/-/detail/152862-2023,bordeaux metropole,3302C
152862-2023,2023-03-14,Bordeaux Métropole,services,France-Bordeaux: Distribution de gaz et services connexes,https://ted.europa.eu/fr/notice/-/detail/152862-2023,bordeaux metropole,3303C
152862-2023,2023-03-14,Bordeaux Métropole,services,France-Bordeaux: Distribution de gaz et services connexes,https://ted.europa.eu/fr/notice/-/detail/152862-2023,bordeaux metropole,3304C
152862-2023,2023-03-14,Bordeaux Métropole,services,France-Bordeaux: Distribution de gaz et services connexes,https://ted.europa.eu/fr/notice/-/detail/152862-2023,bordeaux metropole,3315C
152862-2023,2023-03-14,Bordeaux Métropole,services,France-Bordeaux: Distribution de gaz et services connexes,https://ted.europa.eu/fr/notice/-/detail/152862-2023,bordeaux metropole,3316C
152862-2023,2023-03-14,Bordeaux Métropole,services,France-Bordeaux: Distribution de gaz et services connexes,https://ted.europa.eu/fr/notice/-/detail/152862-2023,bordeaux metropole,3317C
152862-2023,2023-03-14,Bordeaux Métropole,services,France-Bordeaux: Distribution de gaz et services connexes,https://ted.europa.eu/fr/notice/-/detail/152862-2023,bordeaux metropole,3318C
152862-2023,2023-03-14,Bordeaux Métropole,services,France-Bordeaux: Distribution de gaz et services connexes,https://ted.europa.eu/fr/notice/-/detail/152862-2023,bordeaux metropole,3319C
152862-2023,2023-03-14,Bordeaux Métropole,services,France-Bordeaux: Distribution de gaz et services connexes,https://ted.europa.eu/fr/notice/-/detail/152862-2023,bordeaux metropole,3324C
152862-2023,2023-03-14,Bordeaux Métropole,services,France-Bordeaux: Distribution de gaz et services connexes,https://ted.europa.eu/fr/notice/-/detail/152862-2023,bordeaux metropole,3325C
152862-2023,2023-03-14,Bordeaux Métropole,services,France-Bordeaux: Distribution de gaz et services connexes,https://ted.europa.eu/fr/notice/-/detail/152862-2023,bordeaux metropole,3326C
152862-2023,2023-03-14,Bordeaux Métropole,services,France-Bordeaux: Distribution de gaz et services connexes,https://ted.europa.eu/fr/notice/-/detail/152862-2023,bordeaux metropole,3327C
152862-2023,2023-03-14,Bordeaux Métropole,services,France-Bordeaux: Distribution de gaz et services connexes,https://ted.europa.eu/fr/notice/-/detail/152862-2023,bordeaux metropole,3328C
152862-2023,2023-03-14,Bordeaux Métropole,services,France-Bordeaux: Distribution de gaz et services connexes,https://ted.europa.eu/fr/notice/-/detail/152862-2023,bordeaux metropole,3334C
152862-2023,2023-03-14,Bordeaux Métropole,services,France-Bordeaux: Distribution de gaz et services connexes,https://ted.europa.eu/fr/notice/-/detail/152862-2023,bordeaux metropole,3335C
152862-2023,2023-03-14,Bordeaux Métropole,services,France-Bordeaux: Distribution de gaz et services connexes,https://ted.europa.eu/fr/notice/-/detail/152862-2023,bordeaux metropole,7301C
152862-2023,2023-03-14,Bordeaux Métropole,services,France-Bordeaux: Distribution de gaz et services connexes,https://ted.europa.eu/fr/notice/-/detail/152862-2023,bordeaux metropole,3329C
157034-2023,2023-03-15,metropole rouen normandie,works,France-Rouen: Travaux de construction de réseaux de chauffage urbain,https://ted.europa.eu/fr/notice/-/detail/157034-2023,rouen normandie,7601C
157034-2023,2023-03-15,metropole rouen normandie,works,France-Rouen: Travaux de construction de réseaux de chauffage urbain,https://ted.europa.eu/fr/notice/-/detail/157034-2023,rouen normandie,7605C
157034-2023,2023-03-15,metropole rouen normandie,works,France-Rouen: Travaux de construction de réseaux de chauffage urbain,https://ted.europa.eu/fr/notice/-/detail/157034-2023,rouen normandie,7606C
157034-2023,2023-03-15,metropole rouen normandie,works,France-Rouen: Travaux de construction de réseaux de chauffage urbain,https://ted.europa.eu/fr/notice/-/detail/157034-2023,rouen normandie,7607C
157034-2023,2023-03-15,metropole rouen normandie,works,France-Rouen: Travaux de construction de réseaux de chauffage urbain,https://ted.europa.eu/fr/notice/-/detail/157034-2023,rouen normandie,7608C
157034-2023,2023-03-15,metropole rouen normandie,works,France-Rouen: Travaux de construction de réseaux de chauffage urbain,https://ted.europa.eu/fr/notice/-/detail/157034-2023,rouen normandie,7612C
157034-2023,2023-03-15,metropole rouen normandie,works,France-Rouen: Travaux de construction de réseaux de chauffage urbain,https://ted.europa.eu/fr/notice/-/detail/157034-2023,rouen normandie,7614C
157034-2023,2023-03-15,metropole rouen normandie,works,France-Rouen: Travaux de construction de réseaux de chauffage urbain,https://ted.europa.eu/fr/notice/-/detail/157034-2023,rouen normandie,7615C
157034-2023,2023-03-15,metropole rouen normandie,works,France-Rouen: Travaux de construction de réseaux de chauffage urbain,https://ted.europa.eu/fr/notice/-/detail/157034-2023,rouen normandie,7619C
157034-2023,2023-03-15,metropole rouen normandie,works,France-Rouen: Travaux de construction de réseaux de chauffage urbain,https://ted.europa.eu/fr/notice/-/detail/157034-2023,rouen normandie,7620C
168746-2023,2023-03-21,mairie de saint-marcellin,works,France-Saint-Marcellin: Travaux de construction de centrales de chauffage urbain,https://ted.europa.eu/fr/notice/-/detail/168746-2023,saint marcellin,3805C
215300-2023,2023-04-07,rennes Métropole,services,France-Rennes: Services de conception des systèmes de chauffage,https://ted.europa.eu/fr/notice/-/detail/215300-2023,rennes metropole,3504C
215300-2023,2023-04-07,rennes Métropole,services,France-Rennes: Services de conception des systèmes de chauffage,https://ted.europa.eu/fr/notice/-/detail/215300-2023,rennes metropole,3505C
215300-2023,2023-04-07,rennes Métropole,services,France-Rennes: Services de conception des systèmes de chauffage,https://ted.europa.eu/fr/notice/-/detail/215300-2023,rennes metropole,3506C
215300-2023,2023-04-07,rennes Métropole,services,France-Rennes: Services de conception des systèmes de chauffage,https://ted.europa.eu/fr/notice/-/detail/215300-2023,rennes metropole,3507C
215300-2023,2023-04-07,rennes Métropole,services,France-Rennes: Services de conception des systèmes de chauffage,https://ted.europa.eu/fr/notice/-/detail/215300-2023,rennes metropole,3512C
215300-2023,2023-04-07,rennes Métropole,services,France-Rennes: Services de conception des systèmes de chauffage,https://ted.europa.eu/fr/notice/-/detail/215300-2023,rennes metropole,3514C
224397-2023,2023-04-17,commune de chartres de bretagne,supplies,France-Chartres-de-Bretagne: Chauffage urbain,https://ted.europa.eu/fr/notice/-/detail/224397-2023,chartres de bretagne,3514C
243924-2023,2023-04-25,toulouse metropole,services,France-Toulouse: Mise en état d'exploitation d'installations de chauffage,https://ted.europa.eu/fr/notice/-/detail/243924-2023,toulouse metropole,3101C
243924-2023,2023-04-25,toulouse metropole,services,France-Toulouse: Mise en état d'exploitation d'installations de chauffage,https://ted.europa.eu/fr/notice/-/detail/243924-2023,toulouse metropole,3102C
243924-2023,2023-04-25,toulouse metropole,services,France-Toulouse: Mise en état d'exploitation d'installations de chauffage,https://ted.europa.eu/fr/notice/-/detail/243924-2023,toulouse metropole,3103C
243924-2023,2023-04-25,toulouse metropole,services,France-Toulouse: Mise en état d'exploitation d'installations de chauffage,https://ted.europa.eu/fr/notice/-/detail/243924-2023,toulouse metropole,3104C
243924-2023,2023-04-25,toulouse metropole,services,France-Toulouse: Mise en état d'exploitation d'installations de chauffage,https://ted.europa.eu/fr/notice/-/detail/243924-2023,toulouse metropole,3106C
243924-2023,2023-04-25,toulouse metropole,services,France-Toulouse: Mise en état d'exploitation d'installations de chauffage,https://ted.europa.eu/fr/notice/-/detail/243924-2023,toulouse metropole,3107C
243924-2023,2023-04-25,toulouse metropole,services,France-Toulouse: Mise en état d'exploitation d'installations de chauffage,https://ted.europa.eu/fr/notice/-/detail/243924-2023,toulouse metropole,3112C
243924-2023,2023-04-25,toulouse metropole,services,France-Toulouse: Mise en état d'exploitation d'installations de chauffage,https://ted.europa.eu/fr/notice/-/detail/243924-2023,toulouse metropole,3114C
256430-2023,2023-04-28,bordeaux Métropole,services,France-Bordeaux: Mise en état d'exploitation d'installations de chauffage,https://ted.europa.eu/fr/notice/-/detail/256430-2023,bordeaux metropole,3302C
256430-2023,2023-04-28,bordeaux Métropole,services,France-Bordeaux: Mise en état d'exploitation d'installations de chauffage,https://ted.europa.eu/fr/notice/-/detail/256430-2023,bordeaux metropole,3303C
256430-2023,2023-04-28,bordeaux Métropole,services,France-Bordeaux: Mise en état d'exploitation d'installations de chauffage,https://ted.europa.eu/fr/notice/-/detail/256430-2023,bordeaux metropole,3304C
256430-2023,2023-04-28,bordeaux Métropole,services,France-Bordeaux: Mise en état d'exploitation d'installations de chauffage,https://ted.europa.eu/fr/notice/-/detail/256430-2023,bordeaux metropole,3315C
256430-2023,2023-04-28,bordeaux Métropole,services,France-Bordeaux: Mise en état d'exploitation d'installations de chauffage,https://ted.europa.eu/fr/notice/-/detail/256430-2023,bordeaux metropole,3316C
256430-2023,2023-04-28,bordeaux Métropole,services,France-Bordeaux: Mise en état d'exploitation d'installations de chauffage,https://ted.europa.eu/fr/notice/-/detail/256430-2023,bordeaux metropole,3317C
256430-2023,2023-04-28,bordeaux Métropole,services,France-Bordeaux: Mise en état d'exploitation d'installations de chauffage,https://ted.europa.eu/fr/notice/-/detail/256430-2023,bordeaux metropole,3318C
256430-2023,2023-04-28,bordeaux Métropole,services,France-Bordeaux: Mise en état d'exploitation d'installations de chauffage,https://ted.europa.eu/fr/notice/-/detail/256430-2023,bordeaux metropole,3319C
256430-2023,2023-04-28,bordeaux Métropole,services,France-Bordeaux: Mise en état d'exploitation d'installations de chauffage,https://ted.europa.eu/fr/notice/-/detail/256430-2023,bordeaux metropole,3324C
256430-2023,2023-04-28,bordeaux Métropole,services,France-Bordeaux: Mise en état d'exploitation d'installations de chauffage,https://ted.europa.eu/fr/notice/-/detail/256430-2023,bordeaux metropole,3325C
256430-2023,2023-04-28,bordeaux Métropole,services,France-Bordeaux: Mise en état d'exploitation d'installations de chauffage,https://ted.europa.eu/fr/notice/-/detail/256430-2023,bordeaux metropole,3326C
256430-2023,2023-04-28,bordeaux Métropole,services,France-Bordeaux: Mise en état d'exploitation d'installations de chauffage,https://ted.europa.eu/fr/notice/-/detail/256430-2023,bordeaux metropole,3327C
256430-2023,2023-04-28,bordeaux Métropole,services,France-Bordeaux: Mise en état d'exploitation d'installations de chauffage,https://ted.europa.eu/fr/notice/-/detail/256430-2023,bordeaux metropole,3328C
256430-2023,2023-04-28,bordeaux Métropole,services,France-Bordeaux: Mise en état d'exploitation d'installations de chauffage,https://ted.europa.eu/fr/notice/-/detail/256430-2023,bordeaux metropole,3334C
256430-2023,2023-04-28,bordeaux Métropole,services,France-Bordeaux: Mise en état d'exploitation d'installations de chauffage,https://ted.europa.eu/fr/notice/-/detail/256430-2023,bordeaux metropole,3335C
256430-2023,2023-04-28,bordeaux Métropole,services,France-Bordeaux: Mise en état d'exploitation d'installations de chauffage,https://ted.europa.eu/fr/notice/-/detail/256430-2023,bordeaux metropole,7301C
256430-2023,2023-04-28,bordeaux Métropole,services,France-Bordeaux: Mise en état d'exploitation d'installations de chauffage,https://ted.europa.eu/fr/notice/-/detail/256430-2023,bordeaux metropole,3329C
290951-2023,2023-05-16,ville de Calais,services,France-Calais: Prestations de services pour la collectivité,https://ted.europa.eu/fr/notice/-/detail/290951-2023,calais,6207C
293751-2023,2023-05-17,métropole de Lyon,services,France-Lyon: Mise en état d'exploitation d'installations de chauffage,https://ted.europa.eu/fr/notice/-/detail/293751-2023,lyon,6901C
293751-2023,2023-05-17,métropole de Lyon,services,France-Lyon: Mise en état d'exploitation d'installations de chauffage,https://ted.europa.eu/fr/notice/-/detail/293751-2023,lyon,6904C
293751-2023,2023-05-17,métropole de Lyon,services,France-Lyon: Mise en état d'exploitation d'installations de chauffage,https://ted.europa.eu/fr/notice/-/detail/293751-2023,lyon,6905C
293751-2023,2023-05-17,métropole de Lyon,services,France-Lyon: Mise en état d'exploitation d'installations de chauffage,https://ted.europa.eu/fr/notice/-/detail/293751-2023,lyon,6906C
293751-2023,2023-05-17,métropole de Lyon,services,France-Lyon: Mise en état d'exploitation d'installations de chauffage,https://ted.europa.eu/fr/notice/-/detail/293751-2023,lyon,6912C
293751-2023,2023-05-17,métropole de Lyon,services,France-Lyon: Mise en état d'exploitation d'installations de chauffage,https://ted.europa.eu/fr/notice/-/detail/293751-2023,lyon,6915C
293751-2023,2023-05-17,métropole de Lyon,services,France-Lyon: Mise en état d'exploitation d'installations de chauffage,https://ted.europa.eu/fr/notice/-/detail/293751-2023,lyon,6923C
293751-2023,2023-05-17,métropole de Lyon,services,France-Lyon: Mise en état d'exploitation d'installations de chauffage,https://ted.europa.eu/fr/notice/-/detail/293751-2023,lyon,6930C
293751-2023,2023-05-17,métropole de Lyon,services,France-Lyon: Mise en état d'exploitation d'installations de chauffage,https://ted.europa.eu/fr/notice/-/detail/293751-2023,lyon,6902C
293751-2023,2023-05-17,métropole de Lyon,services,France-Lyon: Mise en état d'exploitation d'installations de chauffage,https://ted.europa.eu/fr/notice/-/detail/293751-2023,lyon,6908C
293751-2023,2023-05-17,métropole de Lyon,services,France-Lyon: Mise en état d'exploitation d'installations de chauffage,https://ted.europa.eu/fr/notice/-/detail/293751-2023,lyon,6914C
293751-2023,2023-05-17,métropole de Lyon,services,France-Lyon: Mise en état d'exploitation d'installations de chauffage,https://ted.europa.eu/fr/notice/-/detail/293751-2023,lyon,6921C
343490-2023,2023-06-09,métropole de Lyon,services,France-Lyon: Mise en état d'exploitation d'installations de chauffage,https://ted.europa.eu/fr/notice/-/detail/343490-2023,lyon,6901C
343490-2023,2023-06-09,métropole de Lyon,services,France-Lyon: Mise en état d'exploitation d'installations de chauffage,https://ted.europa.eu/fr/notice/-/detail/343490-2023,lyon,6904C
343490-2023,2023-06-09,métropole de Lyon,services,France-Lyon: Mise en état d'exploitation d'installations de chauffage,https://ted.europa.eu/fr/notice/-/detail/343490-2023,lyon,6905C
343490-2023,2023-06-09,métropole de Lyon,services,France-Lyon: Mise en état d'exploitation d'installations de chauffage,https://ted.europa.eu/fr/notice/-/detail/343490-2023,lyon,6906C
343490-2023,2023-06-09,métropole de Lyon,services,France-Lyon: Mise en état d'exploitation d'installations de chauffage,https://ted.europa.eu/fr/notice/-/detail/343490-2023,lyon,6912C
343490-2023,2023-06-09,métropole de Lyon,services,France-Lyon: Mise en état d'exploitation d'installations de chauffage,https://ted.europa.eu/fr/notice/-/detail/343490-2023,lyon,6915C
343490-2023,2023-06-09,métropole de Lyon,services,France-Lyon: Mise en état d'exploitation d'installations de chauffage,https://ted.europa.eu/fr/notice/-/detail/343490-2023,lyon,6923C
343490-2023,2023-06-09,métropole de Lyon,services,France-Lyon: Mise en état d'exploitation d'installations de chauffage,https://ted.europa.eu/fr/notice/-/detail/343490-2023,lyon,6930C
343490-2023,2023-06-09,métropole de Lyon,services,France-Lyon: Mise en état d'exploitation d'installations de chauffage,https://ted.europa.eu/fr/notice/-/detail/343490-2023,lyon,6902C
343490-2023,2023-06-09,métropole de Lyon,services,France-Lyon: Mise en état d'exploitation d'installations de chauffage,https://ted.europa.eu/fr/notice/-/detail/343490-2023,lyon,6908C
343490-2023,2023-06-09,métropole de Lyon,services,France-Lyon: Mise en état d'exploitation d'installations de chauffage,https://ted.europa.eu/fr/notice/-/detail/343490-2023,lyon,6914C
343490-2023,2023-06-09,métropole de Lyon,services,France-Lyon: Mise en état d'exploitation d'installations de chauffage,https://ted.europa.eu/fr/notice/-/detail/343490-2023,lyon,6921C
349731-2023,2023-06-12,bordeaux Métropole,services,France-Bordeaux: Mise en état d'exploitation d'installations de chauffage,https://ted.europa.eu/fr/notice/-/detail/349731-2023,bordeaux metropole,3302C
349731-2023,2023-06-12,bordeaux Métropole,services,France-Bordeaux: Mise en état d'exploitation d'installations de chauffage,https://ted.europa.eu/fr/notice/-/detail/349731-2023,bordeaux metropole,3303C
349731-2023,2023-06-12,bordeaux Métropole,services,France-Bordeaux: Mise en état d'exploitation d'installations de chauffage,https://ted.europa.eu/fr/notice/-/detail/349731-2023,bordeaux metropole,3304C
349731-2023,2023-06-12,bordeaux Métropole,services,France-Bordeaux: Mise en état d'exploitation d'installations de chauffage,https://ted.europa.eu/fr/notice/-/detail/349731-2023,bordeaux metropole,3315C
349731-2023,2023-06-12,bordeaux Métropole,services,France-Bordeaux: Mise en état d'exploitation d'installations de chauffage,https://ted.europa.eu/fr/notice/-/detail/349731-2023,bordeaux metropole,3316C
349731-2023,2023-06-12,bordeaux Métropole,services,France-Bordeaux: Mise en état d'exploitation d'installations de chauffage,https://ted.europa.eu/fr/notice/-/detail/349731-2023,bordeaux metropole,3317C
349731-2023,2023-06-12,bordeaux Métropole,services,France-Bordeaux: Mise en état d'exploitation d'installations de chauffage,https://ted.europa.eu/fr/notice/-/detail/349731-2023,bordeaux metropole,3318C
349731-2023,2023-06-12,bordeaux Métropole,services,France-Bordeaux: Mise en état d'exploitation d'installations de chauffage,https://ted.europa.eu/fr/notice/-/detail/349731-2023,bordeaux metropole,3319C
349731-2023,2023-06-12,bordeaux Métropole,services,France-Bordeaux: Mise en état d'exploitation d'installations de chauffage,https://ted.europa.eu/fr/notice/-/detail/349731-2023,bordeaux metropole,3324C
349731-2023,2023-06-12,bordeaux Métropole,services,France-Bordeaux: Mise en état d'exploitation d'installations de chauffage,https://ted.europa.eu/fr/notice/-/detail/349731-2023,bordeaux metropole,3325C
349731-2023,2023-06-12,bordeaux Métropole,services,France-Bordeaux: Mise en état d'exploitation d'installations de chauffage,https://ted.europa.eu/fr/notice/-/detail/349731-2023,bordeaux metropole,3326C
349731-2023,2023-06-12,bordeaux Métropole,services,France-Bordeaux: Mise en état d'exploitation d'installations de chauffage,https://ted.europa.eu/fr/notice/-/detail/349731-2023,bordeaux metropole,3327C
349731-2023,2023-06-12,bordeaux Métropole,services,France-Bordeaux: Mise en état d'exploitation d'installations de chauffage,https://ted.europa.eu/fr/notice/-/detail/349731-2023,bordeaux metropole,3328C
349731-2023,2023-06-12,bordeaux Métropole,services,France-Bordeaux: Mise en état d'exploitation d'installations de chauffage,https://ted.europa.eu/fr/notice/-/detail/349731-2023,bordeaux metropole,3334C
349731-2023,2023-06-12,bordeaux Métropole,services,France-Bordeaux: Mise en état d'exploitation d'installations de chauffage,https://ted.europa.eu/fr/notice/-/detail/349731-2023,bordeaux metropole,3335C
349731-2023,2023-06-12,bordeaux Métropole,services,France-Bordeaux: Mise en état d'exploitation d'installations de chauffage,https://ted.europa.eu/fr/notice/-/detail/349731-2023,bordeaux metropole,7301C
349731-2023,2023-06-12,bordeaux Métropole,services,France-Bordeaux: Mise en état d'exploitation d'installations de chauffage,https://ted.europa.eu/fr/notice/-/detail/349731-2023,bordeaux metropole,3329C
364143-2023,2023-06-19,métropole de Lyon,services,France-Lyon: Mise en état d'exploitation d'installations de chauffage,https://ted.europa.eu/fr/notice/-/detail/364143-2023,lyon,6901C
364143-2023,2023-06-19,métropole de Lyon,services,France-Lyon: Mise en état d'exploitation d'installations de chauffage,https://ted.europa.eu/fr/notice/-/detail/364143-2023,lyon,6904C
364143-2023,2023-06-19,métropole de Lyon,services,France-Lyon: Mise en état d'exploitation d'installations de chauffage,https://ted.europa.eu/fr/notice/-/detail/364143-2023,lyon,6905C
364143-2023,2023-06-19,métropole de Lyon,services,France-Lyon: Mise en état d'exploitation d'installations de chauffage,https://ted.europa.eu/fr/notice/-/detail/364143-2023,lyon,6906C
364143-2023,2023-06-19,métropole de Lyon,services,France-Lyon: Mise en état d'exploitation d'installations de chauffage,https://ted.europa.eu/fr/notice/-/detail/364143-2023,lyon,6912C
364143-2023,2023-06-19,métropole de Lyon,services,France-Lyon: Mise en état d'exploitation d'installations de chauffage,https://ted.europa.eu/fr/notice/-/detail/364143-2023,lyon,6915C
364143-2023,2023-06-19,métropole de Lyon,services,France-Lyon: Mise en état d'exploitation d'installations de chauffage,https://ted.europa.eu/fr/notice/-/detail/364143-2023,lyon,6923C
364143-2023,2023-06-19,métropole de Lyon,services,France-Lyon: Mise en état d'exploitation d'installations de chauffage,https://ted.europa.eu/fr/notice/-/detail/364143-2023,lyon,6930C
364143-2023,2023-06-19,métropole de Lyon,services,France-Lyon: Mise en état d'exploitation d'installations de chauffage,https://ted.europa.eu/fr/notice/-/detail/364143-2023,lyon,6902C
364143-2023,2023-06-19,métropole de Lyon,services,France-Lyon: Mise en état d'exploitation d'installations de chauffage,https://ted.europa.eu/fr/notice/-/detail/364143-2023,lyon,6908C
364143-2023,2023-06-19,métropole de Lyon,services,France-Lyon: Mise en état d'exploitation d'installations de chauffage,https://ted.europa.eu/fr/notice/-/detail/364143-2023,lyon,6914C
364143-2023,2023-06-19,métropole de Lyon,services,France-Lyon: Mise en état d'exploitation d'installations de chauffage,https://ted.europa.eu/fr/notice/-/detail/364143-2023,lyon,6921C
383023-2023,2023-06-27,toulouse metropole,services,France-Toulouse: Services de conception des systèmes de chauffage,https://ted.europa.eu/fr/notice/-/detail/383023-2023,toulouse metropole,3101C
383023-2023,2023-06-27,toulouse metropole,services,France-Toulouse: Services de conception des systèmes de chauffage,https://ted.europa.eu/fr/notice/-/detail/383023-2023,toulouse metropole,3102C
383023-2023,2023-06-27,toulouse metropole,services,France-Toulouse: Services de conception des systèmes de chauffage,https://ted.europa.eu/fr/notice/-/detail/383023-2023,toulouse metropole,3103C
383023-2023,2023-06-27,toulouse metropole,services,France-Toulouse: Services de conception des systèmes de chauffage,https://ted.europa.eu/fr/notice/-/detail/383023-2023,toulouse metropole,3104C
383023-2023,2023-06-27,toulouse metropole,services,France-Toulouse: Services de conception des systèmes de chauffage,https://ted.europa.eu/fr/notice/-/detail/383023-2023,toulouse metropole,3106C
383023-2023,2023-06-27,toulouse metropole,services,France-Toulouse: Services de conception des systèmes de chauffage,https://ted.europa.eu/fr/notice/-/detail/383023-2023,toulouse metropole,3107C
383023-2023,2023-06-27,toulouse metropole,services,France-Toulouse: Services de conception des systèmes de chauffage,https://ted.europa.eu/fr/notice/-/detail/383023-2023,toulouse metropole,3112C
383023-2023,2023-06-27,toulouse metropole,services,France-Toulouse: Services de conception des systèmes de chauffage,https://ted.europa.eu/fr/notice/-/detail/383023-2023,toulouse metropole,3114C
393743-2023,2023-06-30,grenoble-alpes metropole,services,France-Grenoble: Services de conception des systèmes de chauffage,https://ted.europa.eu/fr/notice/-/detail/393743-2023,grenoble alpes metropole,3802C
393743-2023,2023-06-30,grenoble-alpes metropole,services,France-Grenoble: Services de conception des systèmes de chauffage,https://ted.europa.eu/fr/notice/-/detail/393743-2023,grenoble alpes metropole,3820C
393743-2023,2023-06-30,grenoble-alpes metropole,services,France-Grenoble: Services de conception des systèmes de chauffage,https://ted.europa.eu/fr/notice/-/detail/393743-2023,grenoble alpes metropole,3821C
393743-2023,2023-06-30,grenoble-alpes metropole,services,France-Grenoble: Services de conception des systèmes de chauffage,https://ted.europa.eu/fr/notice/-/detail/393743-2023,grenoble alpes metropole,3827C
393743-2023,2023-06-30,grenoble-alpes metropole,services,France-Grenoble: Services de conception des systèmes de chauffage,https://ted.europa.eu/fr/notice/-/detail/393743-2023,grenoble alpes metropole,3829C
393743-2023,2023-06-30,grenoble-alpes metropole,services,France-Grenoble: Services de conception des systèmes de chauffage,https://ted.europa.eu/fr/notice/-/detail/393743-2023,grenoble alpes metropole,3801C
415830-2023,2023-07-10,eurometropole de strasbourg,services,France-Strasbourg: Services publics,https://ted.europa.eu/fr/notice/-/detail/415830-2023,eurometropole de strasbourg,6702C
415830-2023,2023-07-10,eurometropole de strasbourg,services,France-Strasbourg: Services publics,https://ted.europa.eu/fr/notice/-/detail/415830-2023,eurometropole de strasbourg,6703C
415830-2023,2023-07-10,eurometropole de strasbourg,services,France-Strasbourg: Services publics,https://ted.europa.eu/fr/notice/-/detail/415830-2023,eurometropole de strasbourg,6708C
415830-2023,2023-07-10,eurometropole de strasbourg,services,France-Strasbourg: Services publics,https://ted.europa.eu/fr/notice/-/detail/415830-2023,eurometropole de strasbourg,6709C
415830-2023,2023-07-10,eurometropole de strasbourg,services,France-Strasbourg: Services publics,https://ted.europa.eu/fr/notice/-/detail/415830-2023,eurometropole de strasbourg,6713C
415830-2023,2023-07-10,eurometropole de strasbourg,services,France-Strasbourg: Services publics,https://ted.europa.eu/fr/notice/-/detail/415830-2023,eurometropole de strasbourg,6722C
415830-2023,2023-07-10,eurometropole de strasbourg,services,France-Strasbourg: Services publics,https://ted.europa.eu/fr/notice/-/detail/415830-2023,eurometropole de strasbourg,6725C
415830-2023,2023-07-10,eurometropole de strasbourg,services,France-Strasbourg: Services publics,https://ted.europa.eu/fr/notice/-/detail/415830-2023,eurometropole de strasbourg,6726C
415830-2023,2023-07-10,eurometropole de strasbourg,services,France-Strasbourg: Services publics,https://ted.europa.eu/fr/notice/-/detail/415830-2023,eurometropole de strasbourg,6727C
415830-2023,2023-07-10,eurometropole de strasbourg,services,France-Strasbourg: Services publics,https://ted.europa.eu/fr/notice/-/detail/415830-2023,eurometropole de strasbourg,6728C
415830-2023,2023-07-10,eurometropole de strasbourg,services,France-Strasbourg: Services publics,https://ted.europa.eu/fr/notice/-/detail/415830-2023,eurometropole de strasbourg,6731C
415830-2023,2023-07-10,eurometropole de strasbourg,services,France-Strasbourg: Services publics,https://ted.europa.eu/fr/notice/-/detail/415830-2023,eurometropole de strasbourg,6733C
415830-2023,2023-07-10,eurometropole de strasbourg,services,France-Strasbourg: Services publics,https://ted.europa.eu/fr/notice/-/detail/415830-2023,eurometropole de strasbourg,6735C
415830-2023,2023-07-10,eurometropole de strasbourg,services,France-Strasbourg: Services publics,https://ted.europa.eu/fr/notice/-/detail/415830-2023,eurometropole de strasbourg,6738C
415830-2023,2023-07-10,eurometropole de strasbourg,services,France-Strasbourg: Services publics,https://ted.europa.eu/fr/notice/-/detail/415830-2023,eurometropole de strasbourg,6739C
415830-2023,2023-07-10,eurometropole de strasbourg,services,France-Strasbourg: Services publics,https://ted.europa.eu/fr/notice/-/detail/415830-2023,eurometropole de strasbourg,6741C
415830-2023,2023-07-10,eurometropole de strasbourg,services,France-Strasbourg: Services publics,https://ted.europa.eu/fr/notice/-/detail/415830-2023,eurometropole de strasbourg,6704C
415830-2023,2023-07-10,eurometropole de strasbourg,services,France-Strasbourg: Services publics,https://ted.europa.eu/fr/notice/-/detail/415830-2023,eurometropole de strasbourg,6705C
415830-2023,2023-07-10,eurometropole de strasbourg,services,France-Strasbourg: Services publics,https://ted.europa.eu/fr/notice/-/detail/415830-2023,eurometropole de strasbourg,6730C
419667-2023,2023-07-12,tours Métropole Val de Loire,services,France-Tours: Autres sources d'approvisionnement en énergie et leur distribution,https://ted.europa.eu/fr/notice/-/detail/419667-2023,tours metropole val de loire,3701C
419667-2023,2023-07-12,tours Métropole Val de Loire,services,France-Tours: Autres sources d'approvisionnement en énergie et leur distribution,https://ted.europa.eu/fr/notice/-/detail/419667-2023,tours metropole val de loire,3702C
419667-2023,2023-07-12,tours Métropole Val de Loire,services,France-Tours: Autres sources d'approvisionnement en énergie et leur distribution,https://ted.europa.eu/fr/notice/-/detail/419667-2023,tours metropole val de loire,3704C
419667-2023,2023-07-12,tours Métropole Val de Loire,services,France-Tours: Autres sources d'approvisionnement en énergie et leur distribution,https://ted.europa.eu/fr/notice/-/detail/419667-2023,tours metropole val de loire,3705C
419667-2023,2023-07-12,tours Métropole Val de Loire,services,France-Tours: Autres sources d'approvisionnement en énergie et leur distribution,https://ted.europa.eu/fr/notice/-/detail/419667-2023,tours metropole val de loire,3708C
419667-2023,2023-07-12,tours Métropole Val de Loire,services,France-Tours: Autres sources d'approvisionnement en énergie et leur distribution,https://ted.europa.eu/fr/notice/-/detail/419667-2023,tours metropole val de loire,3709C
419667-2023,2023-07-12,tours Métropole Val de Loire,services,France-Tours: Autres sources d'approvisionnement en énergie et leur distribution,https://ted.europa.eu/fr/notice/-/detail/419667-2023,tours metropole val de loire,3712C
419667-2023,2023-07-12,tours Métropole Val de Loire,services,France-Tours: Autres sources d'approvisionnement en énergie et leur distribution,https://ted.europa.eu/fr/notice/-/detail/419667-2023,tours metropole val de loire,3713C
419667-2023,2023-07-12,tours Métropole Val de Loire,services,France-Tours: Autres sources d'approvisionnement en énergie et leur distribution,https://ted.europa.eu/fr/notice/-/detail/419667-2023,tours metropole val de loire,3714C
419667-2023,2023-07-12,tours Métropole Val de Loire,services,France-Tours: Autres sources d'approvisionnement en énergie et leur distribution,https://ted.europa.eu/fr/notice/-/detail/419667-2023,tours metropole val de loire,3710C
419667-2023,2023-07-12,tours Métropole Val de Loire,services,France-Tours: Autres sources d'approvisionnement en énergie et leur distribution,https://ted.europa.eu/fr/notice/-/detail/419667-2023,tours metropole val de loire,3711C
445297-2023,2023-07-21,metropole rouen normandie,works,France-Rouen: Travaux de construction de réseaux de chauffage urbain,https://ted.europa.eu/fr/notice/-/detail/445297-2023,rouen normandie,7601C
445297-2023,2023-07-21,metropole rouen normandie,works,France-Rouen: Travaux de construction de réseaux de chauffage urbain,https://ted.europa.eu/fr/notice/-/detail/445297-2023,rouen normandie,7605C
445297-2023,2023-07-21,metropole rouen normandie,works,France-Rouen: Travaux de construction de réseaux de chauffage urbain,https://ted.europa.eu/fr/notice/-/detail/445297-2023,rouen normandie,7606C
445297-2023,2023-07-21,metropole rouen normandie,works,France-Rouen: Travaux de construction de réseaux de chauffage urbain,https://ted.europa.eu/fr/notice/-/detail/445297-2023,rouen normandie,7607C
445297-2023,2023-07-21,metropole rouen normandie,works,France-Rouen: Travaux de construction de réseaux de chauffage urbain,https://ted.europa.eu/fr/notice/-/detail/445297-2023,rouen normandie,7608C
445297-2023,2023-07-21,metropole rouen normandie,works,France-Rouen: Travaux de construction de réseaux de chauffage urbain,https://ted.europa.eu/fr/notice/-/detail/445297-2023,rouen normandie,7612C
445297-2023,2023-07-21,metropole rouen normandie,works,France-Rouen: Travaux de construction de réseaux de chauffage urbain,https://ted.europa.eu/fr/notice/-/detail/445297-2023,rouen normandie,7614C
445297-2023,2023-07-21,metropole rouen normandie,works,France-Rouen: Travaux de construction de réseaux de chauffage urbain,https://ted.europa.eu/fr/notice/-/detail/445297-2023,rouen normandie,7615C
445297-2023,2023-07-21,metropole rouen normandie,works,France-Rouen: Travaux de construction de réseaux de chauffage urbain,https://ted.europa.eu/fr/notice/-/detail/445297-2023,rouen normandie,7619C
445297-2023,2023-07-21,metropole rouen normandie,works,France-Rouen: Travaux de construction de réseaux de chauffage urbain,https://ted.europa.eu/fr/notice/-/detail/445297-2023,rouen normandie,7620C
446367-2023,2023-07-24,metropole europeenne de lille,services,France-Lille: Services de conception des systèmes de chauffage,https://ted.europa.eu/fr/notice/-/detail/446367-2023,europeenne de lille,5901C
446367-2023,2023-07-24,metropole europeenne de lille,services,France-Lille: Services de conception des systèmes de chauffage,https://ted.europa.eu/fr/notice/-/detail/446367-2023,europeenne de lille,5904C
446367-2023,2023-07-24,metropole europeenne de lille,services,France-Lille: Services de conception des systèmes de chauffage,https://ted.europa.eu/fr/notice/-/detail/446367-2023,europeenne de lille,5905C
446367-2023,2023-07-24,metropole europeenne de lille,services,France-Lille: Services de conception des systèmes de chauffage,https://ted.europa.eu/fr/notice/-/detail/446367-2023,europeenne de lille,5906C
446367-2023,2023-07-24,metropole europeenne de lille,services,France-Lille: Services de conception des systèmes de chauffage,https://ted.europa.eu/fr/notice/-/detail/446367-2023,europeenne de lille,5907C
446367-2023,2023-07-24,metropole europeenne de lille,services,France-Lille: Services de conception des systèmes de chauffage,https://ted.europa.eu/fr/notice/-/detail/446367-2023,europeenne de lille,5909C
446367-2023,2023-07-24,metropole europeenne de lille,services,France-Lille: Services de conception des systèmes de chauffage,https://ted.europa.eu/fr/notice/-/detail/446367-2023,europeenne de lille,5910C
446367-2023,2023-07-24,metropole europeenne de lille,services,France-Lille: Services de conception des systèmes de chauffage,https://ted.europa.eu/fr/notice/-/detail/446367-2023,europeenne de lille,5911C
446367-2023,2023-07-24,metropole europeenne de lille,services,France-Lille: Services de conception des systèmes de chauffage,https://ted.europa.eu/fr/notice/-/detail/446367-2023,europeenne de lille,5917C
446367-2023,2023-07-24,metropole europeenne de lille,services,France-Lille: Services de conception des systèmes de chauffage,https://ted.europa.eu/fr/notice/-/detail/446367-2023,europeenne de lille,5925C
446367-2023,2023-07-24,metropole europeenne de lille,services,France-Lille: Services de conception des systèmes de chauffage,https://ted.europa.eu/fr/notice/-/detail/446367-2023,europeenne de lille,5926C
446367-2023,2023-07-24,metropole europeenne de lille,services,France-Lille: Services de conception des systèmes de chauffage,https://ted.europa.eu/fr/notice/-/detail/446367-2023,europeenne de lille,5927C
446367-2023,2023-07-24,metropole europeenne de lille,services,France-Lille: Services de conception des systèmes de chauffage,https://ted.europa.eu/fr/notice/-/detail/446367-2023,europeenne de lille,5928C
446367-2023,2023-07-24,metropole europeenne de lille,services,France-Lille: Services de conception des systèmes de chauffage,https://ted.europa.eu/fr/notice/-/detail/446367-2023,europeenne de lille,5918C
446367-2023,2023-07-24,metropole europeenne de lille,services,France-Lille: Services de conception des systèmes de chauffage,https://ted.europa.eu/fr/notice/-/detail/446367-2023,europeenne de lille,5919C
454081-2023,2023-07-26,orléans Métropole,services,France-Orléans: Mise en état d'exploitation d'installations de chauffage,https://ted.europa.eu/fr/notice/-/detail/454081-2023,orleans metropole,4501C
454081-2023,2023-07-26,orléans Métropole,services,France-Orléans: Mise en état d'exploitation d'installations de chauffage,https://ted.europa.eu/fr/notice/-/detail/454081-2023,orleans metropole,4503C
454081-2023,2023-07-26,orléans Métropole,services,France-Orléans: Mise en état d'exploitation d'installations de chauffage,https://ted.europa.eu/fr/notice/-/detail/454081-2023,orleans metropole,4505C
456949-2023,2023-07-28,mairie de dortan,services,France-Dortan: Services de gestion de l'énergie,https://ted.europa.eu/fr/notice/-/detail/456949-2023,dortan,0109C
458700-2023,2023-07-28,ville de Montargis,services,France-Montargis: Services de maintenance de systèmes,https://ted.europa.eu/fr/notice/-/detail/458700-2023,montargis,4504C
459488-2023,2023-07-28,bordeaux Métropole,services,France-Bordeaux: Mise en état d'exploitation d'installations de chauffage,https://ted.europa.eu/fr/notice/-/detail/459488-2023,bordeaux metropole,3302C
459488-2023,2023-07-28,bordeaux Métropole,services,France-Bordeaux: Mise en état d'exploitation d'installations de chauffage,https://ted.europa.eu/fr/notice/-/detail/459488-2023,bordeaux metropole,3303C
459488-2023,2023-07-28,bordeaux Métropole,services,France-Bordeaux: Mise en état d'exploitation d'installations de chauffage,https://ted.europa.eu/fr/notice/-/detail/459488-2023,bordeaux metropole,3304C
459488-2023,2023-07-28,bordeaux Métropole,services,France-Bordeaux: Mise en état d'exploitation d'installations de chauffage,https://ted.europa.eu/fr/notice/-/detail/459488-2023,bordeaux metropole,3315C
459488-2023,2023-07-28,bordeaux Métropole,services,France-Bordeaux: Mise en état d'exploitation d'installations de chauffage,https://ted.europa.eu/fr/notice/-/detail/459488-2023,bordeaux metropole,3316C
459488-2023,2023-07-28,bordeaux Métropole,services,France-Bordeaux: Mise en état d'exploitation d'installations de chauffage,https://ted.europa.eu/fr/notice/-/detail/459488-2023,bordeaux metropole,3317C
459488-2023,2023-07-28,bordeaux Métropole,services,France-Bordeaux: Mise en état d'exploitation d'installations de chauffage,https://ted.europa.eu/fr/notice/-/detail/459488-2023,bordeaux metropole,3318C
459488-2023,2023-07-28,bordeaux Métropole,services,France-Bordeaux: Mise en état d'exploitation d'installations de chauffage,https://ted.europa.eu/fr/notice/-/detail/459488-2023,bordeaux metropole,3319C
459488-2023,2023-07-28,bordeaux Métropole,services,France-Bordeaux: Mise en état d'exploitation d'installations de chauffage,https://ted.europa.eu/fr/notice/-/detail/459488-2023,bordeaux metropole,3324C
459488-2023,2023-07-28,bordeaux Métropole,services,France-Bordeaux: Mise en état d'exploitation d'installations de chauffage,https://ted.europa.eu/fr/notice/-/detail/459488-2023,bordeaux metropole,3325C
459488-2023,2023-07-28,bordeaux Métropole,services,France-Bordeaux: Mise en état d'exploitation d'installations de chauffage,https://ted.europa.eu/fr/notice/-/detail/459488-2023,bordeaux metropole,3326C
459488-2023,2023-07-28,bordeaux Métropole,services,France-Bordeaux: Mise en état d'exploitation d'installations de chauffage,https://ted.europa.eu/fr/notice/-/detail/459488-2023,bordeaux metropole,3327C
459488-2023,2023-07-28,bordeaux Métropole,services,France-Bordeaux: Mise en état d'exploitation d'installations de chauffage,https://ted.europa.eu/fr/notice/-/detail/459488-2023,bordeaux metropole,3328C
459488-2023,2023-07-28,bordeaux Métropole,services,France-Bordeaux: Mise en état d'exploitation d'installations de chauffage,https://ted.europa.eu/fr/notice/-/detail/459488-2023,bordeaux metropole,3334C
459488-2023,2023-07-28,bordeaux Métropole,services,France-Bordeaux: Mise en état d'exploitation d'installations de chauffage,https://ted.europa.eu/fr/notice/-/detail/459488-2023,bordeaux metropole,3335C
459488-2023,2023-07-28,bordeaux Métropole,services,France-Bordeaux: Mise en état d'exploitation d'installations de chauffage,https://ted.europa.eu/fr/notice/-/detail/459488-2023,bordeaux metropole,7301C
459488-2023,2023-07-28,bordeaux Métropole,services,France-Bordeaux: Mise en état d'exploitation d'installations de chauffage,https://ted.europa.eu/fr/notice/-/detail/459488-2023,bordeaux metropole,3329C
490452-2023,2023-08-11,Bordeaux Métropole,services,France-Bordeaux: Distribution de gaz et services connexes,https://ted.europa.eu/fr/notice/-/detail/490452-2023,bordeaux metropole,3302C
490452-2023,2023-08-11,Bordeaux Métropole,services,France-Bordeaux: Distribution de gaz et services connexes,https://ted.europa.eu/fr/notice/-/detail/490452-2023,bordeaux metropole,3303C
490452-2023,2023-08-11,Bordeaux Métropole,services,France-Bordeaux: Distribution de gaz et services connexes,https://ted.europa.eu/fr/notice/-/detail/490452-2023,bordeaux metropole,3304C
490452-2023,2023-08-11,Bordeaux Métropole,services,France-Bordeaux: Distribution de gaz et services connexes,https://ted.europa.eu/fr/notice/-/detail/490452-2023,bordeaux metropole,3315C
490452-2023,2023-08-11,Bordeaux Métropole,services,France-Bordeaux: Distribution de gaz et services connexes,https://ted.europa.eu/fr/notice/-/detail/490452-2023,bordeaux metropole,3316C
490452-2023,2023-08-11,Bordeaux Métropole,services,France-Bordeaux: Distribution de gaz et services connexes,https://ted.europa.eu/fr/notice/-/detail/490452-2023,bordeaux metropole,3317C
490452-2023,2023-08-11,Bordeaux Métropole,services,France-Bordeaux: Distribution de gaz et services connexes,https://ted.europa.eu/fr/notice/-/detail/490452-2023,bordeaux metropole,3318C
490452-2023,2023-08-11,Bordeaux Métropole,services,France-Bordeaux: Distribution de gaz et services connexes,https://ted.europa.eu/fr/notice/-/detail/490452-2023,bordeaux metropole,3319C
490452-2023,2023-08-11,Bordeaux Métropole,services,France-Bordeaux: Distribution de gaz et services connexes,https://ted.europa.eu/fr/notice/-/detail/490452-2023,bordeaux metropole,3324C
490452-2023,2023-08-11,Bordeaux Métropole,services,France-Bordeaux: Distribution de gaz et services connexes,https://ted.europa.eu/fr/notice/-/detail/490452-2023,bordeaux metropole,3325C
490452-2023,2023-08-11,Bordeaux Métropole,services,France-Bordeaux: Distribution de gaz et services connexes,https://ted.europa.eu/fr/notice/-/detail/490452-2023,bordeaux metropole,3326C
490452-2023,2023-08-11,Bordeaux Métropole,services,France-Bordeaux: Distribution de gaz et services connexes,https://ted.europa.eu/fr/notice/-/detail/490452-2023,bordeaux metropole,3327C
490452-2023,2023-08-11,Bordeaux Métropole,services,France-Bordeaux: Distribution de gaz et services connexes,https://ted.europa.eu/fr/notice/-/detail/490452-2023,bordeaux metropole,3328C
490452-2023,2023-08-11,Bordeaux Métropole,services,France-Bordeaux: Distribution de gaz et services connexes,https://ted.europa.eu/fr/notice/-/detail/490452-2023,bordeaux metropole,3334C
490452-2023,2023-08-11,Bordeaux Métropole,services,France-Bordeaux: Distribution de gaz et services connexes,https://ted.europa.eu/fr/notice/-/detail/490452-2023,bordeaux metropole,3335C
490452-2023,2023-08-11,Bordeaux Métropole,services,France-Bordeaux: Distribution de gaz et services connexes,https://ted.europa.eu/fr/notice/-/detail/490452-2023,bordeaux metropole,7301C
490452-2023,2023-08-11,Bordeaux Métropole,services,France-Bordeaux: Distribution de gaz et services connexes,https://ted.europa.eu/fr/notice/-/detail/490452-2023,bordeaux metropole,3329C
532642-2023,2023-09-04,commune de montbeliard,services,France-Montbéliard: Autres sources d'approvisionnement en énergie et leur distribution,https://ted.europa.eu/fr/notice/-/detail/532642-2023,montbeliard,2502C
542258-2023,2023-09-08,communauté Urbaine Caen la Mer,services,France-Caen: Mise en état d'exploitation d'installations de chauffage,https://ted.europa.eu/fr/notice/-/detail/542258-2023,caen la mer,1401C
542258-2023,2023-09-08,communauté Urbaine Caen la Mer,services,France-Caen: Mise en état d'exploitation d'installations de chauffage,https://ted.europa.eu/fr/notice/-/detail/542258-2023,caen la mer,1412C
542258-2023,2023-09-08,communauté Urbaine Caen la Mer,services,France-Caen: Mise en état d'exploitation d'installations de chauffage,https://ted.europa.eu/fr/notice/-/detail/542258-2023,caen la mer,1413C
542258-2023,2023-09-08,communauté Urbaine Caen la Mer,services,France-Caen: Mise en état d'exploitation d'installations de chauffage,https://ted.europa.eu/fr/notice/-/detail/542258-2023,caen la mer,1414C
612426-2023,2023-10-11,ville d'annecy,services,France-Annecy: Services de gestion d'installations,https://ted.europa.eu/fr/notice/-/detail/612426-2023,annecy,7402C
612426-2023,2023-10-11,ville d'annecy,services,France-Annecy: Services de gestion d'installations,https://ted.europa.eu/fr/notice/-/detail/612426-2023,annecy,7421C
612426-2023,2023-10-11,ville d'annecy,services,France-Annecy: Services de gestion d'installations,https://ted.europa.eu/fr/notice/-/detail/612426-2023,annecy,7424C
612426-2023,2023-10-11,ville d'annecy,services,France-Annecy: Services de gestion d'installations,https://ted.europa.eu/fr/notice/-/detail/612426-2023,annecy,7477C
625068-2023,2023-10-16,ville de Fourmies,services,France-Fourmies: Service de gestion du réseau d'assainissement,https://ted.europa.eu/fr/notice/-/detail/625068-2023,fourmies,5923C
625828-2023,2023-10-16,commune de vallorcine,supplies,France-Vallorcine: Chauffage urbain,https://ted.europa.eu/fr/notice/-/detail/625828-2023,vallorcine,7417C
661311-2023,2023-10-31,mairie de dortan,services,France-Dortan: Services de gestion de l'énergie,https://ted.europa.eu/fr/notice/-/detail/661311-2023,dortan,0109C
662789-2023,2023-10-31,tours Métropole Val de Loire,services,France-Tours: Autres sources d'approvisionnement en énergie et leur distribution,https://ted.europa.eu/fr/notice/-/detail/662789-2023,tours metropole val de loire,3701C
662789-2023,2023-10-31,tours Métropole Val de Loire,services,France-Tours: Autres sources d'approvisionnement en énergie et leur distribution,https://ted.europa.eu/fr/notice/-/detail/662789-2023,tours metropole val de loire,3702C
662789-2023,2023-10-31,tours Métropole Val de Loire,services,France-Tours: Autres sources d'approvisionnement en énergie et leur distribution,https://ted.europa.eu/fr/notice/-/detail/662789-2023,tours metropole val de loire,3704C
662789-2023,2023-10-31,tours Métropole Val de Loire,services,France-Tours: Autres sources d'approvisionnement en énergie et leur distribution,https://ted.europa.eu/fr/notice/-/detail/662789-2023,tours metropole val de loire,3705C
662789-2023,2023-10-31,tours Métropole Val de Loire,services,France-Tours: Autres sources d'approvisionnement en énergie et leur distribution,https://ted.europa.eu/fr/notice/-/detail/662789-2023,tours metropole val de loire,3708C
662789-2023,2023-10-31,tours Métropole Val de Loire,services,France-Tours: Autres sources d'approvisionnement en énergie et leur distribution,https://ted.europa.eu/fr/notice/-/detail/662789-2023,tours metropole val de loire,3709C
662789-2023,2023-10-31,tours Métropole Val de Loire,services,France-Tours: Autres sources d'approvisionnement en énergie et leur distribution,https://ted.europa.eu/fr/notice/-/detail/662789-2023,tours metropole val de loire,3712C
662789-2023,2023-10-31,tours Métropole Val de Loire,services,France-Tours: Autres sources d'approvisionnement en énergie et leur distribution,https://ted.europa.eu/fr/notice/-/detail/662789-2023,tours metropole val de loire,3713C
662789-2023,2023-10-31,tours Métropole Val de Loire,services,France-Tours: Autres sources d'approvisionnement en énergie et leur distribution,https://ted.europa.eu/fr/notice/-/detail/662789-2023,tours metropole val de loire,3714C
662789-2023,2023-10-31,tours Métropole Val de Loire,services,France-Tours: Autres sources d'approvisionnement en énergie et leur distribution,https://ted.europa.eu/fr/notice/-/detail/662789-2023,tours metropole val de loire,3710C
662789-2023,2023-10-31,tours Métropole Val de Loire,services,France-Tours: Autres sources d'approvisionnement en énergie et leur distribution,https://ted.europa.eu/fr/notice/-/detail/662789-2023,tours metropole val de loire,3711C
676592-2023,2023-11-08,ville de Clichy-Sous-Bois,services,France-Clichy-sous-Bois: Mise en état d'exploitation d'installations de chauffage,https://ted.europa.eu/fr/notice/-/detail/676592-2023,clichy sous bois,9311C
779788-2023,2023-12-22,métropole de Lyon,services,France-Lyon: Services publics,https://ted.europa.eu/fr/notice/-/detail/779788-2023,lyon,6901C
779788-2023,2023-12-22,métropole de Lyon,services,France-Lyon: Services publics,https://ted.europa.eu/fr/notice/-/detail/779788-2023,lyon,6904C
779788-2023,2023-12-22,métropole de Lyon,services,France-Lyon: Services publics,https://ted.europa.eu/fr/notice/-/detail/779788-2023,lyon,6905C
779788-2023,2023-12-22,métropole de Lyon,services,France-Lyon: Services publics,https://ted.europa.eu/fr/notice/-/detail/779788-2023,lyon,6906C
779788-2023,2023-12-22,métropole de Lyon,services,France-Lyon: Services publics,https://ted.europa.eu/fr/notice/-/detail/779788-2023,lyon,6912C
779788-2023,2023-12-22,métropole de Lyon,services,France-Lyon: Services publics,https://ted.europa.eu/fr/notice/-/detail/779788-2023,lyon,6915C
779788-2023,2023-12-22,métropole de Lyon,services,France-Lyon: Services publics,https://ted.europa.eu/fr/notice/-/detail/779788-2023,lyon,6923C
779788-2023,2023-12-22,métropole de Lyon,services,France-Lyon: Services publics,https://ted.europa.eu/fr/notice/-/detail/779788-2023,lyon,6930C
779788-2023,2023-12-22,métropole de Lyon,services,France-Lyon: Services publics,https://ted.europa.eu/fr/notice/-/detail/779788-2023,lyon,6902C
779788-2023,2023-12-22,métropole de Lyon,services,France-Lyon: Services publics,https://ted.europa.eu/fr/notice/-/detail/779788-2023,lyon,6908C
779788-2023,2023-12-22,métropole de Lyon,services,France-Lyon: Services publics,https://ted.europa.eu/fr/notice/-/detail/779788-2023,lyon,6914C
779788-2023,2023-12-22,métropole de Lyon,services,France-Lyon: Services publics,https://ted.europa.eu/fr/notice/-/detail/779788-2023,lyon,6921C
779949-2023,2023-12-22,bordeaux Métropole,services,France-Bordeaux: Mise en état d'exploitation d'installations de chauffage,https://ted.europa.eu/fr/notice/-/detail/779949-2023,bordeaux metropole,3302C
779949-2023,2023-12-22,bordeaux Métropole,services,France-Bordeaux: Mise en état d'exploitation d'installations de chauffage,https://ted.europa.eu/fr/notice/-/detail/779949-2023,bordeaux metropole,3303C
779949-2023,2023-12-22,bordeaux Métropole,services,France-Bordeaux: Mise en état d'exploitation d'installations de chauffage,https://ted.europa.eu/fr/notice/-/detail/779949-2023,bordeaux metropole,3304C
779949-2023,2023-12-22,bordeaux Métropole,services,France-Bordeaux: Mise en état d'exploitation d'installations de chauffage,https://ted.europa.eu/fr/notice/-/detail/779949-2023,bordeaux metropole,3315C
779949-2023,2023-12-22,bordeaux Métropole,services,France-Bordeaux: Mise en état d'exploitation d'installations de chauffage,https://ted.europa.eu/fr/notice/-/detail/779949-2023,bordeaux metropole,3316C
779949-2023,2023-12-22,bordeaux Métropole,services,France-Bordeaux: Mise en état d'exploitation d'installations de chauffage,https://ted.europa.eu/fr/notice/-/detail/779949-2023,bordeaux metropole,3317C
779949-2023,2023-12-22,bordeaux Métropole,services,France-Bordeaux: Mise en état d'exploitation d'installations de chauffage,https://ted.europa.eu/fr/notice/-/detail/779949-2023,bordeaux metropole,3318C
779949-2023,2023-12-22,bordeaux Métropole,services,France-Bordeaux: Mise en état d'exploitation d'installations de chauffage,https://ted.europa.eu/fr/notice/-/detail/779949-2023,bordeaux metropole,3319C
779949-2023,2023-12-22,bordeaux Métropole,services,France-Bordeaux: Mise en état d'exploitation d'installations de chauffage,https://ted.europa.eu/fr/notice/-/detail/779949-2023,bordeaux metropole,3324C
779949-2023,2023-12-22,bordeaux Métropole,services,France-Bordeaux: Mise en état d'exploitation d'installations de chauffage,https://ted.europa.eu/fr/notice/-/detail/779949-2023,bordeaux metropole,3325C
779949-2023,2023-12-22,bordeaux Métropole,services,France-Bordeaux: Mise en état d'exploitation d'installations de chauffage,https://ted.europa.eu/fr/notice/-/detail/779949-2023,bordeaux metropole,3326C
779949-2023,2023-12-22,bordeaux Métropole,services,France-Bordeaux: Mise en état d'exploitation d'installations de chauffage,https://ted.europa.eu/fr/notice/-/detail/779949-2023,bordeaux metropole,3327C
779949-2023,2023-12-22,bordeaux Métropole,services,France-Bordeaux: Mise en état d'exploitation d'installations de chauffage,https://ted.europa.eu/fr/notice/-/detail/779949-2023,bordeaux metropole,3328C
779949-2023,2023-12-22,bordeaux Métropole,services,France-Bordeaux: Mise en état d'exploitation d'installations de chauffage,https://ted.europa.eu/fr/notice/-/detail/779949-2023,bordeaux metropole,3334C
779949-2023,2023-12-22,bordeaux Métropole,services,France-Bordeaux: Mise en état d'exploitation d'installations de chauffage,https://ted.europa.eu/fr/notice/-/detail/779949-2023,bordeaux metropole,3335C
779949-2023,2023-12-22,bordeaux Métropole,services,France-Bordeaux: Mise en état d'exploitation d'installations de chauffage,https://ted.europa.eu/fr/notice/-/detail/779949-2023,bordeaux metropole,7301C
779949-2023,2023-12-22,bordeaux Métropole,services,France-Bordeaux: Mise en état d'exploitation d'installations de chauffage,https://ted.europa.eu/fr/notice/-/detail/779949-2023,bordeaux metropole,3329C
785702-2023,2023-12-26,bordeaux Métropole,services,France-Bordeaux: Mise en état d'exploitation d'installations de chauffage,https://ted.europa.eu/fr/notice/-/detail/785702-2023,bordeaux metropole,3302C
785702-2023,2023-12-26,bordeaux Métropole,services,France-Bordeaux: Mise en état d'exploitation d'installations de chauffage,https://ted.europa.eu/fr/notice/-/detail/785702-2023,bordeaux metropole,3303C
785702-2023,2023-12-26,bordeaux Métropole,services,France-Bordeaux: Mise en état d'exploitation d'installations de chauffage,https://ted.europa.eu/fr/notice/-/detail/785702-2023,bordeaux metropole,3304C
785702-2023,2023-12-26,bordeaux Métropole,services,France-Bordeaux: Mise en état d'exploitation d'installations de chauffage,https://ted.europa.eu/fr/notice/-/detail/785702-2023,bordeaux metropole,3315C
785702-2023,2023-12-26,bordeaux Métropole,services,France-Bordeaux: Mise en état d'exploitation d'installations de chauffage,https://ted.europa.eu/fr/notice/-/detail/785702-2023,bordeaux metropole,3316C
785702-2023,2023-12-26,bordeaux Métropole,services,France-Bordeaux: Mise en état d'exploitation d'installations de chauffage,https://ted.europa.eu/fr/notice/-/detail/785702-2023,bordeaux metropole,3317C
785702-2023,2023-12-26,bordeaux Métropole,services,France-Bordeaux: Mise en état d'exploitation d'installations de chauffage,https://ted.europa.eu/fr/notice/-/detail/785702-2023,bordeaux metropole,3318C
785702-2023,2023-12-26,bordeaux Métropole,services,France-Bordeaux: Mise en état d'exploitation d'installations de chauffage,https://ted.europa.eu/fr/notice/-/detail/785702-2023,bordeaux metropole,3319C
785702-2023,2023-12-26,bordeaux Métropole,services,France-Bordeaux: Mise en état d'exploitation d'installations de chauffage,https://ted.europa.eu/fr/notice/-/detail/785702-2023,bordeaux metropole,3324C
785702-2023,2023-12-26,bordeaux Métropole,services,France-Bordeaux: Mise en état d'exploitation d'installations de chauffage,https://ted.europa.eu/fr/notice/-/detail/785702-2023,bordeaux metropole,3325C
785702-2023,2023-12-26,bordeaux Métropole,services,France-Bordeaux: Mise en état d'exploitation d'installations de chauffage,https://ted.europa.eu/fr/notice/-/detail/785702-2023,bordeaux metropole,3326C
785702-2023,2023-12-26,bordeaux Métropole,services,France-Bordeaux: Mise en état d'exploitation d'installations de chauffage,https://ted.europa.eu/fr/notice/-/detail/785702-2023,bordeaux metropole,3327C
785702-2023,2023-12-26,bordeaux Métropole,services,France-Bordeaux: Mise en état d'exploitation d'installations de chauffage,https://ted.europa.eu/fr/notice/-/detail/785702-2023,bordeaux metropole,3328C
785702-2023,2023-12-26,bordeaux Métropole,services,France-Bordeaux: Mise en état d'exploitation d'installations de chauffage,https://ted.europa.eu/fr/notice/-/detail/785702-2023,bordeaux metropole,3334C
785702-2023,2023-12-26,bordeaux Métropole,services,France-Bordeaux: Mise en état d'exploitation d'installations de chauffage,https://ted.europa.eu/fr/notice/-/detail/785702-2023,bordeaux metropole,3335C
785702-2023,2023-12-26,bordeaux Métropole,services,France-Bordeaux: Mise en état d'exploitation d'installations de chauffage,https://ted.europa.eu/fr/notice/-/detail/785702-2023,bordeaux metropole,7301C
785702-2023,2023-12-26,bordeaux Métropole,services,France-Bordeaux: Mise en état d'exploitation d'installations de chauffage,https://ted.europa.eu/fr/notice/-/detail/785702-2023,bordeaux metropole,3329C
793346-2023,2023-12-29,commune d aix en provence,services,France-Aix-en-Provence: Services de conception des systèmes de chauffage,https://ted.europa.eu/fr/notice/-/detail/793346-2023,aix en provence,1317C
19759-2024,2024-01-12,Bordeaux Métropole,services,France-Bordeaux: Distribution de gaz et services connexes,https://ted.europa.eu/fr/notice/-/detail/19759-2024,bordeaux metropole,3302C
19759-2024,2024-01-12,Bordeaux Métropole,services,France-Bordeaux: Distribution de gaz et services connexes,https://ted.europa.eu/fr/notice/-/detail/19759-2024,bordeaux metropole,3303C
19759-2024,2024-01-12,Bordeaux Métropole,services,France-Bordeaux: Distribution de gaz et services connexes,https://ted.europa.eu/fr/notice/-/detail/19759-2024,bordeaux metropole,3304C
19759-2024,2024-01-12,Bordeaux Métropole,services,France-Bordeaux: Distribution de gaz et services connexes,https://ted.europa.eu/fr/notice/-/detail/19759-2024,bordeaux metropole,3315C
19759-2024,2024-01-12,Bordeaux Métropole,services,France-Bordeaux: Distribution de gaz et services connexes,https://ted.europa.eu/fr/notice/-/detail/19759-2024,bordeaux metropole,3316C
19759-2024,2024-01-12,Bordeaux Métropole,services,France-Bordeaux: Distribution de gaz et services connexes,https://ted.europa.eu/fr/notice/-/detail/19759-2024,bordeaux metropole,3317C
19759-2024,2024-01-12,Bordeaux Métropole,services,France-Bordeaux: Distribution de gaz et services connexes,https://ted.europa.eu/fr/notice/-/detail/19759-2024,bordeaux metropole,3318C
19759-2024,2024-01-12,Bordeaux Métropole,services,France-Bordeaux: Distribution de gaz et services connexes,https://ted.europa.eu/fr/notice/-/detail/19759-2024,bordeaux metropole,3319C
19759-2024,2024-01-12,Bordeaux Métropole,services,France-Bordeaux: Distribution de gaz et services connexes,https://ted.europa.eu/fr/notice/-/detail/19759-2024,bordeaux metropole,3324C
19759-2024,2024-01-12,Bordeaux Métropole,services,France-Bordeaux: Distribution de gaz et services connexes,https://ted.europa.eu/fr/notice/-/detail/19759-2024,bordeaux metropole,3325C
19759-2024,2024-01-12,Bordeaux Métropole,services,France-Bordeaux: Distribution de gaz et services connexes,https://ted.europa.eu/fr/notice/-/detail/19759-2024,bordeaux metropole,3326C
19759-2024,2024-01-12,Bordeaux Métropole,services,France-Bordeaux: Distribution de gaz et services connexes,https://ted.europa.eu/fr/notice/-/detail/19759-2024,bordeaux metropole,3327C
19759-2024,2024-01-12,Bordeaux Métropole,services,France-Bordeaux: Distribution de gaz et services connexes,https://ted.europa.eu/fr/notice/-/detail/19759-2024,bordeaux metropole,3328C
19759-2024,2024-01-12,Bordeaux Métropole,services,France-Bordeaux: Distribution de gaz et services connexes,https://ted.europa.eu/fr/notice/-/detail/19759-2024,bordeaux metropole,3334C
19759-2024,2024-01-12,Bordeaux Métropole,services,France-Bordeaux: Distribution de gaz et services connexes,https://ted.europa.eu/fr/notice/-/detail/19759-2024,bordeaux metropole,3335C
19759-2024,2024-01-12,Bordeaux Métropole,services,France-Bordeaux: Distribution de gaz et services connexes,https://ted.europa.eu/fr/notice/-/detail/19759-2024,bordeaux metropole,7301C
19759-2024,2024-01-12,Bordeaux Métropole,services,France-Bordeaux: Distribution de gaz et services connexes,https://ted.europa.eu/fr/notice/-/detail/19759-2024,bordeaux metropole,3329C
91358-2024,2024-02-13,Bordeaux Métropole,"services,services",France – Mise en état d'exploitation d'installations de chauffage – Contrat de concession mixte portant délégation de service public du réseau de chaleur Métropole Sud et conception-réalisation de centrales de production - Relance,https://ted.europa.eu/fr/notice/-/detail/91358-2024,bordeaux metropole,3302C
91358-2024,2024-02-13,Bordeaux Métropole,"services,services",France – Mise en état d'exploitation d'installations de chauffage – Contrat de concession mixte portant délégation de service public du réseau de chaleur Métropole Sud et conception-réalisation de centrales de production - Relance,https://ted.europa.eu/fr/notice/-/detail/91358-2024,bordeaux metropole,3303C
91358-2024,2024-02-13,Bordeaux Métropole,"services,services",France – Mise en état d'exploitation d'installations de chauffage – Contrat de concession mixte portant délégation de service public du réseau de chaleur Métropole Sud et conception-réalisation de centrales de production - Relance,https://ted.europa.eu/fr/notice/-/detail/91358-2024,bordeaux metropole,3304C
91358-2024,2024-02-13,Bordeaux Métropole,"services,services",France – Mise en état d'exploitation d'installations de chauffage – Contrat de concession mixte portant délégation de service public du réseau de chaleur Métropole Sud et conception-réalisation de centrales de production - Relance,https://ted.europa.eu/fr/notice/-/detail/91358-2024,bordeaux metropole,3315C
91358-2024,2024-02-13,Bordeaux Métropole,"services,services",France – Mise en état d'exploitation d'installations de chauffage – Contrat de concession mixte portant délégation de service public du réseau de chaleur Métropole Sud et conception-réalisation de centrales de production - Relance,https://ted.europa.eu/fr/notice/-/detail/91358-2024,bordeaux metropole,3316C
91358-2024,2024-02-13,Bordeaux Métropole,"services,services",France – Mise en état d'exploitation d'installations de chauffage – Contrat de concession mixte portant délégation de service public du réseau de chaleur Métropole Sud et conception-réalisation de centrales de production - Relance,https://ted.europa.eu/fr/notice/-/detail/91358-2024,bordeaux metropole,3317C
91358-2024,2024-02-13,Bordeaux Métropole,"services,services",France – Mise en état d'exploitation d'installations de chauffage – Contrat de concession mixte portant délégation de service public du réseau de chaleur Métropole Sud et conception-réalisation de centrales de production - Relance,https://ted.europa.eu/fr/notice/-/detail/91358-2024,bordeaux metropole,3318C
91358-2024,2024-02-13,Bordeaux Métropole,"services,services",France – Mise en état d'exploitation d'installations de chauffage – Contrat de concession mixte portant délégation de service public du réseau de chaleur Métropole Sud et conception-réalisation de centrales de production - Relance,https://ted.europa.eu/fr/notice/-/detail/91358-2024,bordeaux metropole,3319C
91358-2024,2024-02-13,Bordeaux Métropole,"services,services",France – Mise en état d'exploitation d'installations de chauffage – Contrat de concession mixte portant délégation de service public du réseau de chaleur Métropole Sud et conception-réalisation de centrales de production - Relance,https://ted.europa.eu/fr/notice/-/detail/91358-2024,bordeaux metropole,3324C
91358-2024,2024-02-13,Bordeaux Métropole,"services,services",France – Mise en état d'exploitation d'installations de chauffage – Contrat de concession mixte portant délégation de service public du réseau de chaleur Métropole Sud et conception-réalisation de centrales de production - Relance,https://ted.europa.eu/fr/notice/-/detail/91358-2024,bordeaux metropole,3325C
91358-2024,2024-02-13,Bordeaux Métropole,"services,services",France – Mise en état d'exploitation d'installations de chauffage – Contrat de concession mixte portant délégation de service public du réseau de chaleur Métropole Sud et conception-réalisation de centrales de production - Relance,https://ted.europa.eu/fr/notice/-/detail/91358-2024,bordeaux metropole,3326C
91358-2024,2024-02-13,Bordeaux Métropole,"services,services",France – Mise en état d'exploitation d'installations de chauffage – Contrat de concession mixte portant délégation de service public du réseau de chaleur Métropole Sud et conception-réalisation de centrales de production - Relance,https://ted.europa.eu/fr/notice/-/detail/91358-2024,bordeaux metropole,3327C
91358-2024,2024-02-13,Bordeaux Métropole,"services,services",France – Mise en état d'exploitation d'installations de chauffage – Contrat de concession mixte portant délégation de service public du réseau de chaleur Métropole Sud et conception-réalisation de centrales de production - Relance,https://ted.europa.eu/fr/notice/-/detail/91358-2024,bordeaux metropole,3328C
91358-2024,2024-02-13,Bordeaux Métropole,"services,services",France – Mise en état d'exploitation d'installations de chauffage – Contrat de concession mixte portant délégation de service public du réseau de chaleur Métropole Sud et conception-réalisation de centrales de production - Relance,https://ted.europa.eu/fr/notice/-/detail/91358-2024,bordeaux metropole,3334C
91358-2024,2024-02-13,Bordeaux Métropole,"services,services",France – Mise en état d'exploitation d'installations de chauffage – Contrat de concession mixte portant délégation de service public du réseau de chaleur Métropole Sud et conception-réalisation de centrales de production - Relance,https://ted.europa.eu/fr/notice/-/detail/91358-2024,bordeaux metropole,3335C
91358-2024,2024-02-13,Bordeaux Métropole,"services,services",France – Mise en état d'exploitation d'installations de chauffage – Contrat de concession mixte portant délégation de service public du réseau de chaleur Métropole Sud et conception-réalisation de centrales de production - Relance,https://ted.europa.eu/fr/notice/-/detail/91358-2024,bordeaux metropole,7301C
91358-2024,2024-02-13,Bordeaux Métropole,"services,services",France – Mise en état d'exploitation d'installations de chauffage – Contrat de concession mixte portant délégation de service public du réseau de chaleur Métropole Sud et conception-réalisation de centrales de production - Relance,https://ted.europa.eu/fr/notice/-/detail/91358-2024,bordeaux metropole,3329C
147508-2024,2024-03-11,Bordeaux Métropole,"services,services",France – Mise en état d'exploitation d'installations de chauffage – Contrat de concession mixte portant délégation de service public du réseau de chaleur et de froid Bordeaux Aéroparc et conception-réalisation de centrales de production,https://ted.europa.eu/fr/notice/-/detail/147508-2024,bordeaux metropole,3302C
147508-2024,2024-03-11,Bordeaux Métropole,"services,services",France – Mise en état d'exploitation d'installations de chauffage – Contrat de concession mixte portant délégation de service public du réseau de chaleur et de froid Bordeaux Aéroparc et conception-réalisation de centrales de production,https://ted.europa.eu/fr/notice/-/detail/147508-2024,bordeaux metropole,3303C
147508-2024,2024-03-11,Bordeaux Métropole,"services,services",France – Mise en état d'exploitation d'installations de chauffage – Contrat de concession mixte portant délégation de service public du réseau de chaleur et de froid Bordeaux Aéroparc et conception-réalisation de centrales de production,https://ted.europa.eu/fr/notice/-/detail/147508-2024,bordeaux metropole,3304C
147508-2024,2024-03-11,Bordeaux Métropole,"services,services",France – Mise en état d'exploitation d'installations de chauffage – Contrat de concession mixte portant délégation de service public du réseau de chaleur et de froid Bordeaux Aéroparc et conception-réalisation de centrales de production,https://ted.europa.eu/fr/notice/-/detail/147508-2024,bordeaux metropole,3315C
147508-2024,2024-03-11,Bordeaux Métropole,"services,services",France – Mise en état d'exploitation d'installations de chauffage – Contrat de concession mixte portant délégation de service public du réseau de chaleur et de froid Bordeaux Aéroparc et conception-réalisation de centrales de production,https://ted.europa.eu/fr/notice/-/detail/147508-2024,bordeaux metropole,3316C
147508-2024,2024-03-11,Bordeaux Métropole,"services,services",France – Mise en état d'exploitation d'installations de chauffage – Contrat de concession mixte portant délégation de service public du réseau de chaleur et de froid Bordeaux Aéroparc et conception-réalisation de centrales de production,https://ted.europa.eu/fr/notice/-/detail/147508-2024,bordeaux metropole,3317C
147508-2024,2024-03-11,Bordeaux Métropole,"services,services",France – Mise en état d'exploitation d'installations de chauffage – Contrat de concession mixte portant délégation de service public du réseau de chaleur et de froid Bordeaux Aéroparc et conception-réalisation de centrales de production,https://ted.europa.eu/fr/notice/-/detail/147508-2024,bordeaux metropole,3318C
147508-2024,2024-03-11,Bordeaux Métropole,"services,services",France – Mise en état d'exploitation d'installations de chauffage – Contrat de concession mixte portant délégation de service public du réseau de chaleur et de froid Bordeaux Aéroparc et conception-réalisation de centrales de production,https://ted.europa.eu/fr/notice/-/detail/147508-2024,bordeaux metropole,3319C
147508-2024,2024-03-11,Bordeaux Métropole,"services,services",France – Mise en état d'exploitation d'installations de chauffage – Contrat de concession mixte portant délégation de service public du réseau de chaleur et de froid Bordeaux Aéroparc et conception-réalisation de centrales de production,https://ted.europa.eu/fr/notice/-/detail/147508-2024,bordeaux metropole,3324C
147508-2024,2024-03-11,Bordeaux Métropole,"services,services",France – Mise en état d'exploitation d'installations de chauffage – Contrat de concession mixte portant délégation de service public du réseau de chaleur et de froid Bordeaux Aéroparc et conception-réalisation de centrales de production,https://ted.europa.eu/fr/notice/-/detail/147508-2024,bordeaux metropole,3325C
147508-2024,2024-03-11,Bordeaux Métropole,"services,services",France – Mise en état d'exploitation d'installations de chauffage – Contrat de concession mixte portant délégation de service public du réseau de chaleur et de froid Bordeaux Aéroparc et conception-réalisation de centrales de production,https://ted.europa.eu/fr/notice/-/detail/147508-2024,bordeaux metropole,3326C
147508-2024,2024-03-11,Bordeaux Métropole,"services,services",France – Mise en état d'exploitation d'installations de chauffage – Contrat de concession mixte portant délégation de service public du réseau de chaleur et de froid Bordeaux Aéroparc et conception-réalisation de centrales de production,https://ted.europa.eu/fr/notice/-/detail/147508-2024,bordeaux metropole,3327C
147508-2024,2024-03-11,Bordeaux Métropole,"services,services",France – Mise en état d'exploitation d'installations de chauffage – Contrat de concession mixte portant délégation de service public du réseau de chaleur et de froid Bordeaux Aéroparc et conception-réalisation de centrales de production,https://ted.europa.eu/fr/notice/-/detail/147508-2024,bordeaux metropole,3328C
147508-2024,2024-03-11,Bordeaux Métropole,"services,services",France – Mise en état d'exploitation d'installations de chauffage – Contrat de concession mixte portant délégation de service public du réseau de chaleur et de froid Bordeaux Aéroparc et conception-réalisation de centrales de production,https://ted.europa.eu/fr/notice/-/detail/147508-2024,bordeaux metropole,3334C
147508-2024,2024-03-11,Bordeaux Métropole,"services,services",France – Mise en état d'exploitation d'installations de chauffage – Contrat de concession mixte portant délégation de service public du réseau de chaleur et de froid Bordeaux Aéroparc et conception-réalisation de centrales de production,https://ted.europa.eu/fr/notice/-/detail/147508-2024,bordeaux metropole,3335C
147508-2024,2024-03-11,Bordeaux Métropole,"services,services",France – Mise en état d'exploitation d'installations de chauffage – Contrat de concession mixte portant délégation de service public du réseau de chaleur et de froid Bordeaux Aéroparc et conception-réalisation de centrales de production,https://ted.europa.eu/fr/notice/-/detail/147508-2024,bordeaux metropole,7301C
147508-2024,2024-03-11,Bordeaux Métropole,"services,services",France – Mise en état d'exploitation d'installations de chauffage – Contrat de concession mixte portant délégation de service public du réseau de chaleur et de froid Bordeaux Aéroparc et conception-réalisation de centrales de production,https://ted.europa.eu/fr/notice/-/detail/147508-2024,bordeaux metropole,3329C
176397-2024,2024-03-25,Mairie Onet le chateau,"services,services",France – Mise en état d'exploitation d'installations de chauffage – concession de délégation de service public pour l’exploitation du réseau de chaleur de la ville d’Onet-le-Château,https://ted.europa.eu/fr/notice/-/detail/176397-2024,onet le chateau,1204C
192624-2024,2024-04-02,Ville d'Avignon,"services,services","France – Services d'ingénierie – 24DSP01 - Concession portant Délégation de service public pour la construction, le financement et l'exploitation d'un réseau de chaleur et de fraîcheur de la Ville d'Avignon",https://ted.europa.eu/fr/notice/-/detail/192624-2024,avignon,8401C
194116-2024,2024-04-03,Bordeaux Métropole,"services,services",France – Mise en état d'exploitation d'installations de chauffage – Contrat de concession mixte portant délégation de service public du réseau de chaleur et de froid Bordeaux Aéroparc et conception-réalisation de centrales de production,https://ted.europa.eu/fr/notice/-/detail/194116-2024,bordeaux metropole,3302C
194116-2024,2024-04-03,Bordeaux Métropole,"services,services",France – Mise en état d'exploitation d'installations de chauffage – Contrat de concession mixte portant délégation de service public du réseau de chaleur et de froid Bordeaux Aéroparc et conception-réalisation de centrales de production,https://ted.europa.eu/fr/notice/-/detail/194116-2024,bordeaux metropole,3303C
194116-2024,2024-04-03,Bordeaux Métropole,"services,services",France – Mise en état d'exploitation d'installations de chauffage – Contrat de concession mixte portant délégation de service public du réseau de chaleur et de froid Bordeaux Aéroparc et conception-réalisation de centrales de production,https://ted.europa.eu/fr/notice/-/detail/194116-2024,bordeaux metropole,3304C
194116-2024,2024-04-03,Bordeaux Métropole,"services,services",France – Mise en état d'exploitation d'installations de chauffage – Contrat de concession mixte portant délégation de service public du réseau de chaleur et de froid Bordeaux Aéroparc et conception-réalisation de centrales de production,https://ted.europa.eu/fr/notice/-/detail/194116-2024,bordeaux metropole,3315C
194116-2024,2024-04-03,Bordeaux Métropole,"services,services",France – Mise en état d'exploitation d'installations de chauffage – Contrat de concession mixte portant délégation de service public du réseau de chaleur et de froid Bordeaux Aéroparc et conception-réalisation de centrales de production,https://ted.europa.eu/fr/notice/-/detail/194116-2024,bordeaux metropole,3316C
194116-2024,2024-04-03,Bordeaux Métropole,"services,services",France – Mise en état d'exploitation d'installations de chauffage – Contrat de concession mixte portant délégation de service public du réseau de chaleur et de froid Bordeaux Aéroparc et conception-réalisation de centrales de production,https://ted.europa.eu/fr/notice/-/detail/194116-2024,bordeaux metropole,3317C
194116-2024,2024-04-03,Bordeaux Métropole,"services,services",France – Mise en état d'exploitation d'installations de chauffage – Contrat de concession mixte portant délégation de service public du réseau de chaleur et de froid Bordeaux Aéroparc et conception-réalisation de centrales de production,https://ted.europa.eu/fr/notice/-/detail/194116-2024,bordeaux metropole,3318C
194116-2024,2024-04-03,Bordeaux Métropole,"services,services",France – Mise en état d'exploitation d'installations de chauffage – Contrat de concession mixte portant délégation de service public du réseau de chaleur et de froid Bordeaux Aéroparc et conception-réalisation de centrales de production,https://ted.europa.eu/fr/notice/-/detail/194116-2024,bordeaux metropole,3319C
194116-2024,2024-04-03,Bordeaux Métropole,"services,services",France – Mise en état d'exploitation d'installations de chauffage – Contrat de concession mixte portant délégation de service public du réseau de chaleur et de froid Bordeaux Aéroparc et conception-réalisation de centrales de production,https://ted.europa.eu/fr/notice/-/detail/194116-2024,bordeaux metropole,3324C
194116-2024,2024-04-03,Bordeaux Métropole,"services,services",France – Mise en état d'exploitation d'installations de chauffage – Contrat de concession mixte portant délégation de service public du réseau de chaleur et de froid Bordeaux Aéroparc et conception-réalisation de centrales de production,https://ted.europa.eu/fr/notice/-/detail/194116-2024,bordeaux metropole,3325C
194116-2024,2024-04-03,Bordeaux Métropole,"services,services",France – Mise en état d'exploitation d'installations de chauffage – Contrat de concession mixte portant délégation de service public du réseau de chaleur et de froid Bordeaux Aéroparc et conception-réalisation de centrales de production,https://ted.europa.eu/fr/notice/-/detail/194116-2024,bordeaux metropole,3326C
194116-2024,2024-04-03,Bordeaux Métropole,"services,services",France – Mise en état d'exploitation d'installations de chauffage – Contrat de concession mixte portant délégation de service public du réseau de chaleur et de froid Bordeaux Aéroparc et conception-réalisation de centrales de production,https://ted.europa.eu/fr/notice/-/detail/194116-2024,bordeaux metropole,3327C
194116-2024,2024-04-03,Bordeaux Métropole,"services,services",France – Mise en état d'exploitation d'installations de chauffage – Contrat de concession mixte portant délégation de service public du réseau de chaleur et de froid Bordeaux Aéroparc et conception-réalisation de centrales de production,https://ted.europa.eu/fr/notice/-/detail/194116-2024,bordeaux metropole,3328C
194116-2024,2024-04-03,Bordeaux Métropole,"services,services",France – Mise en état d'exploitation d'installations de chauffage – Contrat de concession mixte portant délégation de service public du réseau de chaleur et de froid Bordeaux Aéroparc et conception-réalisation de centrales de production,https://ted.europa.eu/fr/notice/-/detail/194116-2024,bordeaux metropole,3334C
194116-2024,2024-04-03,Bordeaux Métropole,"services,services",France – Mise en état d'exploitation d'installations de chauffage – Contrat de concession mixte portant délégation de service public du réseau de chaleur et de froid Bordeaux Aéroparc et conception-réalisation de centrales de production,https://ted.europa.eu/fr/notice/-/detail/194116-2024,bordeaux metropole,3335C
194116-2024,2024-04-03,Bordeaux Métropole,"services,services",France – Mise en état d'exploitation d'installations de chauffage – Contrat de concession mixte portant délégation de service public du réseau de chaleur et de froid Bordeaux Aéroparc et conception-réalisation de centrales de production,https://ted.europa.eu/fr/notice/-/detail/194116-2024,bordeaux metropole,7301C
194116-2024,2024-04-03,Bordeaux Métropole,"services,services",France – Mise en état d'exploitation d'installations de chauffage – Contrat de concession mixte portant délégation de service public du réseau de chaleur et de froid Bordeaux Aéroparc et conception-réalisation de centrales de production,https://ted.europa.eu/fr/notice/-/detail/194116-2024,bordeaux metropole,3329C
207381-2024,2024-04-09,Mairie Onet le chateau,"services,services",France – Mise en état d'exploitation d'installations de chauffage – concession de délégation de service public pour l’exploitation du réseau de chaleur de la ville d’Onet-le-Château,https://ted.europa.eu/fr/notice/-/detail/207381-2024,onet le chateau,1204C
270371-2024,2024-05-07,Ville de Versailles,"services,services",France – Mise en état d'exploitation d'installations de chauffage – Délégation de service public pour la production de chaleur et l'exploitation du réseau de chaleur de la Ville de Versailles,https://ted.europa.eu/fr/notice/-/detail/270371-2024,versailles,7803C
301167-2024,2024-05-22,Ville d'Avignon,"services,services","France – Services d'ingénierie – 24DSP01 - Concession portant Délégation de service public pour la construction, le financement et l'exploitation d'un réseau de chaleur et de fraîcheur de la Ville d'Avignon",https://ted.europa.eu/fr/notice/-/detail/301167-2024,avignon,8401C
304293-2024,2024-05-23,Commune de Saint Jean en Royans,"works,works,works,works","France – Travaux de terrassement – Le projet est de créer une chaufferie centrale fonctionnant au propane, au centre-ville du village de Saint Jean en Royans desservant la mairie, les 2 écoles, le Centre Social, la Salle des Fêtes et Activ Royans , en remplacement de la chaufferie existante. Les installations doivent être opérationnelles au plus tard le 11 octobre 2024",https://ted.europa.eu/fr/notice/-/detail/304293-2024,saint jean en royans,2606C
360450-2024,2024-06-18,Communauté Urbaine de Dunkerque,"works,works,services,services","France – Mise en état d'exploitation d'installations de chauffage – Conception, réalisation et exploitation de réseaux de chaleur urbains de la Communauté urbaine de Dunkerque",https://ted.europa.eu/fr/notice/-/detail/360450-2024,dunkerque,5914C
360450-2024,2024-06-18,Communauté Urbaine de Dunkerque,"works,works,services,services","France – Mise en état d'exploitation d'installations de chauffage – Conception, réalisation et exploitation de réseaux de chaleur urbains de la Communauté urbaine de Dunkerque",https://ted.europa.eu/fr/notice/-/detail/360450-2024,dunkerque,5920C
422723-2024,2024-07-15,Communauté urbaine d'Alençon,"services,services",France – Services de réparation et d'entretien de chauffage central – Concession de service public pour le réseau de chaleur urbain du quartier Perseigne à Alençon,https://ted.europa.eu/fr/notice/-/detail/422723-2024,alencon,6101C
422723-2024,2024-07-15,Communauté urbaine d'Alençon,"services,services",France – Services de réparation et d'entretien de chauffage central – Concession de service public pour le réseau de chaleur urbain du quartier Perseigne à Alençon,https://ted.europa.eu/fr/notice/-/detail/422723-2024,alencon,6109C
447759-2024,2024-07-25,Communauté Urbaine de Dunkerque,"works,works,services,services","France – Mise en état d'exploitation d'installations de chauffage – Conception, réalisation et exploitation de réseaux de chaleur urbains de la Communauté urbaine de Dunkerque",https://ted.europa.eu/fr/notice/-/detail/447759-2024,dunkerque,5914C
447759-2024,2024-07-25,Communauté Urbaine de Dunkerque,"works,works,services,services","France – Mise en état d'exploitation d'installations de chauffage – Conception, réalisation et exploitation de réseaux de chaleur urbains de la Communauté urbaine de Dunkerque",https://ted.europa.eu/fr/notice/-/detail/447759-2024,dunkerque,5920C
484025-2024,2024-08-12,Communauté d'agglomération du Beauvaisis,"services,services","France – Autres sources d'approvisionnement en énergie et leur distribution – Délégation de service public pour la production, distribution et la livraison de chaleur majoritairement issue d'énergies renouvelables sur les commune de Beauvais, Tillé et Allonne",https://ted.europa.eu/fr/notice/-/detail/484025-2024,u beauvaisis,6005C
504141-2024,2024-08-22,Métropole Nice Côte d'Azur (06),"services,services",France – Services de gestion de l'énergie – Concession de service public concernant la création et l'exploitation d'un réseau de chaleur et de froid alimenté par géothermie et pilotage local de l'énergie dans l'écoquartier Parc Méridia,https://ted.europa.eu/fr/notice/-/detail/504141-2024,nice cote d azur,0602C
504141-2024,2024-08-22,Métropole Nice Côte d'Azur (06),"services,services",France – Services de gestion de l'énergie – Concession de service public concernant la création et l'exploitation d'un réseau de chaleur et de froid alimenté par géothermie et pilotage local de l'énergie dans l'écoquartier Parc Méridia,https://ted.europa.eu/fr/notice/-/detail/504141-2024,nice cote d azur,0606C
504141-2024,2024-08-22,Métropole Nice Côte d'Azur (06),"services,services",France – Services de gestion de l'énergie – Concession de service public concernant la création et l'exploitation d'un réseau de chaleur et de froid alimenté par géothermie et pilotage local de l'énergie dans l'écoquartier Parc Méridia,https://ted.europa.eu/fr/notice/-/detail/504141-2024,nice cote d azur,0609C
504141-2024,2024-08-22,Métropole Nice Côte d'Azur (06),"services,services",France – Services de gestion de l'énergie – Concession de service public concernant la création et l'exploitation d'un réseau de chaleur et de froid alimenté par géothermie et pilotage local de l'énergie dans l'écoquartier Parc Méridia,https://ted.europa.eu/fr/notice/-/detail/504141-2024,nice cote d azur,0605C
504141-2024,2024-08-22,Métropole Nice Côte d'Azur (06),"services,services",France – Services de gestion de l'énergie – Concession de service public concernant la création et l'exploitation d'un réseau de chaleur et de froid alimenté par géothermie et pilotage local de l'énergie dans l'écoquartier Parc Méridia,https://ted.europa.eu/fr/notice/-/detail/504141-2024,nice cote d azur,0611C
652890-2024,2024-10-28,COMMUNE DE VIERZON,"services,services","France – Services de conception des systèmes de chauffage – Délégation de service public pour la conception, réalisation et exploitation d'unité(s) de production ENR et l'exploitation du réseau de chaleur",https://ted.europa.eu/fr/notice/-/detail/652890-2024,vierzon,1803C
655807-2024,2024-10-29,Orléans Métropole,"services,services","France – Mise en état d'exploitation d'installations de chauffage – Délégation de service public pour la production, le transport et la distribution de la chaleur sur le quartier d'Orléans la source, à Fleury-les-Aubrais (hors quartier Interives) et à Olivet",https://ted.europa.eu/fr/notice/-/detail/655807-2024,orleans metropole,4501C
655807-2024,2024-10-29,Orléans Métropole,"services,services","France – Mise en état d'exploitation d'installations de chauffage – Délégation de service public pour la production, le transport et la distribution de la chaleur sur le quartier d'Orléans la source, à Fleury-les-Aubrais (hors quartier Interives) et à Olivet",https://ted.europa.eu/fr/notice/-/detail/655807-2024,orleans metropole,4503C
655807-2024,2024-10-29,Orléans Métropole,"services,services","France – Mise en état d'exploitation d'installations de chauffage – Délégation de service public pour la production, le transport et la distribution de la chaleur sur le quartier d'Orléans la source, à Fleury-les-Aubrais (hors quartier Interives) et à Olivet",https://ted.europa.eu/fr/notice/-/detail/655807-2024,orleans metropole,4505C
669934-2024,2024-11-05,Orléans Métropole,"services,services","France – Mise en état d'exploitation d'installations de chauffage – Délégation de service public pour la production, transport et distribution de chaleur et de froid a partir de l'unité de valorisation énergétique de Saran",https://ted.europa.eu/fr/notice/-/detail/669934-2024,orleans metropole,4501C
669934-2024,2024-11-05,Orléans Métropole,"services,services","France – Mise en état d'exploitation d'installations de chauffage – Délégation de service public pour la production, transport et distribution de chaleur et de froid a partir de l'unité de valorisation énergétique de Saran",https://ted.europa.eu/fr/notice/-/detail/669934-2024,orleans metropole,4503C
669934-2024,2024-11-05,Orléans Métropole,"services,services","France – Mise en état d'exploitation d'installations de chauffage – Délégation de service public pour la production, transport et distribution de chaleur et de froid a partir de l'unité de valorisation énergétique de Saran",https://ted.europa.eu/fr/notice/-/detail/669934-2024,orleans metropole,4505C
685237-2024,2024-11-11,MAIRIE DE SURESNES,"services,services","France – Mise en état d'exploitation d'installations de chauffage – Délégation de service public pour la production, le transport et la distribution de chaleur sur la Ville de Suresnes",https://ted.europa.eu/fr/notice/-/detail/685237-2024,suresnes,9222C
762386-2024,2024-12-12,Rennes Métropole,"services,services","France – Services de conception des systèmes de chauffage – Concession de service public avec constitution d'une SEMOP pour la modernisation, le développement et l'exploitation du réseau de chaleur de Rennes Sud",https://ted.europa.eu/fr/notice/-/detail/762386-2024,rennes metropole,3504C
762386-2024,2024-12-12,Rennes Métropole,"services,services","France – Services de conception des systèmes de chauffage – Concession de service public avec constitution d'une SEMOP pour la modernisation, le développement et l'exploitation du réseau de chaleur de Rennes Sud",https://ted.europa.eu/fr/notice/-/detail/762386-2024,rennes metropole,3505C
762386-2024,2024-12-12,Rennes Métropole,"services,services","France – Services de conception des systèmes de chauffage – Concession de service public avec constitution d'une SEMOP pour la modernisation, le développement et l'exploitation du réseau de chaleur de Rennes Sud",https://ted.europa.eu/fr/notice/-/detail/762386-2024,rennes metropole,3506C
762386-2024,2024-12-12,Rennes Métropole,"services,services","France – Services de conception des systèmes de chauffage – Concession de service public avec constitution d'une SEMOP pour la modernisation, le développement et l'exploitation du réseau de chaleur de Rennes Sud",https://ted.europa.eu/fr/notice/-/detail/762386-2024,rennes metropole,3507C
762386-2024,2024-12-12,Rennes Métropole,"services,services","France – Services de conception des systèmes de chauffage – Concession de service public avec constitution d'une SEMOP pour la modernisation, le développement et l'exploitation du réseau de chaleur de Rennes Sud",https://ted.europa.eu/fr/notice/-/detail/762386-2024,rennes metropole,3512C
762386-2024,2024-12-12,Rennes Métropole,"services,services","France – Services de conception des systèmes de chauffage – Concession de service public avec constitution d'une SEMOP pour la modernisation, le développement et l'exploitation du réseau de chaleur de Rennes Sud",https://ted.europa.eu/fr/notice/-/detail/762386-2024,rennes metropole,3514C
60210-2025,2025-01-29,tours Métropole Val de Loire,"works,works,services,services","France – Autres sources d'approvisionnement en énergie et leur distribution – concession de service public : conception, financement, réalisation, exploitation d'un nouveau réseau chaleur et froid et de ses installations de production au sud de Tours Métropole Val de Loire",https://ted.europa.eu/fr/notice/-/detail/60210-2025,tours metropole val de loire,3701C
60210-2025,2025-01-29,tours Métropole Val de Loire,"works,works,services,services","France – Autres sources d'approvisionnement en énergie et leur distribution – concession de service public : conception, financement, réalisation, exploitation d'un nouveau réseau chaleur et froid et de ses installations de production au sud de Tours Métropole Val de Loire",https://ted.europa.eu/fr/notice/-/detail/60210-2025,tours metropole val de loire,3702C
60210-2025,2025-01-29,tours Métropole Val de Loire,"works,works,services,services","France – Autres sources d'approvisionnement en énergie et leur distribution – concession de service public : conception, financement, réalisation, exploitation d'un nouveau réseau chaleur et froid et de ses installations de production au sud de Tours Métropole Val de Loire",https://ted.europa.eu/fr/notice/-/detail/60210-2025,tours metropole val de loire,3704C
60210-2025,2025-01-29,tours Métropole Val de Loire,"works,works,services,services","France – Autres sources d'approvisionnement en énergie et leur distribution – concession de service public : conception, financement, réalisation, exploitation d'un nouveau réseau chaleur et froid et de ses installations de production au sud de Tours Métropole Val de Loire",https://ted.europa.eu/fr/notice/-/detail/60210-2025,tours metropole val de loire,3705C
60210-2025,2025-01-29,tours Métropole Val de Loire,"works,works,services,services","France – Autres sources d'approvisionnement en énergie et leur distribution – concession de service public : conception, financement, réalisation, exploitation d'un nouveau réseau chaleur et froid et de ses installations de production au sud de Tours Métropole Val de Loire",https://ted.europa.eu/fr/notice/-/detail/60210-2025,tours metropole val de loire,3708C
60210-2025,2025-01-29,tours Métropole Val de Loire,"works,works,services,services","France – Autres sources d'approvisionnement en énergie et leur distribution – concession de service public : conception, financement, réalisation, exploitation d'un nouveau réseau chaleur et froid et de ses installations de production au sud de Tours Métropole Val de Loire",https://ted.europa.eu/fr/notice/-/detail/60210-2025,tours metropole val de loire,3709C
60210-2025,2025-01-29,tours Métropole Val de Loire,"works,works,services,services","France – Autres sources d'approvisionnement en énergie et leur distribution – concession de service public : conception, financement, réalisation, exploitation d'un nouveau réseau chaleur et froid et de ses installations de production au sud de Tours Métropole Val de Loire",https://ted.europa.eu/fr/notice/-/detail/60210-2025,tours metropole val de loire,3712C
60210-2025,2025-01-29,tours Métropole Val de Loire,"works,works,services,services","France – Autres sources d'approvisionnement en énergie et leur distribution – concession de service public : conception, financement, réalisation, exploitation d'un nouveau réseau chaleur et froid et de ses installations de production au sud de Tours Métropole Val de Loire",https://ted.europa.eu/fr/notice/-/detail/60210-2025,tours metropole val de loire,3713C
60210-2025,2025-01-29,tours Métropole Val de Loire,"works,works,services,services","France – Autres sources d'approvisionnement en énergie et leur distribution – concession de service public : conception, financement, réalisation, exploitation d'un nouveau réseau chaleur et froid et de ses installations de production au sud de Tours Métropole Val de Loire",https://ted.europa.eu/fr/notice/-/detail/60210-2025,tours metropole val de loire,3714C
60210-2025,2025-01-29,tours Métropole Val de Loire,"works,works,services,services","France – Autres sources d'approvisionnement en énergie et leur distribution – concession de service public : conception, financement, réalisation, exploitation d'un nouveau réseau chaleur et froid et de ses installations de production au sud de Tours Métropole Val de Loire",https://ted.europa.eu/fr/notice/-/detail/60210-2025,tours metropole val de loire,3710C
60210-2025,2025-01-29,tours Métropole Val de Loire,"works,works,services,services","France – Autres sources d'approvisionnement en énergie et leur distribution – concession de service public : conception, financement, réalisation, exploitation d'un nouveau réseau chaleur et froid et de ses installations de production au sud de Tours Métropole Val de Loire",https://ted.europa.eu/fr/notice/-/detail/60210-2025,tours metropole val de loire,3711C
80194-2025,2025-02-05,Ville de Gien,"services,services",France – Services de conception des systèmes de chauffage – Concession de Service Public pour le réseau de chaleur de la Ville de Gien,https://ted.europa.eu/fr/notice/-/detail/80194-2025,gien,4509C
206180-2025,2025-03-31,Mairie de Bonneuil sur Marne,"supplies,supplies",France – Chauffage urbain – Exploitation des installations de production et de distribution de chaleur,https://ted.europa.eu/fr/notice/-/detail/206180-2025,bonneuil sur marne,9414C
245928-2025,2025-04-15,Métropole Nice Cote d'Azur,"services,services",France – Énergie et services connexes – Délégation de service public,https://ted.europa.eu/fr/notice/-/detail/245928-2025,nice cote d azur,0602C
245928-2025,2025-04-15,Métropole Nice Cote d'Azur,"services,services",France – Énergie et services connexes – Délégation de service public,https://ted.europa.eu/fr/notice/-/detail/245928-2025,nice cote d azur,0606C
245928-2025,2025-04-15,Métropole Nice Cote d'Azur,"services,services",France – Énergie et services connexes – Délégation de service public,https://ted.europa.eu/fr/notice/-/detail/245928-2025,nice cote d azur,0609C
245928-2025,2025-04-15,Métropole Nice Cote d'Azur,"services,services",France – Énergie et services connexes – Délégation de service public,https://ted.europa.eu/fr/notice/-/detail/245928-2025,nice cote d azur,0605C
245928-2025,2025-04-15,Métropole Nice Cote d'Azur,"services,services",France – Énergie et services connexes – Délégation de service public,https://ted.europa.eu/fr/notice/-/detail/245928-2025,nice cote d azur,0611C
330817-2025,2025-05-22,Mulhouse Alsace Agglomération,"services,services","France – Services publics – CONCESSION DE SERVICE PUBLIC AVEC CONSTITUTION D'UNE SEMOP POUR LA CONCEPTION, LA REALISATION ET L'EXPLOITATION DU RESEAU DE CHALEUR URBAIN SUR LES COMMUNES DE MULHOUSE CENTRE AGGLOMERATION (MCA)",https://ted.europa.eu/fr/notice/-/detail/330817-2025,mulhouse alsace agglomeration,6802C
330817-2025,2025-05-22,Mulhouse Alsace Agglomération,"services,services","France – Services publics – CONCESSION DE SERVICE PUBLIC AVEC CONSTITUTION D'UNE SEMOP POUR LA CONCEPTION, LA REALISATION ET L'EXPLOITATION DU RESEAU DE CHALEUR URBAIN SUR LES COMMUNES DE MULHOUSE CENTRE AGGLOMERATION (MCA)",https://ted.europa.eu/fr/notice/-/detail/330817-2025,mulhouse alsace agglomeration,6810C
330817-2025,2025-05-22,Mulhouse Alsace Agglomération,"services,services","France – Services publics – CONCESSION DE SERVICE PUBLIC AVEC CONSTITUTION D'UNE SEMOP POUR LA CONCEPTION, LA REALISATION ET L'EXPLOITATION DU RESEAU DE CHALEUR URBAIN SUR LES COMMUNES DE MULHOUSE CENTRE AGGLOMERATION (MCA)",https://ted.europa.eu/fr/notice/-/detail/330817-2025,mulhouse alsace agglomeration,6822C
330817-2025,2025-05-22,Mulhouse Alsace Agglomération,"services,services","France – Services publics – CONCESSION DE SERVICE PUBLIC AVEC CONSTITUTION D'UNE SEMOP POUR LA CONCEPTION, LA REALISATION ET L'EXPLOITATION DU RESEAU DE CHALEUR URBAIN SUR LES COMMUNES DE MULHOUSE CENTRE AGGLOMERATION (MCA)",https://ted.europa.eu/fr/notice/-/detail/330817-2025,mulhouse alsace agglomeration,6803C
330817-2025,2025-05-22,Mulhouse Alsace Agglomération,"services,services","France – Services publics – CONCESSION DE SERVICE PUBLIC AVEC CONSTITUTION D'UNE SEMOP POUR LA CONCEPTION, LA REALISATION ET L'EXPLOITATION DU RESEAU DE CHALEUR URBAIN SUR LES COMMUNES DE MULHOUSE CENTRE AGGLOMERATION (MCA)",https://ted.europa.eu/fr/notice/-/detail/330817-2025,mulhouse alsace agglomeration,6821C
335359-2025,2025-05-23,Commune de Vélizy-Villacoublay,"services,services","France – Services de gestion de l'énergie – Contrat de concession relatif au service public de chauffage urbain, pour la production, le transport et la distribution de chaleur à Vélizy-Villacoublay",https://ted.europa.eu/fr/notice/-/detail/335359-2025,velizy villacoublay,7809C
335359-2025,2025-05-23,Commune de Vélizy-Villacoublay,"services,services","France – Services de gestion de l'énergie – Contrat de concession relatif au service public de chauffage urbain, pour la production, le transport et la distribution de chaleur à Vélizy-Villacoublay",https://ted.europa.eu/fr/notice/-/detail/335359-2025,velizy villacoublay,7820C
366868-2025,2025-06-06,Métropole européenne de Lille,"services,services","France – Services de conception des systèmes de chauffage – concession de Service Public pour le développement et la gestion du réseau de chaleur et de froid urbain intercommunal (Wattignies, Lille et communes à proximité) de la Métropole Européenne de Lille",https://ted.europa.eu/fr/notice/-/detail/366868-2025,europeenne de lille,5901C
366868-2025,2025-06-06,Métropole européenne de Lille,"services,services","France – Services de conception des systèmes de chauffage – concession de Service Public pour le développement et la gestion du réseau de chaleur et de froid urbain intercommunal (Wattignies, Lille et communes à proximité) de la Métropole Européenne de Lille",https://ted.europa.eu/fr/notice/-/detail/366868-2025,europeenne de lille,5904C
366868-2025,2025-06-06,Métropole européenne de Lille,"services,services","France – Services de conception des systèmes de chauffage – concession de Service Public pour le développement et la gestion du réseau de chaleur et de froid urbain intercommunal (Wattignies, Lille et communes à proximité) de la Métropole Européenne de Lille",https://ted.europa.eu/fr/notice/-/detail/366868-2025,europeenne de lille,5905C
366868-2025,2025-06-06,Métropole européenne de Lille,"services,services","France – Services de conception des systèmes de chauffage – concession de Service Public pour le développement et la gestion du réseau de chaleur et de froid urbain intercommunal (Wattignies, Lille et communes à proximité) de la Métropole Européenne de Lille",https://ted.europa.eu/fr/notice/-/detail/366868-2025,europeenne de lille,5906C
366868-2025,2025-06-06,Métropole européenne de Lille,"services,services","France – Services de conception des systèmes de chauffage – concession de Service Public pour le développement et la gestion du réseau de chaleur et de froid urbain intercommunal (Wattignies, Lille et communes à proximité) de la Métropole Européenne de Lille",https://ted.europa.eu/fr/notice/-/detail/366868-2025,europeenne de lille,5907C
366868-2025,2025-06-06,Métropole européenne de Lille,"services,services","France – Services de conception des systèmes de chauffage – concession de Service Public pour le développement et la gestion du réseau de chaleur et de froid urbain intercommunal (Wattignies, Lille et communes à proximité) de la Métropole Européenne de Lille",https://ted.europa.eu/fr/notice/-/detail/366868-2025,europeenne de lille,5909C
366868-2025,2025-06-06,Métropole européenne de Lille,"services,services","France – Services de conception des systèmes de chauffage – concession de Service Public pour le développement et la gestion du réseau de chaleur et de froid urbain intercommunal (Wattignies, Lille et communes à proximité) de la Métropole Européenne de Lille",https://ted.europa.eu/fr/notice/-/detail/366868-2025,europeenne de lille,5910C
366868-2025,2025-06-06,Métropole européenne de Lille,"services,services","France – Services de conception des systèmes de chauffage – concession de Service Public pour le développement et la gestion du réseau de chaleur et de froid urbain intercommunal (Wattignies, Lille et communes à proximité) de la Métropole Européenne de Lille",https://ted.europa.eu/fr/notice/-/detail/366868-2025,europeenne de lille,5911C
366868-2025,2025-06-06,Métropole européenne de Lille,"services,services","France – Services de conception des systèmes de chauffage – concession de Service Public pour le développement et la gestion du réseau de chaleur et de froid urbain intercommunal (Wattignies, Lille et communes à proximité) de la Métropole Européenne de Lille",https://ted.europa.eu/fr/notice/-/detail/366868-2025,europeenne de lille,5917C
366868-2025,2025-06-06,Métropole européenne de Lille,"services,services","France – Services de conception des systèmes de chauffage – concession de Service Public pour le développement et la gestion du réseau de chaleur et de froid urbain intercommunal (Wattignies, Lille et communes à proximité) de la Métropole Européenne de Lille",https://ted.europa.eu/fr/notice/-/detail/366868-2025,europeenne de lille,5925C
366868-2025,2025-06-06,Métropole européenne de Lille,"services,services","France – Services de conception des systèmes de chauffage – concession de Service Public pour le développement et la gestion du réseau de chaleur et de froid urbain intercommunal (Wattignies, Lille et communes à proximité) de la Métropole Européenne de Lille",https://ted.europa.eu/fr/notice/-/detail/366868-2025,europeenne de lille,5926C
366868-2025,2025-06-06,Métropole européenne de Lille,"services,services","France – Services de conception des systèmes de chauffage – concession de Service Public pour le développement et la gestion du réseau de chaleur et de froid urbain intercommunal (Wattignies, Lille et communes à proximité) de la Métropole Européenne de Lille",https://ted.europa.eu/fr/notice/-/detail/366868-2025,europeenne de lille,5927C
366868-2025,2025-06-06,Métropole européenne de Lille,"services,services","France – Services de conception des systèmes de chauffage – concession de Service Public pour le développement et la gestion du réseau de chaleur et de froid urbain intercommunal (Wattignies, Lille et communes à proximité) de la Métropole Européenne de Lille",https://ted.europa.eu/fr/notice/-/detail/366868-2025,europeenne de lille,5928C
366868-2025,2025-06-06,Métropole européenne de Lille,"services,services","France – Services de conception des systèmes de chauffage – concession de Service Public pour le développement et la gestion du réseau de chaleur et de froid urbain intercommunal (Wattignies, Lille et communes à proximité) de la Métropole Européenne de Lille",https://ted.europa.eu/fr/notice/-/detail/366868-2025,europeenne de lille,5918C
366868-2025,2025-06-06,Métropole européenne de Lille,"services,services","France – Services de conception des systèmes de chauffage – concession de Service Public pour le développement et la gestion du réseau de chaleur et de froid urbain intercommunal (Wattignies, Lille et communes à proximité) de la Métropole Européenne de Lille",https://ted.europa.eu/fr/notice/-/detail/366868-2025,europeenne de lille,5919C
421347-2025,2025-06-30,Mairie de Niort,"services,services",France – Mise en état d'exploitation d'installations de chauffage – Concession portant Délégation de Service public des réseaux de chaleur de la ville de Niort,https://ted.europa.eu/fr/notice/-/detail/421347-2025,niort,7901C
421347-2025,2025-06-30,Mairie de Niort,"services,services",France – Mise en état d'exploitation d'installations de chauffage – Concession portant Délégation de Service public des réseaux de chaleur de la ville de Niort,https://ted.europa.eu/fr/notice/-/detail/421347-2025,niort,7905C
437316-2025,2025-07-07,VILLE DE MARSEILLE,"services,works,services",France – Services de conception des systèmes de chauffage – concession portant délégation de service public pour la réalisation et l'exploitation d'un réseau de chaleur urbain dans le 15ème et 16ème arrondissement de la ville de Marseille.,https://ted.europa.eu/fr/notice/-/detail/437316-2025,marseille,1302C
437316-2025,2025-07-07,VILLE DE MARSEILLE,"services,works,services",France – Services de conception des systèmes de chauffage – concession portant délégation de service public pour la réalisation et l'exploitation d'un réseau de chaleur urbain dans le 15ème et 16ème arrondissement de la ville de Marseille.,https://ted.europa.eu/fr/notice/-/detail/437316-2025,marseille,1319C
437316-2025,2025-07-07,VILLE DE MARSEILLE,"services,works,services",France – Services de conception des systèmes de chauffage – concession portant délégation de service public pour la réalisation et l'exploitation d'un réseau de chaleur urbain dans le 15ème et 16ème arrondissement de la ville de Marseille.,https://ted.europa.eu/fr/notice/-/detail/437316-2025,marseille,1322C
437316-2025,2025-07-07,VILLE DE MARSEILLE,"services,works,services",France – Services de conception des systèmes de chauffage – concession portant délégation de service public pour la réalisation et l'exploitation d'un réseau de chaleur urbain dans le 15ème et 16ème arrondissement de la ville de Marseille.,https://ted.europa.eu/fr/notice/-/detail/437316-2025,marseille,1306C
453192-2025,2025-07-11,MAIRIE D'AUBAGNE,"services,services",France – Services de gestion de l'énergie – CONCESSION PORTANT DELEGATION DE SEVRICE PUBLIC (D.S.P.) POUR LE DEVELOPPEMENT ET L'EXPOITATION DU RESEAU URBAIN DE CHALEUR DE LA VILLE D'AUBAGNE,https://ted.europa.eu/fr/notice/-/detail/453192-2025,aubagne,1323C
456848-2025,2025-07-14,COMMUNE D'AMBERT,"services,services","France – Mise en état d'exploitation d'installations de chauffage – Concession de service public ayant pour objet la conception, la réalisation, le financement et l'exploitation d'une chaufferie bois associée à un réseau de chaleur sur le territoire de la Commune d'Ambert",https://ted.europa.eu/fr/notice/-/detail/456848-2025,ambert,6310C
464064-2025,2025-07-16,Commune de Mourenx,"services,services",France – Autres sources d'approvisionnement en énergie et leur distribution – CONTRAT DE CONCESSION DU SERVICE PUBLIC DE CHAUFFAGE URBAIN DE MOURENX,https://ted.europa.eu/fr/notice/-/detail/464064-2025,mourenx,6404C
465224-2025,2025-07-16,eurometropole de strasbourg,"services,services",France – Services publics – Concession de service public relative à la construction et l'exploitation d'un réseau de chaleur sur le territoire Nord de l'eurométropole de Strasbourg,https://ted.europa.eu/fr/notice/-/detail/465224-2025,eurometropole de strasbourg,6702C
465224-2025,2025-07-16,eurometropole de strasbourg,"services,services",France – Services publics – Concession de service public relative à la construction et l'exploitation d'un réseau de chaleur sur le territoire Nord de l'eurométropole de Strasbourg,https://ted.europa.eu/fr/notice/-/detail/465224-2025,eurometropole de strasbourg,6703C
465224-2025,2025-07-16,eurometropole de strasbourg,"services,services",France – Services publics – Concession de service public relative à la construction et l'exploitation d'un réseau de chaleur sur le territoire Nord de l'eurométropole de Strasbourg,https://ted.europa.eu/fr/notice/-/detail/465224-2025,eurometropole de strasbourg,6708C
465224-2025,2025-07-16,eurometropole de strasbourg,"services,services",France – Services publics – Concession de service public relative à la construction et l'exploitation d'un réseau de chaleur sur le territoire Nord de l'eurométropole de Strasbourg,https://ted.europa.eu/fr/notice/-/detail/465224-2025,eurometropole de strasbourg,6709C
465224-2025,2025-07-16,eurometropole de strasbourg,"services,services",France – Services publics – Concession de service public relative à la construction et l'exploitation d'un réseau de chaleur sur le territoire Nord de l'eurométropole de Strasbourg,https://ted.europa.eu/fr/notice/-/detail/465224-2025,eurometropole de strasbourg,6713C
465224-2025,2025-07-16,eurometropole de strasbourg,"services,services",France – Services publics – Concession de service public relative à la construction et l'exploitation d'un réseau de chaleur sur le territoire Nord de l'eurométropole de Strasbourg,https://ted.europa.eu/fr/notice/-/detail/465224-2025,eurometropole de strasbourg,6722C
465224-2025,2025-07-16,eurometropole de strasbourg,"services,services",France – Services publics – Concession de service public relative à la construction et l'exploitation d'un réseau de chaleur sur le territoire Nord de l'eurométropole de Strasbourg,https://ted.europa.eu/fr/notice/-/detail/465224-2025,eurometropole de strasbourg,6725C
465224-2025,2025-07-16,eurometropole de strasbourg,"services,services",France – Services publics – Concession de service public relative à la construction et l'exploitation d'un réseau de chaleur sur le territoire Nord de l'eurométropole de Strasbourg,https://ted.europa.eu/fr/notice/-/detail/465224-2025,eurometropole de strasbourg,6726C
465224-2025,2025-07-16,eurometropole de strasbourg,"services,services",France – Services publics – Concession de service public relative à la construction et l'exploitation d'un réseau de chaleur sur le territoire Nord de l'eurométropole de Strasbourg,https://ted.europa.eu/fr/notice/-/detail/465224-2025,eurometropole de strasbourg,6727C
465224-2025,2025-07-16,eurometropole de strasbourg,"services,services",France – Services publics – Concession de service public relative à la construction et l'exploitation d'un réseau de chaleur sur le territoire Nord de l'eurométropole de Strasbourg,https://ted.europa.eu/fr/notice/-/detail/465224-2025,eurometropole de strasbourg,6728C
465224-2025,2025-07-16,eurometropole de strasbourg,"services,services",France – Services publics – Concession de service public relative à la construction et l'exploitation d'un réseau de chaleur sur le territoire Nord de l'eurométropole de Strasbourg,https://ted.europa.eu/fr/notice/-/detail/465224-2025,eurometropole de strasbourg,6731C
465224-2025,2025-07-16,eurometropole de strasbourg,"services,services",France – Services publics – Concession de service public relative à la construction et l'exploitation d'un réseau de chaleur sur le territoire Nord de l'eurométropole de Strasbourg,https://ted.europa.eu/fr/notice/-/detail/465224-2025,eurometropole de strasbourg,6733C
465224-2025,2025-07-16,eurometropole de strasbourg,"services,services",France – Services publics – Concession de service public relative à la construction et l'exploitation d'un réseau de chaleur sur le territoire Nord de l'eurométropole de Strasbourg,https://ted.europa.eu/fr/notice/-/detail/465224-2025,eurometropole de strasbourg,6735C
465224-2025,2025-07-16,eurometropole de strasbourg,"services,services",France – Services publics – Concession de service public relative à la construction et l'exploitation d'un réseau de chaleur sur le territoire Nord de l'eurométropole de Strasbourg,https://ted.europa.eu/fr/notice/-/detail/465224-2025,eurometropole de strasbourg,6738C
465224-2025,2025-07-16,eurometropole de strasbourg,"services,services",France – Services publics – Concession de service public relative à la construction et l'exploitation d'un réseau de chaleur sur le territoire Nord de l'eurométropole de Strasbourg,https://ted.europa.eu/fr/notice/-/detail/465224-2025,eurometropole de strasbourg,6739C
465224-2025,2025-07-16,eurometropole de strasbourg,"services,services",France – Services publics – Concession de service public relative à la construction et l'exploitation d'un réseau de chaleur sur le territoire Nord de l'eurométropole de Strasbourg,https://ted.europa.eu/fr/notice/-/detail/465224-2025,eurometropole de strasbourg,6741C
465224-2025,2025-07-16,eurometropole de strasbourg,"services,services",France – Services publics – Concession de service public relative à la construction et l'exploitation d'un réseau de chaleur sur le territoire Nord de l'eurométropole de Strasbourg,https://ted.europa.eu/fr/notice/-/detail/465224-2025,eurometropole de strasbourg,6704C
465224-2025,2025-07-16,eurometropole de strasbourg,"services,services",France – Services publics – Concession de service public relative à la construction et l'exploitation d'un réseau de chaleur sur le territoire Nord de l'eurométropole de Strasbourg,https://ted.europa.eu/fr/notice/-/detail/465224-2025,eurometropole de strasbourg,6705C
465224-2025,2025-07-16,eurometropole de strasbourg,"services,services",France – Services publics – Concession de service public relative à la construction et l'exploitation d'un réseau de chaleur sur le territoire Nord de l'eurométropole de Strasbourg,https://ted.europa.eu/fr/notice/-/detail/465224-2025,eurometropole de strasbourg,6730C
479144-2025,2025-07-22,Communauté urbaine d'Alençon,"services,services",France – Services de réparation et d'entretien de chauffage central – Concession de service public pour le réseau de chaleur urbain du quartier Perseigne à Alençon,https://ted.europa.eu/fr/notice/-/detail/479144-2025,alencon,6101C
479144-2025,2025-07-22,Communauté urbaine d'Alençon,"services,services",France – Services de réparation et d'entretien de chauffage central – Concession de service public pour le réseau de chaleur urbain du quartier Perseigne à Alençon,https://ted.europa.eu/fr/notice/-/detail/479144-2025,alencon,6109C
631250-2025,2025-09-26,Toulouse Métropole,"works,works",France – Travaux de construction de réseaux de chauffage urbain – CONTRAT DE CONCESSION PORTANT DELEGATION DE SERVICE PUBLIC DU RESEAU DE CHALEUR ET DE FROID DU MIRAIL,https://ted.europa.eu/fr/notice/-/detail/631250-2025,toulouse metropole,3101C
631250-2025,2025-09-26,Toulouse Métropole,"works,works",France – Travaux de construction de réseaux de chauffage urbain – CONTRAT DE CONCESSION PORTANT DELEGATION DE SERVICE PUBLIC DU RESEAU DE CHALEUR ET DE FROID DU MIRAIL,https://ted.europa.eu/fr/notice/-/detail/631250-2025,toulouse metropole,3102C
631250-2025,2025-09-26,Toulouse Métropole,"works,works",France – Travaux de construction de réseaux de chauffage urbain – CONTRAT DE CONCESSION PORTANT DELEGATION DE SERVICE PUBLIC DU RESEAU DE CHALEUR ET DE FROID DU MIRAIL,https://ted.europa.eu/fr/notice/-/detail/631250-2025,toulouse metropole,3103C
631250-2025,2025-09-26,Toulouse Métropole,"works,works",France – Travaux de construction de réseaux de chauffage urbain – CONTRAT DE CONCESSION PORTANT DELEGATION DE SERVICE PUBLIC DU RESEAU DE CHALEUR ET DE FROID DU MIRAIL,https://ted.europa.eu/fr/notice/-/detail/631250-2025,toulouse metropole,3104C
631250-2025,2025-09-26,Toulouse Métropole,"works,works",France – Travaux de construction de réseaux de chauffage urbain – CONTRAT DE CONCESSION PORTANT DELEGATION DE SERVICE PUBLIC DU RESEAU DE CHALEUR ET DE FROID DU MIRAIL,https://ted.europa.eu/fr/notice/-/detail/631250-2025,toulouse metropole,3106C
631250-2025,2025-09-26,Toulouse Métropole,"works,works",France – Travaux de construction de réseaux de chauffage urbain – CONTRAT DE CONCESSION PORTANT DELEGATION DE SERVICE PUBLIC DU RESEAU DE CHALEUR ET DE FROID DU MIRAIL,https://ted.europa.eu/fr/notice/-/detail/631250-2025,toulouse metropole,3107C
631250-2025,2025-09-26,Toulouse Métropole,"works,works",France – Travaux de construction de réseaux de chauffage urbain – CONTRAT DE CONCESSION PORTANT DELEGATION DE SERVICE PUBLIC DU RESEAU DE CHALEUR ET DE FROID DU MIRAIL,https://ted.europa.eu/fr/notice/-/detail/631250-2025,toulouse metropole,3112C
631250-2025,2025-09-26,Toulouse Métropole,"works,works",France – Travaux de construction de réseaux de chauffage urbain – CONTRAT DE CONCESSION PORTANT DELEGATION DE SERVICE PUBLIC DU RESEAU DE CHALEUR ET DE FROID DU MIRAIL,https://ted.europa.eu/fr/notice/-/detail/631250-2025,toulouse metropole,3114C
667879-2025,2025-10-10,Rennes Métropole,"services,services",France – Services de réparation et d'entretien de chauffage central – Exploitation du réseau de chaleur ZAC &amp;quot;Les Portes de la Seiche&amp;quot; à Chartres-de-Bretagne,https://ted.europa.eu/fr/notice/-/detail/667879-2025,rennes metropole,3504C
667879-2025,2025-10-10,Rennes Métropole,"services,services",France – Services de réparation et d'entretien de chauffage central – Exploitation du réseau de chaleur ZAC &amp;quot;Les Portes de la Seiche&amp;quot; à Chartres-de-Bretagne,https://ted.europa.eu/fr/notice/-/detail/667879-2025,rennes metropole,3505C
667879-2025,2025-10-10,Rennes Métropole,"services,services",France – Services de réparation et d'entretien de chauffage central – Exploitation du réseau de chaleur ZAC &amp;quot;Les Portes de la Seiche&amp;quot; à Chartres-de-Bretagne,https://ted.europa.eu/fr/notice/-/detail/667879-2025,rennes metropole,3506C
667879-2025,2025-10-10,Rennes Métropole,"services,services",France – Services de réparation et d'entretien de chauffage central – Exploitation du réseau de chaleur ZAC &amp;quot;Les Portes de la Seiche&amp;quot; à Chartres-de-Bretagne,https://ted.europa.eu/fr/notice/-/detail/667879-2025,rennes metropole,3507C
667879-2025,2025-10-10,Rennes Métropole,"services,services",France – Services de réparation et d'entretien de chauffage central – Exploitation du réseau de chaleur ZAC &amp;quot;Les Portes de la Seiche&amp;quot; à Chartres-de-Bretagne,https://ted.europa.eu/fr/notice/-/detail/667879-2025,rennes metropole,3512C
667879-2025,2025-10-10,Rennes Métropole,"services,services",France – Services de réparation et d'entretien de chauffage central – Exploitation du réseau de chaleur ZAC &amp;quot;Les Portes de la Seiche&amp;quot; à Chartres-de-Bretagne,https://ted.europa.eu/fr/notice/-/detail/667879-2025,rennes metropole,3514C
693951-2025,2025-10-21,Ville d'Arques,"services,services","France – Services de réparation et d'entretien d'installations de bâtiments – Le marché concerne l'exploitation des installations thermiques, de ventilation, de production d'eau chaude sanitaire, de traitement d'eau et, le cas échéant, de climatisation des bâtiments communaux de la Ville d'Arques, dans une logique de performance énergétique, de sécurité et de pérennité des équipements",https://ted.europa.eu/fr/notice/-/detail/693951-2025,arques,6202C
774741-2025,2025-11-21,COMMUNE DE CARCASSONNE,"works,works","France – Travaux de construction de réseaux de chauffage urbain – DELEGATION DE SERVICE PUBLIC POUR LA CONCEPTION, LA RÉALISATION ET L EXPLOITATION DU RÉSEAU DE CHALEUR DU QUARTIER DE LA BASTIDE SAINT LOUIS SUR LA COMMUNE DE CARCASSONNE",https://ted.europa.eu/fr/notice/-/detail/774741-2025,carcassonne,1102C
781454-2025,2025-11-25,Mairie de Moirans,"services,services",France – Mise en état d'exploitation d'installations de chauffage – Marché d'exploitation maintenance et renouvellement du réseau de chaleur bois énergie sur la commune de Moirans,https://ted.europa.eu/fr/notice/-/detail/781454-2025,moirans,3824C
835396-2025,2025-12-16,Métropole du Grand Nancy,"services,services",France – Mise en état d'exploitation d'installations de chauffage – Délégation de Service Public pour le chauffage urbain de Vandoeuvre et sa périphérie,https://ted.europa.eu/fr/notice/-/detail/835396-2025,u grand nancy,5401C
835396-2025,2025-12-16,Métropole du Grand Nancy,"services,services",France – Mise en état d'exploitation d'installations de chauffage – Délégation de Service Public pour le chauffage urbain de Vandoeuvre et sa périphérie,https://ted.europa.eu/fr/notice/-/detail/835396-2025,u grand nancy,5403C
835396-2025,2025-12-16,Métropole du Grand Nancy,"services,services",France – Mise en état d'exploitation d'installations de chauffage – Délégation de Service Public pour le chauffage urbain de Vandoeuvre et sa périphérie,https://ted.europa.eu/fr/notice/-/detail/835396-2025,u grand nancy,5407C
835396-2025,2025-12-16,Métropole du Grand Nancy,"services,services",France – Mise en état d'exploitation d'installations de chauffage – Délégation de Service Public pour le chauffage urbain de Vandoeuvre et sa périphérie,https://ted.europa.eu/fr/notice/-/detail/835396-2025,u grand nancy,5410C
835396-2025,2025-12-16,Métropole du Grand Nancy,"services,services",France – Mise en état d'exploitation d'installations de chauffage – Délégation de Service Public pour le chauffage urbain de Vandoeuvre et sa périphérie,https://ted.europa.eu/fr/notice/-/detail/835396-2025,u grand nancy,5411C
835396-2025,2025-12-16,Métropole du Grand Nancy,"services,services",France – Mise en état d'exploitation d'installations de chauffage – Délégation de Service Public pour le chauffage urbain de Vandoeuvre et sa périphérie,https://ted.europa.eu/fr/notice/-/detail/835396-2025,u grand nancy,5413C
843241-2025,2025-12-18,Communauté d'agglomération Saint Germain Boucles de Seine,"works,works",France – Travaux de construction – CONCESSION DU SERVICE PUBLIC DE CHAUFFAGE URBAIN DE LA CASGBS SUR LE TERRITOIRE DE LA COMMUNE DE SARTROUVILLE,https://ted.europa.eu/fr/notice/-/detail/843241-2025,saint germain boucles de seine,7805C
843241-2025,2025-12-18,Communauté d'agglomération Saint Germain Boucles de Seine,"works,works",France – Travaux de construction – CONCESSION DU SERVICE PUBLIC DE CHAUFFAGE URBAIN DE LA CASGBS SUR LE TERRITOIRE DE LA COMMUNE DE SARTROUVILLE,https://ted.europa.eu/fr/notice/-/detail/843241-2025,saint germain boucles de seine,7811C
843241-2025,2025-12-18,Communauté d'agglomération Saint Germain Boucles de Seine,"works,works",France – Travaux de construction – CONCESSION DU SERVICE PUBLIC DE CHAUFFAGE URBAIN DE LA CASGBS SUR LE TERRITOIRE DE LA COMMUNE DE SARTROUVILLE,https://ted.europa.eu/fr/notice/-/detail/843241-2025,saint germain boucles de seine,9240C
843241-2025,2025-12-18,Communauté d'agglomération Saint Germain Boucles de Seine,"works,works",France – Travaux de construction – CONCESSION DU SERVICE PUBLIC DE CHAUFFAGE URBAIN DE LA CASGBS SUR LE TERRITOIRE DE LA COMMUNE DE SARTROUVILLE,https://ted.europa.eu/fr/notice/-/detail/843241-2025,saint germain boucles de seine,9509C
843241-2025,2025-12-18,Communauté d'agglomération Saint Germain Boucles de Seine,"works,works",France – Travaux de construction – CONCESSION DU SERVICE PUBLIC DE CHAUFFAGE URBAIN DE LA CASGBS SUR LE TERRITOIRE DE LA COMMUNE DE SARTROUVILLE,https://ted.europa.eu/fr/notice/-/detail/843241-2025,saint germain boucles de seine,9523C
853078-2025,2025-12-22,Communauté d'agglomération Saint Germain Boucles de Seine,"works,works",France – Travaux de construction – CONCESSION DU SERVICE PUBLIC DE CHAUFFAGE URBAIN DE LA CASGBS SUR LE TERRITOIRE DE LA COMMUNE DE SARTROUVILLE,https://ted.europa.eu/fr/notice/-/detail/853078-2025,saint germain boucles de seine,7805C
853078-2025,2025-12-22,Communauté d'agglomération Saint Germain Boucles de Seine,"works,works",France – Travaux de construction – CONCESSION DU SERVICE PUBLIC DE CHAUFFAGE URBAIN DE LA CASGBS SUR LE TERRITOIRE DE LA COMMUNE DE SARTROUVILLE,https://ted.europa.eu/fr/notice/-/detail/853078-2025,saint germain boucles de seine,7811C
853078-2025,2025-12-22,Communauté d'agglomération Saint Germain Boucles de Seine,"works,works",France – Travaux de construction – CONCESSION DU SERVICE PUBLIC DE CHAUFFAGE URBAIN DE LA CASGBS SUR LE TERRITOIRE DE LA COMMUNE DE SARTROUVILLE,https://ted.europa.eu/fr/notice/-/detail/853078-2025,saint germain boucles de seine,9240C
853078-2025,2025-12-22,Communauté d'agglomération Saint Germain Boucles de Seine,"works,works",France – Travaux de construction – CONCESSION DU SERVICE PUBLIC DE CHAUFFAGE URBAIN DE LA CASGBS SUR LE TERRITOIRE DE LA COMMUNE DE SARTROUVILLE,https://ted.europa.eu/fr/notice/-/detail/853078-2025,saint germain boucles de seine,9509C
853078-2025,2025-12-22,Communauté d'agglomération Saint Germain Boucles de Seine,"works,works",France – Travaux de construction – CONCESSION DU SERVICE PUBLIC DE CHAUFFAGE URBAIN DE LA CASGBS SUR LE TERRITOIRE DE LA COMMUNE DE SARTROUVILLE,https://ted.europa.eu/fr/notice/-/detail/853078-2025,saint germain boucles de seine,9523C
863948-2025,2025-12-26,COMMUNE DE CARCASSONNE,"works,works","France – Travaux de construction de réseaux de chauffage urbain – DELEGATION DE SERVICE PUBLIC POUR LA CONCEPTION, LA RÉALISATION ET L EXPLOITATION DU RÉSEAU DE CHALEUR DU QUARTIER DE LA BASTIDE SAINT LOUIS SUR LA COMMUNE DE CARCASSONNE",https://ted.europa.eu/fr/notice/-/detail/863948-2025,carcassonne,1102C
16529-2026,2026-01-12,Métropole Européenne de Lille,"services,services","France – Services de conception des systèmes de chauffage – CONCESSION DE SERVICE PUBLIC POUR LA CONCEPTION, LA REALISATION ET L'EXPLOITATION D'UN RESEAU DE CHALEUR URBAIN INTERCOMMUNAL (TOURCOING ET COMMUNES A PROXIMITE)",https://ted.europa.eu/fr/notice/-/detail/16529-2026,europeenne de lille,5901C
16529-2026,2026-01-12,Métropole Européenne de Lille,"services,services","France – Services de conception des systèmes de chauffage – CONCESSION DE SERVICE PUBLIC POUR LA CONCEPTION, LA REALISATION ET L'EXPLOITATION D'UN RESEAU DE CHALEUR URBAIN INTERCOMMUNAL (TOURCOING ET COMMUNES A PROXIMITE)",https://ted.europa.eu/fr/notice/-/detail/16529-2026,europeenne de lille,5904C
16529-2026,2026-01-12,Métropole Européenne de Lille,"services,services","France – Services de conception des systèmes de chauffage – CONCESSION DE SERVICE PUBLIC POUR LA CONCEPTION, LA REALISATION ET L'EXPLOITATION D'UN RESEAU DE CHALEUR URBAIN INTERCOMMUNAL (TOURCOING ET COMMUNES A PROXIMITE)",https://ted.europa.eu/fr/notice/-/detail/16529-2026,europeenne de lille,5905C
16529-2026,2026-01-12,Métropole Européenne de Lille,"services,services","France – Services de conception des systèmes de chauffage – CONCESSION DE SERVICE PUBLIC POUR LA CONCEPTION, LA REALISATION ET L'EXPLOITATION D'UN RESEAU DE CHALEUR URBAIN INTERCOMMUNAL (TOURCOING ET COMMUNES A PROXIMITE)",https://ted.europa.eu/fr/notice/-/detail/16529-2026,europeenne de lille,5906C
16529-2026,2026-01-12,Métropole Européenne de Lille,"services,services","France – Services de conception des systèmes de chauffage – CONCESSION DE SERVICE PUBLIC POUR LA CONCEPTION, LA REALISATION ET L'EXPLOITATION D'UN RESEAU DE CHALEUR URBAIN INTERCOMMUNAL (TOURCOING ET COMMUNES A PROXIMITE)",https://ted.europa.eu/fr/notice/-/detail/16529-2026,europeenne de lille,5907C
16529-2026,2026-01-12,Métropole Européenne de Lille,"services,services","France – Services de conception des systèmes de chauffage – CONCESSION DE SERVICE PUBLIC POUR LA CONCEPTION, LA REALISATION ET L'EXPLOITATION D'UN RESEAU DE CHALEUR URBAIN INTERCOMMUNAL (TOURCOING ET COMMUNES A PROXIMITE)",https://ted.europa.eu/fr/notice/-/detail/16529-2026,europeenne de lille,5909C
16529-2026,2026-01-12,Métropole Européenne de Lille,"services,services","France – Services de conception des systèmes de chauffage – CONCESSION DE SERVICE PUBLIC POUR LA CONCEPTION, LA REALISATION ET L'EXPLOITATION D'UN RESEAU DE CHALEUR URBAIN INTERCOMMUNAL (TOURCOING ET COMMUNES A PROXIMITE)",https://ted.europa.eu/fr/notice/-/detail/16529-2026,europeenne de lille,5910C
16529-2026,2026-01-12,Métropole Européenne de Lille,"services,services","France – Services de conception des systèmes de chauffage – CONCESSION DE SERVICE PUBLIC POUR LA CONCEPTION, LA REALISATION ET L'EXPLOITATION D'UN RESEAU DE CHALEUR URBAIN INTERCOMMUNAL (TOURCOING ET COMMUNES A PROXIMITE)",https://ted.europa.eu/fr/notice/-/detail/16529-2026,europeenne de lille,5911C
16529-2026,2026-01-12,Métropole Européenne de Lille,"services,services","France – Services de conception des systèmes de chauffage – CONCESSION DE SERVICE PUBLIC POUR LA CONCEPTION, LA REALISATION ET L'EXPLOITATION D'UN RESEAU DE CHALEUR URBAIN INTERCOMMUNAL (TOURCOING ET COMMUNES A PROXIMITE)",https://ted.europa.eu/fr/notice/-/detail/16529-2026,europeenne de lille,5917C
16529-2026,2026-01-12,Métropole Européenne de Lille,"services,services","France – Services de conception des systèmes de chauffage – CONCESSION DE SERVICE PUBLIC POUR LA CONCEPTION, LA REALISATION ET L'EXPLOITATION D'UN RESEAU DE CHALEUR URBAIN INTERCOMMUNAL (TOURCOING ET COMMUNES A PROXIMITE)",https://ted.europa.eu/fr/notice/-/detail/16529-2026,europeenne de lille,5925C
16529-2026,2026-01-12,Métropole Européenne de Lille,"services,services","France – Services de conception des systèmes de chauffage – CONCESSION DE SERVICE PUBLIC POUR LA CONCEPTION, LA REALISATION ET L'EXPLOITATION D'UN RESEAU DE CHALEUR URBAIN INTERCOMMUNAL (TOURCOING ET COMMUNES A PROXIMITE)",https://ted.europa.eu/fr/notice/-/detail/16529-2026,europeenne de lille,5926C
16529-2026,2026-01-12,Métropole Européenne de Lille,"services,services","France – Services de conception des systèmes de chauffage – CONCESSION DE SERVICE PUBLIC POUR LA CONCEPTION, LA REALISATION ET L'EXPLOITATION D'UN RESEAU DE CHALEUR URBAIN INTERCOMMUNAL (TOURCOING ET COMMUNES A PROXIMITE)",https://ted.europa.eu/fr/notice/-/detail/16529-2026,europeenne de lille,5927C
16529-2026,2026-01-12,Métropole Européenne de Lille,"services,services","France – Services de conception des systèmes de chauffage – CONCESSION DE SERVICE PUBLIC POUR LA CONCEPTION, LA REALISATION ET L'EXPLOITATION D'UN RESEAU DE CHALEUR URBAIN INTERCOMMUNAL (TOURCOING ET COMMUNES A PROXIMITE)",https://ted.europa.eu/fr/notice/-/detail/16529-2026,europeenne de lille,5928C
16529-2026,2026-01-12,Métropole Européenne de Lille,"services,services","France – Services de conception des systèmes de chauffage – CONCESSION DE SERVICE PUBLIC POUR LA CONCEPTION, LA REALISATION ET L'EXPLOITATION D'UN RESEAU DE CHALEUR URBAIN INTERCOMMUNAL (TOURCOING ET COMMUNES A PROXIMITE)",https://ted.europa.eu/fr/notice/-/detail/16529-2026,europeenne de lille,5918C
16529-2026,2026-01-12,Métropole Européenne de Lille,"services,services","France – Services de conception des systèmes de chauffage – CONCESSION DE SERVICE PUBLIC POUR LA CONCEPTION, LA REALISATION ET L'EXPLOITATION D'UN RESEAU DE CHALEUR URBAIN INTERCOMMUNAL (TOURCOING ET COMMUNES A PROXIMITE)",https://ted.europa.eu/fr/notice/-/detail/16529-2026,europeenne de lille,5919C
69445-2026,2026-01-30,Tulle Agglo (19),"services,services","France – Mise en état d'exploitation d'installations de chauffage – Contrat de concession pour la création, la gestion et l'exploitation d'un réseau de chaleur renouvelable sur la ville de Tulle",https://ted.europa.eu/fr/notice/-/detail/69445-2026,tulle agglo,1906C
69445-2026,2026-01-30,Tulle Agglo (19),"services,services","France – Mise en état d'exploitation d'installations de chauffage – Contrat de concession pour la création, la gestion et l'exploitation d'un réseau de chaleur renouvelable sur la ville de Tulle",https://ted.europa.eu/fr/notice/-/detail/69445-2026,tulle agglo,6317C
151941-2026,2026-03-04,Toulouse Métropole,,France – Chauffage urbain – Délégation de service public,https://ted.europa.eu/fr/notice/-/detail/151941-2026,toulouse metropole,3101C
151941-2026,2026-03-04,Toulouse Métropole,,France – Chauffage urbain – Délégation de service public,https://ted.europa.eu/fr/notice/-/detail/151941-2026,toulouse metropole,3102C
151941-2026,2026-03-04,Toulouse Métropole,,France – Chauffage urbain – Délégation de service public,https://ted.europa.eu/fr/notice/-/detail/151941-2026,toulouse metropole,3103C
151941-2026,2026-03-04,Toulouse Métropole,,France – Chauffage urbain – Délégation de service public,https://ted.europa.eu/fr/notice/-/detail/151941-2026,toulouse metropole,3104C
151941-2026,2026-03-04,Toulouse Métropole,,France – Chauffage urbain – Délégation de service public,https://ted.europa.eu/fr/notice/-/detail/151941-2026,toulouse metropole,3106C
151941-2026,2026-03-04,Toulouse Métropole,,France – Chauffage urbain – Délégation de service public,https://ted.europa.eu/fr/notice/-/detail/151941-2026,toulouse metropole,3107C
151941-2026,2026-03-04,Toulouse Métropole,,France – Chauffage urbain – Délégation de service public,https://ted.europa.eu/fr/notice/-/detail/151941-2026,toulouse metropole,3112C
151941-2026,2026-03-04,Toulouse Métropole,,France – Chauffage urbain – Délégation de service public,https://ted.europa.eu/fr/notice/-/detail/151941-2026,toulouse metropole,3114C
173897-2026,2026-03-12,TOULOUSE METROPOLE,,France – Services de conception des systèmes de chauffage – Délégation de service public,https://ted.europa.eu/fr/notice/-/detail/173897-2026,toulouse metropole,3101C
173897-2026,2026-03-12,TOULOUSE METROPOLE,,France – Services de conception des systèmes de chauffage – Délégation de service public,https://ted.europa.eu/fr/notice/-/detail/173897-2026,toulouse metropole,3102C
173897-2026,2026-03-12,TOULOUSE METROPOLE,,France – Services de conception des systèmes de chauffage – Délégation de service public,https://ted.europa.eu/fr/notice/-/detail/173897-2026,toulouse metropole,3103C
173897-2026,2026-03-12,TOULOUSE METROPOLE,,France – Services de conception des systèmes de chauffage – Délégation de service public,https://ted.europa.eu/fr/notice/-/detail/173897-2026,toulouse metropole,3104C
173897-2026,2026-03-12,TOULOUSE METROPOLE,,France – Services de conception des systèmes de chauffage – Délégation de service public,https://ted.europa.eu/fr/notice/-/detail/173897-2026,toulouse metropole,3106C
173897-2026,2026-03-12,TOULOUSE METROPOLE,,France – Services de conception des systèmes de chauffage – Délégation de service public,https://ted.europa.eu/fr/notice/-/detail/173897-2026,toulouse metropole,3107C
173897-2026,2026-03-12,TOULOUSE METROPOLE,,France – Services de conception des systèmes de chauffage – Délégation de service public,https://ted.europa.eu/fr/notice/-/detail/173897-2026,toulouse metropole,3112C
173897-2026,2026-03-12,TOULOUSE METROPOLE,,France – Services de conception des systèmes de chauffage – Délégation de service public,https://ted.europa.eu/fr/notice/-/detail/173897-2026,toulouse metropole,3114C
179953-2026,2026-03-16,Ville de Blois (41),"services,supplies",France – Mise en état d'exploitation d'installations de chauffage – Marché public d’exploitation du réseau public de chauffage urbain des quartiers provinces laplace,https://ted.europa.eu/fr/notice/-/detail/179953-2026,blois,4101C
179953-2026,2026-03-16,Ville de Blois (41),"services,supplies",France – Mise en état d'exploitation d'installations de chauffage – Marché public d’exploitation du réseau public de chauffage urbain des quartiers provinces laplace,https://ted.europa.eu/fr/notice/-/detail/179953-2026,blois,4106C
191750-2026,2026-03-19,Commune de Fourmies (59),"services,works,services,works","France – Mise en état d'exploitation d'installations de chauffage – DELEGATION DE SERVICE PUBLIC POUR LA CONCEPTION, LA CONSTRUCTION, LE FINANCEMENT ET L'EXPLOITATION DU RESEAU DE CHALEUR URBAIN DE LA VILLE DE FOURMIES",https://ted.europa.eu/fr/notice/-/detail/191750-2026,fourmies,5923C
313284-2026,2026-05-07,Métropole Rouen Normandie,"works,works","France – Travaux de construction de réseaux de chauffage urbain – Conception, réalisation et exploitation maintenance du réseau de chaleur de Cléon-Saint-Aubin-lès-Elbeuf",https://ted.europa.eu/fr/notice/-/detail/313284-2026,rouen normandie,7601C
313284-2026,2026-05-07,Métropole Rouen Normandie,"works,works","France – Travaux de construction de réseaux de chauffage urbain – Conception, réalisation et exploitation maintenance du réseau de chaleur de Cléon-Saint-Aubin-lès-Elbeuf",https://ted.europa.eu/fr/notice/-/detail/313284-2026,rouen normandie,7605C
313284-2026,2026-05-07,Métropole Rouen Normandie,"works,works","France – Travaux de construction de réseaux de chauffage urbain – Conception, réalisation et exploitation maintenance du réseau de chaleur de Cléon-Saint-Aubin-lès-Elbeuf",https://ted.europa.eu/fr/notice/-/detail/313284-2026,rouen normandie,7606C
313284-2026,2026-05-07,Métropole Rouen Normandie,"works,works","France – Travaux de construction de réseaux de chauffage urbain – Conception, réalisation et exploitation maintenance du réseau de chaleur de Cléon-Saint-Aubin-lès-Elbeuf",https://ted.europa.eu/fr/notice/-/detail/313284-2026,rouen normandie,7607C
313284-2026,2026-05-07,Métropole Rouen Normandie,"works,works","France – Travaux de construction de réseaux de chauffage urbain – Conception, réalisation et exploitation maintenance du réseau de chaleur de Cléon-Saint-Aubin-lès-Elbeuf",https://ted.europa.eu/fr/notice/-/detail/313284-2026,rouen normandie,7608C
313284-2026,2026-05-07,Métropole Rouen Normandie,"works,works","France – Travaux de construction de réseaux de chauffage urbain – Conception, réalisation et exploitation maintenance du réseau de chaleur de Cléon-Saint-Aubin-lès-Elbeuf",https://ted.europa.eu/fr/notice/-/detail/313284-2026,rouen normandie,7612C
313284-2026,2026-05-07,Métropole Rouen Normandie,"works,works","France – Travaux de construction de réseaux de chauffage urbain – Conception, réalisation et exploitation maintenance du réseau de chaleur de Cléon-Saint-Aubin-lès-Elbeuf",https://ted.europa.eu/fr/notice/-/detail/313284-2026,rouen normandie,7614C
313284-2026,2026-05-07,Métropole Rouen Normandie,"works,works","France – Travaux de construction de réseaux de chauffage urbain – Conception, réalisation et exploitation maintenance du réseau de chaleur de Cléon-Saint-Aubin-lès-Elbeuf",https://ted.europa.eu/fr/notice/-/detail/313284-2026,rouen normandie,7615C
313284-2026,2026-05-07,Métropole Rouen Normandie,"works,works","France – Travaux de construction de réseaux de chauffage urbain – Conception, réalisation et exploitation maintenance du réseau de chaleur de Cléon-Saint-Aubin-lès-Elbeuf",https://ted.europa.eu/fr/notice/-/detail/313284-2026,rouen normandie,7619C
313284-2026,2026-05-07,Métropole Rouen Normandie,"works,works","France – Travaux de construction de réseaux de chauffage urbain – Conception, réalisation et exploitation maintenance du réseau de chaleur de Cléon-Saint-Aubin-lès-Elbeuf",https://ted.europa.eu/fr/notice/-/detail/313284-2026,rouen normandie,7620C
325439-2026,2026-05-12,Communauté urbaine du Grand Reims,"services,works,services,works",France – Services de traitement et d'élimination des ordures ménagères et des déchets non dangereux – Concession de service public pour l’exploitation du centre de valorisation énergétique (CVE) et du réseau de chaleur d’interconnexion situé à Reims.,https://ted.europa.eu/fr/notice/-/detail/325439-2026,u grand reims,5101C
325439-2026,2026-05-12,Communauté urbaine du Grand Reims,"services,works,services,works",France – Services de traitement et d'élimination des ordures ménagères et des déchets non dangereux – Concession de service public pour l’exploitation du centre de valorisation énergétique (CVE) et du réseau de chaleur d’interconnexion situé à Reims.,https://ted.europa.eu/fr/notice/-/detail/325439-2026,u grand reims,5106C
325439-2026,2026-05-12,Communauté urbaine du Grand Reims,"services,works,services,works",France – Services de traitement et d'élimination des ordures ménagères et des déchets non dangereux – Concession de service public pour l’exploitation du centre de valorisation énergétique (CVE) et du réseau de chaleur d’interconnexion situé à Reims.,https://ted.europa.eu/fr/notice/-/detail/325439-2026,u grand reims,5108C
428014-2026,2026-06-22,Ville de Saumur (49),"services,services",France – Mise en état d'exploitation d'installations de chauffage – Exploitation réseau de chaleur urbain CALEO (P1P2P3),https://ted.europa.eu/fr/notice/-/detail/428014-2026,saumur,4905C
448426-2026,2026-06-30,METROPOLE NICE CÔTE D'AZUR,"services,services",France – Services de conception des systèmes de chauffage – Concession de service public concernant la création et l'exploitation d'un réseau thermique urbain sur thalassothermie à Nice,https://ted.europa.eu/fr/notice/-/detail/448426-2026,nice cote d azur,0602C
448426-2026,2026-06-30,METROPOLE NICE CÔTE D'AZUR,"services,services",France – Services de conception des systèmes de chauffage – Concession de service public concernant la création et l'exploitation d'un réseau thermique urbain sur thalassothermie à Nice,https://ted.europa.eu/fr/notice/-/detail/448426-2026,nice cote d azur,0606C
448426-2026,2026-06-30,METROPOLE NICE CÔTE D'AZUR,"services,services",France – Services de conception des systèmes de chauffage – Concession de service public concernant la création et l'exploitation d'un réseau thermique urbain sur thalassothermie à Nice,https://ted.europa.eu/fr/notice/-/detail/448426-2026,nice cote d azur,0609C
448426-2026,2026-06-30,METROPOLE NICE CÔTE D'AZUR,"services,services",France – Services de conception des systèmes de chauffage – Concession de service public concernant la création et l'exploitation d'un réseau thermique urbain sur thalassothermie à Nice,https://ted.europa.eu/fr/notice/-/detail/448426-2026,nice cote d azur,0605C
448426-2026,2026-06-30,METROPOLE NICE CÔTE D'AZUR,"services,services",France – Services de conception des systèmes de chauffage – Concession de service public concernant la création et l'exploitation d'un réseau thermique urbain sur thalassothermie à Nice,https://ted.europa.eu/fr/notice/-/detail/448426-2026,nice cote d azur,0611C
478735-2026,2026-07-10,Mairie de Suresnes,"services,services","France – Autres sources d'approvisionnement en énergie et leur distribution – Délégation de service public pour la production, le transport et la distribution de chaleur",https://ted.europa.eu/fr/notice/-/detail/478735-2026,suresnes,9222C
514321-2026,2026-07-24,Communauté d'agglomération Vitré Communauté,"services,services","France – Services de conception des systèmes de chauffage – Concession de service public pour la conception, la réalisation, le financement et l’exploitation d’un réseau de chaleur sur la ville de Vitré",https://ted.europa.eu/fr/notice/-/detail/514321-2026,vitre communaute,0301C
514321-2026,2026-07-24,Communauté d'agglomération Vitré Communauté,"services,services","France – Services de conception des systèmes de chauffage – Concession de service public pour la conception, la réalisation, le financement et l’exploitation d’un réseau de chaleur sur la ville de Vitré",https://ted.europa.eu/fr/notice/-/detail/514321-2026,vitre communaute,3510C
514321-2026,2026-07-24,Communauté d'agglomération Vitré Communauté,"services,services","France – Services de conception des systèmes de chauffage – Concession de service public pour la conception, la réalisation, le financement et l’exploitation d’un réseau de chaleur sur la ville de Vitré",https://ted.europa.eu/fr/notice/-/detail/514321-2026,vitre communaute,3516C
514321-2026,2026-07-24,Communauté d'agglomération Vitré Communauté,"services,services","France – Services de conception des systèmes de chauffage – Concession de service public pour la conception, la réalisation, le financement et l’exploitation d’un réseau de chaleur sur la ville de Vitré",https://ted.europa.eu/fr/notice/-/detail/514321-2026,vitre communaute,0309C
514321-2026,2026-07-24,Communauté d'agglomération Vitré Communauté,"services,services","France – Services de conception des systèmes de chauffage – Concession de service public pour la conception, la réalisation, le financement et l’exploitation d’un réseau de chaleur sur la ville de Vitré",https://ted.europa.eu/fr/notice/-/detail/514321-2026,vitre communaute,3519C
554801-2026,2026-08-11,Commune de Vélizy-Villacoublay,"services,services","France – Services de gestion de l'énergie – Contrat de concession relatif au service public de chauffage urbain, pour la production, le transport et la distribution de chaleur à Vélizy-Villacoublay",https://ted.europa.eu/fr/notice/-/detail/554801-2026,velizy villacoublay,7809C
554801-2026,2026-08-11,Commune de Vélizy-Villacoublay,"services,services","France – Services de gestion de l'énergie – Contrat de concession relatif au service public de chauffage urbain, pour la production, le transport et la distribution de chaleur à Vélizy-Villacoublay",https://ted.europa.eu/fr/notice/-/detail/554801-2026,velizy villacoublay,7820C
634249-2026,2026-09-15,Ville de Saumur (49),"services,services",France – Mise en état d'exploitation d'installations de chauffage – Exploitation réseau de chaleur urbain CALEO (P1P2P3),https://ted.europa.eu/fr/notice/-/detail/634249-2026,saumur,4905C
691918-2026,2026-10-07,Tours Métropole Val de Loire,"services,services","France – Autres sources d'approvisionnement en énergie et leur distribution – Concession de service public pour la conception, la réalisation et l'exploitation de réseaux de chaleur sur Tours Nord/Saint-Cyr-sur-Loire et sur Ballan-Miré, Lyunes et Mettray.",https://ted.europa.eu/fr/notice/-/detail/691918-2026,tours metropole val de loire,3701C
691918-2026,2026-10-07,Tours Métropole Val de Loire,"services,services","France – Autres sources d'approvisionnement en énergie et leur distribution – Concession de service public pour la conception, la réalisation et l'exploitation de réseaux de chaleur sur Tours Nord/Saint-Cyr-sur-Loire et sur Ballan-Miré, Lyunes et Mettray.",https://ted.europa.eu/fr/notice/-/detail/691918-2026,tours metropole val de loire,3702C
691918-2026,2026-10-07,Tours Métropole Val de Loire,"services,services","France – Autres sources d'approvisionnement en énergie et leur distribution – Concession de service public pour la conception, la réalisation et l'exploitation de réseaux de chaleur sur Tours Nord/Saint-Cyr-sur-Loire et sur Ballan-Miré, Lyunes et Mettray.",https://ted.europa.eu/fr/notice/-/detail/691918-2026,tours metropole val de loire,3704C
691918-2026,2026-10-07,Tours Métropole Val de Loire,"services,services","France – Autres sources d'approvisionnement en énergie et leur distribution – Concession de service public pour la conception, la réalisation et l'exploitation de réseaux de chaleur sur Tours Nord/Saint-Cyr-sur-Loire et sur Ballan-Miré, Lyunes et Mettray.",https://ted.europa.eu/fr/notice/-/detail/691918-2026,tours metropole val de loire,3705C
691918-2026,2026-10-07,Tours Métropole Val de Loire,"services,services","France – Autres sources d'approvisionnement en énergie et leur distribution – Concession de service public pour la conception, la réalisation et l'exploitation de réseaux de chaleur sur Tours Nord/Saint-Cyr-sur-Loire et sur Ballan-Miré, Lyunes et Mettray.",https://ted.europa.eu/fr/notice/-/detail/691918-2026,tours metropole val de loire,3708C
691918-2026,2026-10-07,Tours Métropole Val de Loire,"services,services","France – Autres sources d'approvisionnement en énergie et leur distribution – Concession de service public pour la conception, la réalisation et l'exploitation de réseaux de chaleur sur Tours Nord/Saint-Cyr-sur-Loire et sur Ballan-Miré, Lyunes et Mettray.",https://ted.europa.eu/fr/notice/-/detail/691918-2026,tours metropole val de loire,3709C
691918-2026,2026-10-07,Tours Métropole Val de Loire,"services,services","France – Autres sources d'approvisionnement en énergie et leur distribution – Concession de service public pour la conception, la réalisation et l'exploitation de réseaux de chaleur sur Tours Nord/Saint-Cyr-sur-Loire et sur Ballan-Miré, Lyunes et Mettray.",https://ted.europa.eu/fr/notice/-/detail/691918-2026,tours metropole val de loire,3712C
691918-2026,2026-10-07,Tours Métropole Val de Loire,"services,services","France – Autres sources d'approvisionnement en énergie et leur distribution – Concession de service public pour la conception, la réalisation et l'exploitation de réseaux de chaleur sur Tours Nord/Saint-Cyr-sur-Loire et sur Ballan-Miré, Lyunes et Mettray.",https://ted.europa.eu/fr/notice/-/detail/691918-2026,tours metropole val de loire,3713C
691918-2026,2026-10-07,Tours Métropole Val de Loire,"services,services","France – Autres sources d'approvisionnement en énergie et leur distribution – Concession de service public pour la conception, la réalisation et l'exploitation de réseaux de chaleur sur Tours Nord/Saint-Cyr-sur-Loire et sur Ballan-Miré, Lyunes et Mettray.",https://ted.europa.eu/fr/notice/-/detail/691918-2026,tours metropole val de loire,3714C
691918-2026,2026-10-07,Tours Métropole Val de Loire,"services,services","France – Autres sources d'approvisionnement en énergie et leur distribution – Concession de service public pour la conception, la réalisation et l'exploitation de réseaux de chaleur sur Tours Nord/Saint-Cyr-sur-Loire et sur Ballan-Miré, Lyunes et Mettray.",https://ted.europa.eu/fr/notice/-/detail/691918-2026,tours metropole val de loire,3710C
691918-2026,2026-10-07,Tours Métropole Val de Loire,"services,services","France – Autres sources d'approvisionnement en énergie et leur distribution – Concession de service public pour la conception, la réalisation et l'exploitation de réseaux de chaleur sur Tours Nord/Saint-Cyr-sur-Loire et sur Ballan-Miré, Lyunes et Mettray.",https://ted.europa.eu/fr/notice/-/detail/691918-2026,tours metropole val de loire,3711C
